Workbook
Name _P: #REF!
Name basic: #REF!
Name Company: #REF!
Name CurrYr: [1]HQ!$B$19
Name CurrYr: [2]HQ!$B$19
Name CurrYrFCVersion: [1]HQ!$B$20
Name CurrYrFCVersion: [2]HQ!$B$20
Name dental: #REF!
Name dentcode: #REF!
Name Depart: #REF!
Name Facility: #REF!
Name FillColMatch: '[1]OC-Fill'!$B$1:$NB$1
Name FillColMatch: '[2]OC-Fill'!$B$1:$NB$1
Name FillDataArray: INDIRECT(RIGHT('[1]OC-Fill'!$NI$6,LEN('[1]OC-Fill'!$NI$6)-1))
Name FillDataArray: INDIRECT(RIGHT('[2]OC-Fill'!$NI$6,LEN('[2]OC-Fill'!$NI$6)-1))
Name FillRowMatch: INDIRECT(RIGHT('[1]OC-Fill'!$NI$7,LEN('[1]OC-Fill'!$NI$7)-1))
Name FillRowMatch: INDIRECT(RIGHT('[2]OC-Fill'!$NI$7,LEN('[2]OC-Fill'!$NI$7)-1))
Name FillSNFColMatch: '[1]OC-SNF Fill'!$B$1:$CX$1
Name FillSNFColMatch: '[2]OC-SNF Fill'!$B$1:$ET$1
Name FillSNFDataArray: '[1]OC-SNF Fill'!$B$9:$CX$15
Name FillSNFDataArray: '[2]OC-SNF Fill'!$B$9:$ET$30
Name FillSNFRowMatch: '[1]OC-SNF Fill'!$CZ$9:$CZ$15
Name FillSNFRowMatch: '[2]OC-SNF Fill'!$EV$9:$EV$30
Name health: #REF!
Name jobcode: #REF!
Name MainColMatch: '[1]OC-Main'!$B$1:$LD$1
Name MainColMatch: '[2]OC-Main'!$B$1:$LS$1
Name MainDataArray: '[1]OC-Main'!$B$9:$LD$74
Name MainDataArray: '[2]OC-Main'!$B$9:$LS$74
Name MainRowMatch: '[1]OC-Main'!$LE$9:$LE$74
Name MainRowMatch: '[2]OC-Main'!$LT$9:$LT$74
Name medcode: #REF!
Name NextYr: [1]HQ!$B$21
Name NextYr: [2]HQ!$B$21
Name parttm: #REF!
Name pension: #REF!
Name RaiseColMatch: '[1]OC-Raise'!$B$1:$D$1
Name RaiseColMatch: '[2]OC-Raise'!$B$1:$D$1
Name RaiseDataArray: INDIRECT(RIGHT('[1]OC-Raise'!$I$2,LEN('[1]OC-Raise'!$I$2)-1))
Name RaiseDataArray: INDIRECT(RIGHT('[2]OC-Raise'!$I$2,LEN('[2]OC-Raise'!$I$2)-1))
Name RaiseRowMatch: INDIRECT(RIGHT('[1]OC-Raise'!$I$3,LEN('[1]OC-Raise'!$I$3)-1))
Name RaiseRowMatch: INDIRECT(RIGHT('[2]OC-Raise'!$I$3,LEN('[2]OC-Raise'!$I$3)-1))
Name vachrs: #REF!
Name WASbasic: #REF!
Name WASmeddent: #REF!
Name workcomp: #REF!
Name workcompclass: #REF!

Sheet CrossfireHiddenWorksheet
A3: 84221d58-7537-44f4-90dc-604bd307e526 | B3: 53db68a9-4703-4f32-b1c0-58314592b1f6 | C3: 27bafa95-35d5-46f4-a19f-bec473f489f7
A4: 1 | B4: 7 | C4: 13
A5: ='OC-SNF PMix Anc Days'!$6:$6 -> 100-61 Skilled Nursing Facility | B5: 13 | C5: ='OC-SNF PMix Anc Days'!$D:$D -> Jan-2025 | D5: 1 | E5: ='OC-SNF PMix Anc Days'!$D$4 -> Budget 2025 | F5: 459 | G5: ='OC-Days'!$14:$14 -> Dec-2022 | H5: 1 | I5: ='OC-Days'!$B:$B -> 31 | J5: 37 | M5: ='OC-Res Days'!$6:$6 -> 2185.5 | N5: 13 | O5: ='OC-Res Days'!$B:$B -> Jan-2025 | P5: 1 | Q5: ='OC-Res Days'!$B$4 -> Budget 2025 | R5: 55
A6: ='OC-SNF PMix Anc Days'!$7:$7 -> 100-61 Skilled Nursing Facility | B6: 14 | C6: ='OC-SNF PMix Anc Days'!$E:$E -> 55.86 | D6: 2 | E6: ='OC-SNF PMix Anc Days'!$E$4 -> Budget 2025 | F6: 460 | G6: ='OC-Days'!$13:$13 -> Nov-2022 | H6: 2 | M6: ='OC-Res Days'!$7:$7 -> 1302 | N6: 217 | O6: ='OC-Res Days'!$C:$C -> 1974 | P6: 2 | Q6: ='OC-Res Days'!$C$4 -> Budget 2025 | R6: 56
A7: ='OC-SNF PMix Anc Days'!$8:$8 -> 100-61 Skilled Nursing Facility | B7: 15 | C7: ='OC-SNF PMix Anc Days'!$F:$F -> 0 | D7: 3 | E7: ='OC-SNF PMix Anc Days'!$F$4 -> Budget 2025 | F7: 461 | G7: ='OC-Days'!$12:$12 -> Oct-2022 | H7: 3 | M7: ='OC-Res Days'!$8:$8 -> 2077 | N7: 218 | O7: ='OC-Res Days'!$D:$D -> 1302 | P7: 3 | Q7: ='OC-Res Days'!$D$4 -> Budget 2025 | R7: 57
A8: ='OC-SNF PMix Anc Days'!$9:$9 -> 100-61 Skilled Nursing Facility | B8: 16 | C8: ='OC-SNF PMix Anc Days'!$G:$G -> 2550.009 | D8: 4 | E8: ='OC-SNF PMix Anc Days'!$G$4 -> Budget 2025 | F8: 462 | G8: ='OC-Days'!$11:$11 -> Sep-2022 | H8: 4 | M8: ='OC-Res Days'!$9:$9 -> 5270 | N8: 219 | O8: ='OC-Res Days'!$E:$E -> 1860 | P8: 4 | Q8: ='OC-Res Days'!$E$4 -> Budget 2025 | R8: 58
A9: ='OC-SNF PMix Anc Days'!$10:$10 -> 100-61 Skilled Nursing Facility | B9: 17 | C9: ='OC-SNF PMix Anc Days'!$H:$H -> 0 | D9: 5 | E9: ='OC-SNF PMix Anc Days'!$H$4 -> Budget 2025 | F9: 463 | G9: ='OC-Days'!$10:$10 -> Aug-2022 | H9: 5 | M9: ='OC-Res Days'!$10:$10 -> 2790 | N9: 220 | O9: ='OC-Res Days'!$F:$F -> 5053 | P9: 5 | Q9: ='OC-Res Days'!$F$4 -> Budget 2025 | R9: 59
A10: ='OC-SNF PMix Anc Days'!$11:$11 -> 100-61 Skilled Nursing Facility | B10: 18 | C10: ='OC-SNF PMix Anc Days'!$I:$I -> 1289.967 | D10: 6 | E10: ='OC-SNF PMix Anc Days'!$I$4 -> Budget 2025 | F10: 464 | G10: ='OC-Days'!$9:$9 -> Jul-2022 | H10: 6 | M10: ='OC-Res Days'!$11:$11 -> 1798 | N10: 221 | O10: ='OC-Res Days'!$G:$G -> 2700 | P10: 6 | Q10: ='OC-Res Days'!$G$4 -> Budget 2025 | R10: 60
A11: ='OC-SNF PMix Anc Days'!$12:$12 -> 100-62 Skilled Nursing - TCU | B11: 19 | C11: ='OC-SNF PMix Anc Days'!$J:$J -> 93.1798 | D11: 7 | E11: ='OC-SNF PMix Anc Days'!$J$4 -> Budget 2025 | F11: 465 | G11: ='OC-Days'!$8:$8 -> Jun-2022 | H11: 7 | M11: ='OC-Res Days'!$12:$12 -> 3100 | N11: 222 | O11: ='OC-Res Days'!$H:$H -> 1798 | P11: 7 | Q11: ='OC-Res Days'!$H$4 -> Budget 2025 | R11: 61
A12: ='OC-SNF PMix Anc Days'!$13:$13 -> 100-62 Skilled Nursing - TCU | B12: 20 | C12: ='OC-SNF PMix Anc Days'!$K:$K -> 1054.062 | D12: 8 | E12: ='OC-SNF PMix Anc Days'!$K$4 -> Budget 2025 | F12: 466 | G12: ='OC-Days'!$7:$7 -> May-2022 | H12: 8 | M12: ='OC-Res Days'!$13:$13 -> 2635 | N12: 223 | O12: ='OC-Res Days'!$I:$I -> 3069 | P12: 8 | Q12: ='OC-Res Days'!$I$4 -> Budget 2025 | R12: 62
A13: ='OC-SNF PMix Anc Days'!$14:$14 -> 100-62 Skilled Nursing - TCU | B13: 21 | C13: ='OC-SNF PMix Anc Days'!$L:$L -> 270 | D13: 9 | E13: ='OC-SNF PMix Anc Days'!$L$4 -> Budget 2025 | F13: 467 | G13: ='OC-Days'!$6:$6 -> Apr-2022 | H13: 9 | M13: ='OC-Res Days'!$14:$14 -> 3844 | N13: 224 | O13: ='OC-Res Days'!$J:$J -> 2520 | P13: 9 | Q13: ='OC-Res Days'!$J$4 -> Budget 2025 | R13: 63
A14: ='OC-SNF PMix Anc Days'!$15:$15 -> 100-62 Skilled Nursing - TCU | B14: 22 | C14: ='OC-SNF PMix Anc Days'!$M:$M -> 0 | D14: 10 | E14: ='OC-SNF PMix Anc Days'!$M$4 -> Budget 2025 | F14: 468 | G14: ='OC-Days'!$5:$5 -> Mar-2022 | H14: 10 | M14: ='OC-Res Days'!$15:$15 -> 4123 | N14: 225 | O14: ='OC-Res Days'!$K:$K -> 3844 | P14: 10 | Q14: ='OC-Res Days'!$K$4 -> Budget 2025 | R14: 64
A15: ='OC-SNF PMix Anc Days'!$16:$16 -> 100-62 Skilled Nursing - TCU | B15: 23 | C15: ='OC-SNF PMix Anc Days'!$N:$N -> 59.94 | D15: 11 | E15: ='OC-SNF PMix Anc Days'!$N$4 -> Budget 2025 | F15: 469 | G15: ='OC-Days'!$4:$4 -> Feb-2022 | H15: 11 | M15: ='OC-Res Days'!$16:$16 -> 1395 | N15: 226 | O15: ='OC-Res Days'!$L:$L -> 3990 | P15: 11 | Q15: ='OC-Res Days'!$L$4 -> Budget 2025 | R15: 65
A16: ='OC-SNF PMix Anc Days'!$17:$17 -> 100-62 Skilled Nursing - TCU | B16: 24 | C16: ='OC-SNF PMix Anc Days'!$O:$O -> 0 | D16: 12 | E16: ='OC-SNF PMix Anc Days'!$O$4 -> Budget 2025 | F16: 470 | G16: ='OC-Days'!$3:$3 -> Jan-2022 | H16: 12 | M16: ='OC-Res Days'!$17:$17 -> 30519.5 | N16: 227 | O16: ='OC-Res Days'!$M:$M -> 1395 | P16: 12 | Q16: ='OC-Res Days'!$M$4 -> Budget 2025 | R16: 66
A17: ='OC-SNF PMix Anc Days'!$18:$18 -> 200-61 Skilled Nursing Facility | B17: 25 | E17: ='OC-SNF PMix Anc Days'!$D$5 -> Jan-2025 | F17: 471 | G17: ='OC-Days'!$26:$26 -> Dec-2023 | H17: 13 | M17: ='OC-Res Days'!$18:$18 -> 2201 | N17: 228 | O17: ='OC-Res Days'!$O:$O -> 958.5 | P17: 359 | Q17: ='OC-Res Days'!$B$5 -> Jan-2025 | R17: 67
A18: ='OC-SNF PMix Anc Days'!$19:$19 -> 200-61 Skilled Nursing Facility | B18: 26 | E18: ='OC-SNF PMix Anc Days'!$E$5 -> Feb-2025 | F18: 472 | G18: ='OC-Days'!$25:$25 -> Nov-2023 | H18: 14 | M18: ='OC-Res Days'!$19:$19 -> 4154 | N18: 229 | O18: ='OC-Res Days'!$P:$P -> 71 | P18: 360 | Q18: ='OC-Res Days'!$C$5 -> Feb-2025 | R18: 68
A19: ='OC-SNF PMix Anc Days'!$20:$20 -> 200-61 Skilled Nursing Facility | B19: 27 | E19: ='OC-SNF PMix Anc Days'!$F$5 -> Mar-2025 | F19: 473 | G19: ='OC-Days'!$24:$24 -> Oct-2023 | H19: 15 | M19: ='OC-Res Days'!$20:$20 -> 2573 | N19: 230 | O19: ='OC-Res Days'!$Q:$Q -> 134 | P19: 361 | Q19: ='OC-Res Days'!$D$5 -> Mar-2025 | R19: 69
A20: ='OC-SNF PMix Anc Days'!$21:$21 -> 200-61 Skilled Nursing Facility | B20: 28 | E20: ='OC-SNF PMix Anc Days'!$G$5 -> Apr-2025 | F20: 474 | G20: ='OC-Days'!$23:$23 -> Sep-2023 | H20: 16 | M20: ='OC-Res Days'!$21:$21 -> 728.5 | N20: 231 | O20: ='OC-Res Days'!$R:$R -> 83 | P20: 362 | Q20: ='OC-Res Days'!$E$5 -> Apr-2025 | R20: 70
A21: ='OC-SNF PMix Anc Days'!$22:$22 -> 200-61 Skilled Nursing Facility | B21: 29 | E21: ='OC-SNF PMix Anc Days'!$H$5 -> May-2025 | F21: 475 | G21: ='OC-Days'!$22:$22 -> Aug-2023 | H21: 17 | M21: ='OC-Res Days'!$22:$22 -> 1162.5 | N21: 232 | O21: ='OC-Res Days'!$S:$S -> 23.5 | P21: 363 | Q21: ='OC-Res Days'!$F$5 -> May-2025 | R21: 71
A22: ='OC-SNF PMix Anc Days'!$23:$23 -> 200-61 Skilled Nursing Facility | B22: 30 | E22: ='OC-SNF PMix Anc Days'!$I$5 -> Jun-2025 | F22: 476 | G22: ='OC-Days'!$21:$21 -> Jul-2023 | H22: 18 | M22: ='OC-Res Days'!$23:$23 -> 10819 | N22: 233 | O22: ='OC-Res Days'!$T:$T -> 37.5 | P22: 364 | Q22: ='OC-Res Days'!$G$5 -> Jun-2025 | R22: 72
A23: ='OC-SNF PMix Anc Days'!$24:$24 -> 324-61 Skilled Nursing Facility | B23: 31 | E23: ='OC-SNF PMix Anc Days'!$J$5 -> Jul-2025 | F23: 477 | G23: ='OC-Days'!$20:$20 -> Jun-2023 | H23: 19 | M23: ='OC-Res Days'!$24:$24 -> 1085 | N23: 234 | O23: ='OC-Res Days'!$U:$U -> 349 | P23: 365 | Q23: ='OC-Res Days'!$H$5 -> Jul-2025 | R23: 73
A24: ='OC-SNF PMix Anc Days'!$25:$25 -> 324-61 Skilled Nursing Facility | B24: 32 | E24: ='OC-SNF PMix Anc Days'!$K$5 -> Aug-2025 | F24: 478 | G24: ='OC-Days'!$19:$19 -> May-2023 | H24: 20 | M24: ='OC-Res Days'!$25:$25 -> 3503 | N24: 235 | O24: ='OC-Res Days'!$V:$V -> 35 | P24: 366 | Q24: ='OC-Res Days'!$I$5 -> Aug-2025 | R24: 74
A25: ='OC-SNF PMix Anc Days'!$26:$26 -> 324-61 Skilled Nursing Facility | B25: 33 | E25: ='OC-SNF PMix Anc Days'!$L$5 -> Sep-2025 | F25: 479 | G25: ='OC-Days'!$18:$18 -> Apr-2023 | H25: 21 | M25: ='OC-Res Days'!$26:$26 -> 1023 | N25: 236 | O25: ='OC-Res Days'!$W:$W -> 113 | P25: 367 | Q25: ='OC-Res Days'!$J$5 -> Sep-2025 | R25: 75
A26: ='OC-SNF PMix Anc Days'!$27:$27 -> 324-61 Skilled Nursing Facility | B26: 34 | E26: ='OC-SNF PMix Anc Days'!$M$5 -> Oct-2025 | F26: 480 | G26: ='OC-Days'!$17:$17 -> Mar-2023 | H26: 22 | M26: ='OC-Res Days'!$27:$27 -> 2263 | N26: 237 | O26: ='OC-Res Days'!$X:$X -> 33 | P26: 368 | Q26: ='OC-Res Days'!$K$5 -> Oct-2025 | R26: 76
A27: ='OC-SNF PMix Anc Days'!$28:$28 -> 324-61 Skilled Nursing Facility | B27: 35 | E27: ='OC-SNF PMix Anc Days'!$N$5 -> Nov-2025 | F27: 481 | G27: ='OC-Days'!$16:$16 -> Feb-2023 | H27: 23 | M27: ='OC-Res Days'!$28:$28 -> 7874 | N27: 238 | O27: ='OC-Res Days'!$Y:$Y -> 73 | P27: 369 | Q27: ='OC-Res Days'!$L$5 -> Nov-2025 | R27: 77
A28: ='OC-SNF PMix Anc Days'!$29:$29 -> 324-61 Skilled Nursing Facility | B28: 36 | E28: ='OC-SNF PMix Anc Days'!$O$5 -> Dec-2025 | F28: 482 | G28: ='OC-Days'!$15:$15 -> Jan-2023 | H28: 24 | M28: ='OC-Res Days'!$29:$29 -> 372 | N28: 239 | O28: ='OC-Res Days'!$Z:$Z -> 254 | P28: 370 | Q28: ='OC-Res Days'!$M$5 -> Dec-2025 | R28: 78
A29: ='OC-SNF PMix Anc Days'!$30:$30 -> 810-61 Skilled Nursing Facility | B29: 37 | E29: ='OC-SNF PMix Anc Days'!$B$6 -> Rev_Asm_SNF_Payer_Mix.SNF_Ancillary_Medicare_A | F29: 483 | G29: ='OC-Days'!$30:$30 -> Apr-2024 | H29: 25 | M29: ='OC-Res Days'!$30:$30 -> 2046 | N29: 240 | Q29: ='OC-Res Days'!$A$6 -> 100-21 Villas/Cottages | R29: 163
A30: ='OC-SNF PMix Anc Days'!$31:$31 -> 810-61 Skilled Nursing Facility | B30: 38 | E30: ='OC-SNF PMix Anc Days'!$B$7 -> Rev_Asm_SNF_Payer_Mix.SNF_Ancillary_Medicare_Adv | F30: 484 | G30: ='OC-Days'!$27:$27 -> Jan-2024 | H30: 26 | M30: ='OC-Res Days'!$31:$31 -> 341 | N30: 241 | Q30: ='OC-Res Days'!$B$3 -> Forecasted Resident Days | R30: 205
A31: ='OC-SNF PMix Anc Days'!$32:$32 -> 810-61 Skilled Nursing Facility | B31: 39 | E31: ='OC-SNF PMix Anc Days'!$B$8 -> Rev_Asm_SNF_Payer_Mix.SNF_Ancillary_Medicaid | F31: 485 | G31: ='OC-Days'!$28:$28 -> Feb-2024 | H31: 27 | M31: ='OC-Res Days'!$32:$32 -> 2759 | N31: 242 | Q31: ='OC-Res Days'!$C$3 -> Forecasted Resident Days | R31: 206
A32: ='OC-SNF PMix Anc Days'!$33:$33 -> 810-61 Skilled Nursing Facility | B32: 40 | E32: ='OC-SNF PMix Anc Days'!$B$9 -> Rev_Asm_SNF_Payer_Mix.SNF_Ancillary_Insurance | F32: 486 | G32: ='OC-Days'!$29:$29 -> Mar-2024 | H32: 28 | M32: ='OC-Res Days'!$33:$33 -> 1147 | N32: 243 | Q32: ='OC-Res Days'!$D$3 -> Forecasted Resident Days | R32: 207
A33: ='OC-SNF PMix Anc Days'!$34:$34 -> 810-61 Skilled Nursing Facility | B33: 41 | E33: ='OC-SNF PMix Anc Days'!$B$10 -> Rev_Asm_SNF_Payer_Mix.SNF_Ancillary_Private_Pay | F33: 487 | G33: ='OC-Days'!$31:$31 -> May-2024 | H33: 29 | M33: ='OC-Res Days'!$34:$34 -> 248 | N33: 244 | Q33: ='OC-Res Days'!$E$3 -> Forecasted Resident Days | R33: 208
A34: ='OC-SNF PMix Anc Days'!$35:$35 -> 810-61 Skilled Nursing Facility | B34: 42 | E34: ='OC-SNF PMix Anc Days'!$B$11 -> Rev_Asm_SNF_Payer_Mix.SNF_Ancillary_Hospice | F34: 488 | G34: ='OC-Days'!$32:$32 -> Jun-2024 | H34: 30 | M34: ='OC-Res Days'!$35:$35 -> 1395 | N34: 245 | Q34: ='OC-Res Days'!$F$3 -> Forecasted Resident Days | R34: 209
A35: ='OC-SNF PMix Anc Days'!$36:$36 -> 840-61 Skilled Nursing Facility | B35: 50 | E35: ='OC-SNF PMix Anc Days'!$B$12 -> Rev_Asm_SNF_Payer_Mix.SNF_Ancillary_Medicare_A | F35: 490 | G35: ='OC-Days'!$33:$33 -> Jul-2024 | H35: 31 | M35: ='OC-Res Days'!$36:$36 -> 0 | N35: 246 | Q35: ='OC-Res Days'!$G$3 -> Forecasted Resident Days | R35: 210
A36: ='OC-SNF PMix Anc Days'!$37:$37 -> 840-61 Skilled Nursing Facility | B36: 51 | E36: ='OC-SNF PMix Anc Days'!$B$13 -> Rev_Asm_SNF_Payer_Mix.SNF_Ancillary_Medicare_Adv | F36: 491 | G36: ='OC-Days'!$34:$34 -> Aug-2024 | H36: 32 | M36: ='OC-Res Days'!$37:$37 -> 0 | N36: 247 | Q36: ='OC-Res Days'!$H$3 -> Forecasted Resident Days | R36: 211
A37: ='OC-SNF PMix Anc Days'!$38:$38 -> 840-61 Skilled Nursing Facility | B37: 52 | E37: ='OC-SNF PMix Anc Days'!$B$14 -> Rev_Asm_SNF_Payer_Mix.SNF_Ancillary_Medicaid | F37: 492 | G37: ='OC-Days'!$35:$35 -> Sep-2024 | H37: 33 | M37: ='OC-Res Days'!$38:$38 -> 2883 | N37: 248 | Q37: ='OC-Res Days'!$I$3 -> Forecasted Resident Days | R37: 212
A38: ='OC-SNF PMix Anc Days'!$39:$39 -> 840-61 Skilled Nursing Facility | B38: 53 | E38: ='OC-SNF PMix Anc Days'!$B$15 -> Rev_Asm_SNF_Payer_Mix.SNF_Ancillary_Insurance | F38: 493 | G38: ='OC-Days'!$36:$36 -> Oct-2024 | H38: 34 | M38: ='OC-Res Days'!$39:$39 -> 1426 | N38: 249 | Q38: ='OC-Res Days'!$J$3 -> Forecasted Resident Days | R38: 213
A39: ='OC-SNF PMix Anc Days'!$40:$40 -> 840-61 Skilled Nursing Facility | B39: 54 | E39: ='OC-SNF PMix Anc Days'!$B$16 -> Rev_Asm_SNF_Payer_Mix.SNF_Ancillary_Private_Pay | F39: 494 | G39: ='OC-Days'!$37:$37 -> Nov-2024 | H39: 35 | M39: ='OC-Res Days'!$40:$40 -> 496 | N39: 250 | Q39: ='OC-Res Days'!$K$3 -> Forecasted Resident Days | R39: 214
A40: ='OC-SNF PMix Anc Days'!$41:$41 -> 840-61 Skilled Nursing Facility | B40: 55 | E40: ='OC-SNF PMix Anc Days'!$B$17 -> Rev_Asm_SNF_Payer_Mix.SNF_Ancillary_Hospice | F40: 495 | G40: ='OC-Days'!$38:$38 -> Dec-2024 | H40: 36 | M40: ='OC-Res Days'!$41:$41 -> 2650.5 | N40: 251 | Q40: ='OC-Res Days'!$L$3 -> Forecasted Resident Days | R40: 215
A41: ='OC-SNF PMix Anc Days'!$42:$42 -> 0 | B41: 56 | E41: ='OC-SNF PMix Anc Days'!$B$18 -> Rev_Asm_SNF_Payer_Mix.SNF_Ancillary_Medicare_A | F41: 497 | G41: ='OC-Days'!$39:$39 -> Jan-2025 | H41: 38 | M41: ='OC-Res Days'!$42:$42 -> 4092 | N41: 252 | Q41: ='OC-Res Days'!$M$3 -> Forecasted Resident Days | R41: 216
E42: ='OC-SNF PMix Anc Days'!$B$19 -> Rev_Asm_SNF_Payer_Mix.SNF_Ancillary_Medicare_Adv | F42: 498 | G42: ='OC-Days'!$40:$40 -> Feb-2025 | H42: 39 | M42: ='OC-Res Days'!$43:$43 -> 2991.5 | N42: 253 | Q42: ='OC-Res Days'!$A$7 -> 100-22 Villas/Cottages B (AMV=Courtyard Homes, BV=BV West, APKS=Patio Homes) | R42: 288
E43: ='OC-SNF PMix Anc Days'!$B$20 -> Rev_Asm_SNF_Payer_Mix.SNF_Ancillary_Medicaid | F43: 499 | G43: ='OC-Days'!$41:$41 -> Mar-2025 | H43: 40 | M43: ='OC-Res Days'!$44:$44 -> 2046 | N43: 254 | Q43: ='OC-Res Days'!$A$8 -> 100-31 Apartment A (AMV=Trott, BV=Center, All others) | R43: 289
E44: ='OC-SNF PMix Anc Days'!$B$21 -> Rev_Asm_SNF_Payer_Mix.SNF_Ancillary_Insurance | F44: 500 | G44: ='OC-Days'!$42:$42 -> Apr-2025 | H44: 41 | M44: ='OC-Res Days'!$45:$45 -> 16585 | N44: 255 | Q44: ='OC-Res Days'!$A$9 -> 100-32 Apartment B (AMV=Diamond, BV=Court) | R44: 290
E45: ='OC-SNF PMix Anc Days'!$B$22 -> Rev_Asm_SNF_Payer_Mix.SNF_Ancillary_Private_Pay | F45: 501 | G45: ='OC-Days'!$43:$43 -> May-2025 | H45: 42 | M45: ='OC-Res Days'!$46:$46 -> 930 | N45: 256 | Q45: ='OC-Res Days'!$A$10 -> 100-33 Apartment C (AMV=419 Wallace, BV=BVWest) | R45: 291
E46: ='OC-SNF PMix Anc Days'!$B$23 -> Rev_Asm_SNF_Payer_Mix.SNF_Ancillary_Hospice | F46: 502 | G46: ='OC-Days'!$44:$44 -> Jun-2025 | H46: 43 | M46: ='OC-Res Days'!$47:$47 -> 1085 | N46: 257 | Q46: ='OC-Res Days'!$A$11 -> 100-34 Apartment D (AMV=ParkView) | R46: 292
E47: ='OC-SNF PMix Anc Days'!$B$24 -> Rev_Asm_SNF_Payer_Mix.SNF_Ancillary_Medicare_A | F47: 504 | G47: ='OC-Days'!$45:$45 -> Jul-2025 | H47: 44 | M47: ='OC-Res Days'!$48:$48 -> 1147 | N47: 258 | Q47: ='OC-Res Days'!$A$12 -> 100-35 Apartment E (AMV=Edwards Fisher) | R47: 293
E48: ='OC-SNF PMix Anc Days'!$B$25 -> Rev_Asm_SNF_Payer_Mix.SNF_Ancillary_Medicare_Adv | F48: 505 | G48: ='OC-Days'!$46:$46 -> Aug-2025 | H48: 45 | M48: ='OC-Res Days'!$49:$49 -> 3162 | N48: 259 | Q48: ='OC-Res Days'!$A$13 -> 100-36 Apartment F (AMV=Mund) | R48: 294
E49: ='OC-SNF PMix Anc Days'!$B$26 -> Rev_Asm_SNF_Payer_Mix.SNF_Ancillary_Medicaid | F49: 506 | G49: ='OC-Days'!$47:$47 -> Sep-2025 | H49: 46 | M49: ='OC-Res Days'!$50:$50 -> 73113.5 | N49: 260 | Q49: ='OC-Res Days'!$A$14 -> 100-51 AL/PC A | R49: 295
E50: ='OC-SNF PMix Anc Days'!$B$27 -> Rev_Asm_SNF_Payer_Mix.SNF_Ancillary_Insurance | F50: 507 | G50: ='OC-Days'!$48:$48 -> Oct-2025 | H50: 47 | M50: ='OC-Res Days'!$51:$51 -> 73113.5 | N50: 261 | Q50: ='OC-Res Days'!$A$15 -> 100-61 Skilled Nursing Facility | R50: 296
E51: ='OC-SNF PMix Anc Days'!$B$28 -> Rev_Asm_SNF_Payer_Mix.SNF_Ancillary_Private_Pay | F51: 508 | G51: ='OC-Days'!$49:$49 -> Nov-2025 | H51: 48 | M51: ='OC-Res Days'!$52:$52 -> 1488 | N51: 262 | Q51: ='OC-Res Days'!$A$16 -> 100-62 Skilled Nursing - TCU | R51: 297
E52: ='OC-SNF PMix Anc Days'!$B$29 -> Rev_Asm_SNF_Payer_Mix.SNF_Ancillary_Hospice | F52: 509 | G52: ='OC-Days'!$50:$50 -> Dec-2025 | H52: 49 | M52: ='OC-Res Days'!$53:$53 -> 2232 | N52: 263 | Q52: ='OC-Res Days'!$A$17 -> 100 Asbury Methodist Village | R52: 298
E53: ='OC-SNF PMix Anc Days'!$B$30 -> Rev_Asm_SNF_Payer_Mix.SNF_Ancillary_Medicare_A | F53: 511 | M53: ='OC-Res Days'!$54:$54 -> 1095.54 | N53: 264 | Q53: ='OC-Res Days'!$A$18 -> 200-21 Villas/Cottages | R53: 299
E54: ='OC-SNF PMix Anc Days'!$B$31 -> Rev_Asm_SNF_Payer_Mix.SNF_Ancillary_Medicare_Adv | F54: 512 | M54: ='OC-Res Days'!$55:$55 -> 0 | N54: 265 | Q54: ='OC-Res Days'!$A$19 -> 200-31 Apartment A (AMV=Trott, BV=Center, AS=North Apts.) | R54: 300
E55: ='OC-SNF PMix Anc Days'!$B$32 -> Rev_Asm_SNF_Payer_Mix.SNF_Ancillary_Medicaid | F55: 513 | M55: ='OC-Res Days'!$56:$56 -> 4815.54 | N55: 266 | Q55: ='OC-Res Days'!$A$20 -> 200-32 Apartment B (AS=South Apts.) | R55: 301
E56: ='OC-SNF PMix Anc Days'!$B$33 -> Rev_Asm_SNF_Payer_Mix.SNF_Ancillary_Insurance | F56: 514 | M56: ='OC-Res Days'!$57:$57 -> 1922 | N56: 267 | Q56: ='OC-Res Days'!$A$21 -> 200-51 AL/PC A | R56: 302
E57: ='OC-SNF PMix Anc Days'!$B$34 -> Rev_Asm_SNF_Payer_Mix.SNF_Ancillary_Private_Pay | F57: 515 | M57: ='OC-Res Days'!$58:$58 -> 2604 | N57: 268 | Q57: ='OC-Res Days'!$A$22 -> 200-61 Skilled Nursing Facility | R57: 303
E58: ='OC-SNF PMix Anc Days'!$B$35 -> Rev_Asm_SNF_Payer_Mix.SNF_Ancillary_Hospice | F58: 516 | M58: ='OC-Res Days'!$59:$59 -> 263.5 | N58: 269 | Q58: ='OC-Res Days'!$A$23 -> 200 Asbury Solomons | R58: 304
E59: ='OC-SNF PMix Anc Days'!$B$36 -> Rev_Asm_SNF_Payer_Mix.SNF_Ancillary_Medicare_A | F59: 525 | M59: ='OC-Res Days'!$60:$60 -> 480.5 | N59: 270 | Q59: ='OC-Res Days'!$A$24 -> 324-21 Villas/Cottages | R59: 305
E60: ='OC-SNF PMix Anc Days'!$B$37 -> Rev_Asm_SNF_Payer_Mix.SNF_Ancillary_Medicare_Adv | F60: 526 | M60: ='OC-Res Days'!$61:$61 -> 1891 | N60: 271 | Q60: ='OC-Res Days'!$A$25 -> 324-31 Apartment A (AMV=Trott, BV=Center, All others) | R60: 306
E61: ='OC-SNF PMix Anc Days'!$B$38 -> Rev_Asm_SNF_Payer_Mix.SNF_Ancillary_Medicaid | F61: 527 | M61: ='OC-Res Days'!$62:$62 -> 7161 | N61: 272 | Q61: ='OC-Res Days'!$A$26 -> 324-51 AL/PC A | R61: 307
E62: ='OC-SNF PMix Anc Days'!$B$39 -> Rev_Asm_SNF_Payer_Mix.SNF_Ancillary_Insurance | F62: 528 | M62: ='OC-Res Days'!$63:$63 -> 11976.54 | N62: 273 | Q62: ='OC-Res Days'!$A$27 -> 324-61 Skilled Nursing Facility | R62: 308
E63: ='OC-SNF PMix Anc Days'!$B$40 -> Rev_Asm_SNF_Payer_Mix.SNF_Ancillary_Private_Pay | F63: 529 | M63: ='OC-Res Days'!$64:$64 -> 11976.54 | N63: 274 | Q63: ='OC-Res Days'!$A$28 -> 324 Springhill | R63: 309
E64: ='OC-SNF PMix Anc Days'!$B$41 -> Rev_Asm_SNF_Payer_Mix.SNF_Ancillary_Hospice | F64: 530 | M64: ='OC-Res Days'!$65:$65 -> 1112.59 | N64: 275 | Q64: ='OC-Res Days'!$A$29 -> 350-21 Villas/Cottages | R64: 310
E65: ='OC-SNF PMix Anc Days'!$C$6 -> Medicare A | F65: 531 | M65: ='OC-Res Days'!$66:$66 -> 1082.52 | N65: 276 | Q65: ='OC-Res Days'!$A$30 -> 350-51 AL/PC A | R65: 311
E66: ='OC-SNF PMix Anc Days'!$C$7 -> Medicare Advantage | F66: 532 | M66: ='OC-Res Days'!$67:$67 -> 1268.52 | N66: 278 | Q66: ='OC-Res Days'!$A$31 -> 350-52 AL B/APM Memory Support | R66: 312
E67: ='OC-SNF PMix Anc Days'!$C$8 -> Medicaid | F67: 533 | M67: ='OC-Res Days'!$68:$68 -> 3463.63 | N67: 279 | Q67: ='OC-Res Days'!$A$32 -> 350 Grace Park | R67: 313
E68: ='OC-SNF PMix Anc Days'!$C$9 -> Insurance | F68: 534 | M68: ='OC-Res Days'!$69:$69 -> 751.75 | N68: 280 | Q68: ='OC-Res Days'!$A$33 -> 360-51 AL/PC A | R68: 314
E69: ='OC-SNF PMix Anc Days'!$C$10 -> Private Pay | F69: 535 | M69: ='OC-Res Days'!$70:$70 -> 2232 | N69: 282 | Q69: ='OC-Res Days'!$A$34 -> 360-52 AL B/APM Memory Support | R69: 315
E70: ='OC-SNF PMix Anc Days'!$C$11 -> Hospice | F70: 536 | M70: ='OC-Res Days'!$71:$71 -> 3464.25 | N70: 283 | Q70: ='OC-Res Days'!$A$35 -> 360 Ivy Gables | R70: 316
E71: ='OC-SNF PMix Anc Days'!$C$12 -> Medicare A | F71: 538 | M71: ='OC-Res Days'!$72:$72 -> 1306.65 | N71: 284 | Q71: ='OC-Res Days'!$A$36 -> 650 Asbury Place Maryville | R71: 317
E72: ='OC-SNF PMix Anc Days'!$C$13 -> Medicare Advantage | F72: 539 | M72: ='OC-Res Days'!$73:$73 -> 1306.65 | N72: 285 | Q72: ='OC-Res Days'!$A$37 -> 660 Asbury Place Kingsport | R72: 318
E73: ='OC-SNF PMix Anc Days'!$C$14 -> Medicaid | F73: 540 | M73: ='OC-Res Days'!$74:$74 -> 8234.53 | N73: 286 | Q73: ='OC-Res Days'!$A$38 -> 810-21 Villas/Cottages | R73: 319
E74: ='OC-SNF PMix Anc Days'!$C$15 -> Insurance | F74: 541 | M74: ='OC-Res Days'!$75:$75 -> 93324.57 | N74: 287 | Q74: ='OC-Res Days'!$A$39 -> 810-22 Villas/Cottages B (AMV=Courtyard Homes, BV=BV West, APKS=Patio Homes) | R74: 320
E75: ='OC-SNF PMix Anc Days'!$C$16 -> Private Pay | F75: 542 | Q75: ='OC-Res Days'!$A$40 -> 810-31 Apartment A (AMV=Trott, BV=Center, All others) | R75: 321
E76: ='OC-SNF PMix Anc Days'!$C$17 -> Hospice | F76: 543 | Q76: ='OC-Res Days'!$A$41 -> 810-32 Apartment B (AMV=Diamond, BV=Court) | R76: 322
E77: ='OC-SNF PMix Anc Days'!$C$18 -> Medicare A | F77: 545 | Q77: ='OC-Res Days'!$A$42 -> 810-33 Apartment C (AMV=419 Wallace, BV=BVWest) | R77: 323
E78: ='OC-SNF PMix Anc Days'!$C$19 -> Medicare Advantage | F78: 546 | Q78: ='OC-Res Days'!$A$43 -> 810-51 AL/PC A | R78: 324
E79: ='OC-SNF PMix Anc Days'!$C$20 -> Medicaid | F79: 547 | Q79: ='OC-Res Days'!$A$44 -> 810-61 Skilled Nursing Facility | R79: 325
E80: ='OC-SNF PMix Anc Days'!$C$21 -> Insurance | F80: 548 | Q80: ='OC-Res Days'!$A$45 -> 810 Bethany Village | R80: 326
E81: ='OC-SNF PMix Anc Days'!$C$22 -> Private Pay | F81: 549 | Q81: ='OC-Res Days'!$A$46 -> 925-21 Villas/Cottages | R81: 327
E82: ='OC-SNF PMix Anc Days'!$C$23 -> Hospice | F82: 550 | Q82: ='OC-Res Days'!$A$47 -> 925-31 Apartment A (AMV=Trott, BV=Center, All others) | R82: 328
E83: ='OC-SNF PMix Anc Days'!$C$24 -> Medicare A | F83: 552 | Q83: ='OC-Res Days'!$A$48 -> 925-51 AL/PCA A | R83: 329
E84: ='OC-SNF PMix Anc Days'!$C$25 -> Medicare Advantage | F84: 553 | Q84: ='OC-Res Days'!$A$49 -> 925 Chandler Estate | R84: 330
E85: ='OC-SNF PMix Anc Days'!$C$26 -> Medicaid | F85: 554 | Q85: ='OC-Res Days'!$A$50 -> Asbury | R85: 331
E86: ='OC-SNF PMix Anc Days'!$C$27 -> Insurance | F86: 555 | Q86: ='OC-Res Days'!$A$51 -> Asbury (Consolidated) | R86: 332
E87: ='OC-SNF PMix Anc Days'!$C$28 -> Private Pay | F87: 556 | Q87: ='OC-Res Days'!$A$52 -> 835-21 Villas/Cottages | R87: 333
E88: ='OC-SNF PMix Anc Days'!$C$29 -> Hospice | F88: 557 | Q88: ='OC-Res Days'!$A$53 -> 835-31 Apartment A (AMV=Trott, BV=Center, RW=Ridgecrest Court, NR= Manchester, All others) | R88: 334
E89: ='OC-SNF PMix Anc Days'!$C$30 -> Medicare A | F89: 559 | Q89: ='OC-Res Days'!$A$54 -> 835-51 AL/PC A (AMV=333, RW= Riverwood Manor, All others) | R89: 335
E90: ='OC-SNF PMix Anc Days'!$C$31 -> Medicare Advantage | F90: 560 | Q90: ='OC-Res Days'!$A$55 -> 835-61 Skilled Nursing Facility | R90: 336
E91: ='OC-SNF PMix Anc Days'!$C$32 -> Medicaid | F91: 561 | Q91: ='OC-Res Days'!$A$56 -> 835 Riverwoods | R91: 337
E92: ='OC-SNF PMix Anc Days'!$C$33 -> Insurance | F92: 562 | Q92: ='OC-Res Days'!$A$57 -> 840-21 Villas/Cottages | R92: 338
E93: ='OC-SNF PMix Anc Days'!$C$34 -> Private Pay | F93: 563 | Q93: ='OC-Res Days'!$A$58 -> 840-31 Apartment A (AMV=Trott, BV=Center, RW=Ridgecrest Court, NR=Manchester, All others) | R93: 339
E94: ='OC-SNF PMix Anc Days'!$C$35 -> Hospice | F94: 564 | Q94: ='OC-Res Days'!$A$59 -> 840-51 AL/PC A (AMV=333, RW= Riverwood Manor, All others) | R94: 340
E95: ='OC-SNF PMix Anc Days'!$C$36 -> Medicare A | F95: 573 | Q95: ='OC-Res Days'!$A$60 -> 840-52 AL/PC B (AL/PC B, NR=Dementia Care) | R95: 341
E96: ='OC-SNF PMix Anc Days'!$C$37 -> Medicare Advantage | F96: 574 | Q96: ='OC-Res Days'!$A$61 -> 840-61 Skilled Nursing Facility | R96: 342
E97: ='OC-SNF PMix Anc Days'!$C$38 -> Medicaid | F97: 575 | Q97: ='OC-Res Days'!$A$62 -> 840 Normandie Ridge | R97: 343
E98: ='OC-SNF PMix Anc Days'!$C$39 -> Insurance | F98: 576 | Q98: ='OC-Res Days'!$A$63 -> Albright | R98: 344
E99: ='OC-SNF PMix Anc Days'!$C$40 -> Private Pay | F99: 577 | Q99: ='OC-Res Days'!$A$64 -> Albright (Consolidated) | R99: 345
E100: ='OC-SNF PMix Anc Days'!$C$41 -> Hospice | F100: 578 | Q100: ='OC-Res Days'!$A$65 -> 620-21 Villas/Cottages | R100: 346
E101: ='OC-SNF PMix Anc Days'!$A$6 -> 100-61 Skilled Nursing Facility | F101: 579 | Q101: ='OC-Res Days'!$A$66 -> 620-31 Apartment A (AMV=Trott, BV=Center, All others) | R101: 347
E102: ='OC-SNF PMix Anc Days'!$A$7 -> 100-61 Skilled Nursing Facility | F102: 580 | Q102: ='OC-Res Days'!$A$67 -> 620-52 AL B/APM Memory Support | R102: 349
...

Sheet OfficeConnectCellHighlights

Sheet 2025 Load
A1: Qlik Load | E1: Qlik Load | G1: Qlik Load | J1: Processing | N1: Processing | P1: Processing | S1: Processing | U1: Processing | X1: Processing | AA1: Check
A2: f(x) | B2: f(x) | C2: f(x) | D2: f(x) | E2: f(x) | F2: f(x) | G2: f(x) | H2: f(x) | J2: Copy/Paste from 2024 CCRC Budget Occupancy.xlsx > 2024 Load tab > Filtered to exclude facilities 61 and 62 | S2: f(x) | V2: Adaptive | Z2: Row Counts
A3: StartDate | B3: EndDate | C3: PayerName | D3: PlanName | E3: CampusName | F3: LevelOfCareName | G3: BuildingName | H3: BudgetPlanDays | J3: StartDate | K3: EndDate | L3: EntityCode | M3: FacilityCode | N3: FullOrgDesc | O3: BudgetAvailablePerDay | P3: BudgetResidentDaysPerDay | Q3: notes | S3: # Ent-Fac-PMix | U3: Ent-Fac-PMix | V3: Entity | W3: Ent | X3: Fac | Y3: PMix | Z3: Should be | AA3: Is | AB3: Delta
A4: =J4 -> 45658 | B4: =K4 -> 46022 | C4: =_xlfn.XLOOKUP($L4&"-"&$M4,REF!$J$2:$J$61,REF!B$2:B$61) -> PRIVATE PAY | D4: =_xlfn.XLOOKUP($L4&"-"&$M4,REF!$J$2:$J$61,REF!C$2:C$61) -> PPM IL | E4: =_xlfn.XLOOKUP($L4&"-"&$M4,REF!$J$2:$J$61,REF!D$2:D$61) -> ASBURY METHODIST VILLAGE | F4: =_xlfn.XLOOKUP($L4&"-"&$M4,REF!$J$2:$J$61,REF!E$2:E$61) -> AMV INDEPENDENT LIVING | G4: =_xlfn.XLOOKUP($L4&"-"&$M4,REF!$J$2:$J$61,REF!F$2:F$61) -> VILLAS | H4: =P4 -> 70.5 | J4: 45658 | K4: 46022 | L4: 100 | M4: 21 | N4: AComm\AComm LTC\MD\AMV\IL AMV\Villas | O4: 73 | P4: 70.5 | U4: =W4&X4&Y4 -> 10061Medicare A | V4: 100-61 Skilled Nursing Facility | W4: =VALUE(LEFT(V4,3)) -> 100 | X4: =VALUE(MID(V4,5,2)) -> 61 | Y4: Medicare A | Z4: 5 | AA4: =COUNTIFS($W$73:$W$136,W4,$X$73:$X$136,X4,$Y$73:$Y$136,Y4) -> 1 | AB4: =AA4-Z4 -> -4
A5: =J5 -> 45658 | B5: =K5 -> 46022 | C5: =_xlfn.XLOOKUP($L5&"-"&$M5,REF!$J$2:$J$61,REF!B$2:B$61) -> PRIVATE PAY | D5: =_xlfn.XLOOKUP($L5&"-"&$M5,REF!$J$2:$J$61,REF!C$2:C$61) -> PPM IL | E5: =_xlfn.XLOOKUP($L5&"-"&$M5,REF!$J$2:$J$61,REF!D$2:D$61) -> ASBURY METHODIST VILLAGE | F5: =_xlfn.XLOOKUP($L5&"-"&$M5,REF!$J$2:$J$61,REF!E$2:E$61) -> AMV INDEPENDENT LIVING | G5: =_xlfn.XLOOKUP($L5&"-"&$M5,REF!$J$2:$J$61,REF!F$2:F$61) -> COURTYARD HOMES | H5: =P5 -> 42 | J5: 45658 | K5: 46022 | L5: 100 | M5: 22 | N5: AComm\AComm LTC\MD\AMV\IL AMV\CH | O5: 43 | P5: 42 | U5: =W5&X5&Y5 -> 10061Medicare Advantage | V5: 100-61 Skilled Nursing Facility | W5: =VALUE(LEFT(V5,3)) -> 100 | X5: =VALUE(MID(V5,5,2)) -> 61 | Y5: Medicare Advantage | Z5: 5 | AA5: =COUNTIFS($W$73:$W$136,W5,$X$73:$X$136,X5,$Y$73:$Y$136,Y5) -> 0 | AB5: =AA5-Z5 -> -5
A6: =J6 -> 45658 | B6: =K6 -> 45716 | C6: =_xlfn.XLOOKUP($L6&"-"&$M6,REF!$J$2:$J$61,REF!B$2:B$61) -> PRIVATE PAY | D6: =_xlfn.XLOOKUP($L6&"-"&$M6,REF!$J$2:$J$61,REF!C$2:C$61) -> PPM IL | E6: =_xlfn.XLOOKUP($L6&"-"&$M6,REF!$J$2:$J$61,REF!D$2:D$61) -> ASBURY METHODIST VILLAGE | F6: =_xlfn.XLOOKUP($L6&"-"&$M6,REF!$J$2:$J$61,REF!E$2:E$61) -> AMV INDEPENDENT LIVING | G6: =_xlfn.XLOOKUP($L6&"-"&$M6,REF!$J$2:$J$61,REF!F$2:F$61) -> TROTT APARTMENTS | H6: =P6 -> 61 | J6: 45658 | K6: 45716 | L6: 100 | M6: 31 | N6: AComm\AComm LTC\MD\AMV\IL AMV\Trott Apt | O6: 109 | P6: 61 | U6: =W6&X6&Y6 -> 10061Medicaid | V6: 100-61 Skilled Nursing Facility | W6: =VALUE(LEFT(V6,3)) -> 100 | X6: =VALUE(MID(V6,5,2)) -> 61 | Y6: Medicaid | Z6: 5 | AA6: =COUNTIFS($W$73:$W$136,W6,$X$73:$X$136,X6,$Y$73:$Y$136,Y6) -> 1 | AB6: =AA6-Z6 -> -4
A7: =J7 -> 45717 | B7: =K7 -> 45777 | C7: =_xlfn.XLOOKUP($L7&"-"&$M7,REF!$J$2:$J$61,REF!B$2:B$61) -> PRIVATE PAY | D7: =_xlfn.XLOOKUP($L7&"-"&$M7,REF!$J$2:$J$61,REF!C$2:C$61) -> PPM IL | E7: =_xlfn.XLOOKUP($L7&"-"&$M7,REF!$J$2:$J$61,REF!D$2:D$61) -> ASBURY METHODIST VILLAGE | F7: =_xlfn.XLOOKUP($L7&"-"&$M7,REF!$J$2:$J$61,REF!E$2:E$61) -> AMV INDEPENDENT LIVING | G7: =_xlfn.XLOOKUP($L7&"-"&$M7,REF!$J$2:$J$61,REF!F$2:F$61) -> TROTT APARTMENTS | H7: =P7 -> 62 | J7: 45717 | K7: 45777 | L7: 100 | M7: 31 | N7: AComm\AComm LTC\MD\AMV\IL AMV\Trott Apt | O7: 109 | P7: 62 | U7: =W7&X7&Y7 -> 10061Insurance | V7: 100-61 Skilled Nursing Facility | W7: =VALUE(LEFT(V7,3)) -> 100 | X7: =VALUE(MID(V7,5,2)) -> 61 | Y7: Insurance | Z7: 5 | AA7: =COUNTIFS($W$73:$W$136,W7,$X$73:$X$136,X7,$Y$73:$Y$136,Y7) -> 0 | AB7: =AA7-Z7 -> -5
A8: =J8 -> 45778 | B8: =K8 -> 45838 | C8: =_xlfn.XLOOKUP($L8&"-"&$M8,REF!$J$2:$J$61,REF!B$2:B$61) -> PRIVATE PAY | D8: =_xlfn.XLOOKUP($L8&"-"&$M8,REF!$J$2:$J$61,REF!C$2:C$61) -> PPM IL | E8: =_xlfn.XLOOKUP($L8&"-"&$M8,REF!$J$2:$J$61,REF!D$2:D$61) -> ASBURY METHODIST VILLAGE | F8: =_xlfn.XLOOKUP($L8&"-"&$M8,REF!$J$2:$J$61,REF!E$2:E$61) -> AMV INDEPENDENT LIVING | G8: =_xlfn.XLOOKUP($L8&"-"&$M8,REF!$J$2:$J$61,REF!F$2:F$61) -> TROTT APARTMENTS | H8: =P8 -> 63 | J8: 45778 | K8: 45838 | L8: 100 | M8: 31 | N8: AComm\AComm LTC\MD\AMV\IL AMV\Trott Apt | O8: 109 | P8: 63 | U8: =W8&X8&Y8 -> 10061Private Pay | V8: 100-61 Skilled Nursing Facility | W8: =VALUE(LEFT(V8,3)) -> 100 | X8: =VALUE(MID(V8,5,2)) -> 61 | Y8: Private Pay | Z8: 5 | AA8: =COUNTIFS($W$73:$W$136,W8,$X$73:$X$136,X8,$Y$73:$Y$136,Y8) -> 1 | AB8: =AA8-Z8 -> -4
A9: =J9 -> 45839 | B9: =K9 -> 45900 | C9: =_xlfn.XLOOKUP($L9&"-"&$M9,REF!$J$2:$J$61,REF!B$2:B$61) -> PRIVATE PAY | D9: =_xlfn.XLOOKUP($L9&"-"&$M9,REF!$J$2:$J$61,REF!C$2:C$61) -> PPM IL | E9: =_xlfn.XLOOKUP($L9&"-"&$M9,REF!$J$2:$J$61,REF!D$2:D$61) -> ASBURY METHODIST VILLAGE | F9: =_xlfn.XLOOKUP($L9&"-"&$M9,REF!$J$2:$J$61,REF!E$2:E$61) -> AMV INDEPENDENT LIVING | G9: =_xlfn.XLOOKUP($L9&"-"&$M9,REF!$J$2:$J$61,REF!F$2:F$61) -> TROTT APARTMENTS | H9: =P9 -> 65 | J9: 45839 | K9: 45900 | L9: 100 | M9: 31 | N9: AComm\AComm LTC\MD\AMV\IL AMV\Trott Apt | O9: 109 | P9: 65 | U9: =W9&X9&Y9 -> 10061Hospice | V9: 100-61 Skilled Nursing Facility | W9: =VALUE(LEFT(V9,3)) -> 100 | X9: =VALUE(MID(V9,5,2)) -> 61 | Y9: Hospice | Z9: 5 | AA9: =COUNTIFS($W$73:$W$136,W9,$X$73:$X$136,X9,$Y$73:$Y$136,Y9) -> 1 | AB9: =AA9-Z9 -> -4
A10: =J10 -> 45901 | B10: =K10 -> 45961 | C10: =_xlfn.XLOOKUP($L10&"-"&$M10,REF!$J$2:$J$61,REF!B$2:B$61) -> PRIVATE PAY | D10: =_xlfn.XLOOKUP($L10&"-"&$M10,REF!$J$2:$J$61,REF!C$2:C$61) -> PPM IL | E10: =_xlfn.XLOOKUP($L10&"-"&$M10,REF!$J$2:$J$61,REF!D$2:D$61) -> ASBURY METHODIST VILLAGE | F10: =_xlfn.XLOOKUP($L10&"-"&$M10,REF!$J$2:$J$61,REF!E$2:E$61) -> AMV INDEPENDENT LIVING | G10: =_xlfn.XLOOKUP($L10&"-"&$M10,REF!$J$2:$J$61,REF!F$2:F$61) -> TROTT APARTMENTS | H10: =P10 -> 66 | J10: 45901 | K10: 45961 | L10: 100 | M10: 31 | N10: AComm\AComm LTC\MD\AMV\IL AMV\Trott Apt | O10: 109 | P10: 66 | U10: =W10&X10&Y10 -> 10062Medicare A | V10: 100-62 Skilled Nursing - TCU | W10: =VALUE(LEFT(V10,3)) -> 100 | X10: =VALUE(MID(V10,5,2)) -> 62 | Y10: Medicare A | Z10: 5 | AA10: =COUNTIFS($W$73:$W$136,W10,$X$73:$X$136,X10,$Y$73:$Y$136,Y10) -> 1 | AB10: =AA10-Z10 -> -4
A11: =J11 -> 45962 | B11: =K11 -> 46022 | C11: =_xlfn.XLOOKUP($L11&"-"&$M11,REF!$J$2:$J$61,REF!B$2:B$61) -> PRIVATE PAY | D11: =_xlfn.XLOOKUP($L11&"-"&$M11,REF!$J$2:$J$61,REF!C$2:C$61) -> PPM IL | E11: =_xlfn.XLOOKUP($L11&"-"&$M11,REF!$J$2:$J$61,REF!D$2:D$61) -> ASBURY METHODIST VILLAGE | F11: =_xlfn.XLOOKUP($L11&"-"&$M11,REF!$J$2:$J$61,REF!E$2:E$61) -> AMV INDEPENDENT LIVING | G11: =_xlfn.XLOOKUP($L11&"-"&$M11,REF!$J$2:$J$61,REF!F$2:F$61) -> TROTT APARTMENTS | H11: =P11 -> 67 | J11: 45962 | K11: 46022 | L11: 100 | M11: 31 | N11: AComm\AComm LTC\MD\AMV\IL AMV\Trott Apt | O11: 109 | P11: 67 | U11: =W11&X11&Y11 -> 10062Medicare Advantage | V11: 100-62 Skilled Nursing - TCU | W11: =VALUE(LEFT(V11,3)) -> 100 | X11: =VALUE(MID(V11,5,2)) -> 62 | Y11: Medicare Advantage | Z11: 5 | AA11: =COUNTIFS($W$73:$W$136,W11,$X$73:$X$136,X11,$Y$73:$Y$136,Y11) -> 1 | AB11: =AA11-Z11 -> -4
A12: =J12 -> 45658 | B12: =K12 -> 45688 | C12: =_xlfn.XLOOKUP($L12&"-"&$M12,REF!$J$2:$J$61,REF!B$2:B$61) -> PRIVATE PAY | D12: =_xlfn.XLOOKUP($L12&"-"&$M12,REF!$J$2:$J$61,REF!C$2:C$61) -> PPM IL | E12: =_xlfn.XLOOKUP($L12&"-"&$M12,REF!$J$2:$J$61,REF!D$2:D$61) -> ASBURY METHODIST VILLAGE | F12: =_xlfn.XLOOKUP($L12&"-"&$M12,REF!$J$2:$J$61,REF!E$2:E$61) -> AMV INDEPENDENT LIVING | G12: =_xlfn.XLOOKUP($L12&"-"&$M12,REF!$J$2:$J$61,REF!F$2:F$61) -> DIAMOND APARTMENTS | H12: =P12 -> 159 | J12: 45658 | K12: 45688 | L12: 100 | M12: 32 | N12: AComm\AComm LTC\MD\AMV\IL AMV\DM Apt | O12: 184 | P12: 159 | U12: =W12&X12&Y12 -> 20061Medicare A | V12: 200-61 Skilled Nursing Facility | W12: =VALUE(LEFT(V12,3)) -> 200 | X12: =VALUE(MID(V12,5,2)) -> 61 | Y12: Medicare A | Z12: 1 | AA12: =COUNTIFS($W$73:$W$136,W12,$X$73:$X$136,X12,$Y$73:$Y$136,Y12) -> 1 | AB12: =AA12-Z12 -> 0
A13: =J13 -> 45689 | B13: =K13 -> 45716 | C13: =_xlfn.XLOOKUP($L13&"-"&$M13,REF!$J$2:$J$61,REF!B$2:B$61) -> PRIVATE PAY | D13: =_xlfn.XLOOKUP($L13&"-"&$M13,REF!$J$2:$J$61,REF!C$2:C$61) -> PPM IL | E13: =_xlfn.XLOOKUP($L13&"-"&$M13,REF!$J$2:$J$61,REF!D$2:D$61) -> ASBURY METHODIST VILLAGE | F13: =_xlfn.XLOOKUP($L13&"-"&$M13,REF!$J$2:$J$61,REF!E$2:E$61) -> AMV INDEPENDENT LIVING | G13: =_xlfn.XLOOKUP($L13&"-"&$M13,REF!$J$2:$J$61,REF!F$2:F$61) -> DIAMOND APARTMENTS | H13: =P13 -> 160 | J13: 45689 | K13: 45716 | L13: 100 | M13: 32 | N13: AComm\AComm LTC\MD\AMV\IL AMV\DM Apt | O13: 184 | P13: 160 | U13: =W13&X13&Y13 -> 20061Medicaid | V13: 200-61 Skilled Nursing Facility | W13: =VALUE(LEFT(V13,3)) -> 200 | X13: =VALUE(MID(V13,5,2)) -> 61 | Y13: Medicaid | Z13: 1 | AA13: =COUNTIFS($W$73:$W$136,W13,$X$73:$X$136,X13,$Y$73:$Y$136,Y13) -> 1 | AB13: =AA13-Z13 -> 0
A14: =J14 -> 45717 | B14: =K14 -> 45747 | C14: =_xlfn.XLOOKUP($L14&"-"&$M14,REF!$J$2:$J$61,REF!B$2:B$61) -> PRIVATE PAY | D14: =_xlfn.XLOOKUP($L14&"-"&$M14,REF!$J$2:$J$61,REF!C$2:C$61) -> PPM IL | E14: =_xlfn.XLOOKUP($L14&"-"&$M14,REF!$J$2:$J$61,REF!D$2:D$61) -> ASBURY METHODIST VILLAGE | F14: =_xlfn.XLOOKUP($L14&"-"&$M14,REF!$J$2:$J$61,REF!E$2:E$61) -> AMV INDEPENDENT LIVING | G14: =_xlfn.XLOOKUP($L14&"-"&$M14,REF!$J$2:$J$61,REF!F$2:F$61) -> DIAMOND APARTMENTS | H14: =P14 -> 161 | J14: 45717 | K14: 45747 | L14: 100 | M14: 32 | N14: AComm\AComm LTC\MD\AMV\IL AMV\DM Apt | O14: 184 | P14: 161 | U14: =W14&X14&Y14 -> 20061Private Pay | V14: 200-61 Skilled Nursing Facility | W14: =VALUE(LEFT(V14,3)) -> 200 | X14: =VALUE(MID(V14,5,2)) -> 61 | Y14: Private Pay | Z14: 1 | AA14: =COUNTIFS($W$73:$W$136,W14,$X$73:$X$136,X14,$Y$73:$Y$136,Y14) -> 1 | AB14: =AA14-Z14 -> 0
A15: =J15 -> 45748 | B15: =K15 -> 45777 | C15: =_xlfn.XLOOKUP($L15&"-"&$M15,REF!$J$2:$J$61,REF!B$2:B$61) -> PRIVATE PAY | D15: =_xlfn.XLOOKUP($L15&"-"&$M15,REF!$J$2:$J$61,REF!C$2:C$61) -> PPM IL | E15: =_xlfn.XLOOKUP($L15&"-"&$M15,REF!$J$2:$J$61,REF!D$2:D$61) -> ASBURY METHODIST VILLAGE | F15: =_xlfn.XLOOKUP($L15&"-"&$M15,REF!$J$2:$J$61,REF!E$2:E$61) -> AMV INDEPENDENT LIVING | G15: =_xlfn.XLOOKUP($L15&"-"&$M15,REF!$J$2:$J$61,REF!F$2:F$61) -> DIAMOND APARTMENTS | H15: =P15 -> 162 | J15: 45748 | K15: 45777 | L15: 100 | M15: 32 | N15: AComm\AComm LTC\MD\AMV\IL AMV\DM Apt | O15: 184 | P15: 162 | U15: =W15&X15&Y15 -> 32461Medicare A | V15: 324-61 Skilled Nursing Facility | W15: =VALUE(LEFT(V15,3)) -> 324 | X15: =VALUE(MID(V15,5,2)) -> 61 | Y15: Medicare A | Z15: 2 | AA15: =COUNTIFS($W$73:$W$136,W15,$X$73:$X$136,X15,$Y$73:$Y$136,Y15) -> 1 | AB15: =AA15-Z15 -> -1
... A31: =J31 -> 45658 | B31: =K31 -> 45716 | C31: =_xlfn.XLOOKUP($L31&"-"&$M31,REF!$J$2:$J$61,REF!B$2:B$61) -> PRIVATE PAY | D31: =_xlfn.XLOOKUP($L31&"-"&$M31,REF!$J$2:$J$61,REF!C$2:C$61) -> PPM IL | E31: =_xlfn.XLOOKUP($L31&"-"&$M31,REF!$J$2:$J$61,REF!D$2:D$61) -> ASBURY METHODIST VILLAGE | F31: =_xlfn.XLOOKUP($L31&"-"&$M31,REF!$J$2:$J$61,REF!E$2:E$61) -> AMV INDEPENDENT LIVING | G31: =_xlfn.XLOOKUP($L31&"-"&$M31,REF!$J$2:$J$61,REF!F$2:F$61) -> MUND APARTMENTS | H31: =P31 -> 80 | J31: 45658 | K31: 45716 | L31: 100 | M31: 36 | N31: AComm\AComm LTC\MD\AMV\IL AMV\Mund Apt | O31: 126 | P31: 80 | U31: =W31&X31&Y31 -> 84061Private Pay | V31: 840-61 Skilled Nursing Facility | W31: =VALUE(LEFT(V31,3)) -> 840 | X31: =VALUE(MID(V31,5,2)) -> 61 | Y31: Private Pay | Z31: 1 | AA31: =COUNTIFS($W$73:$W$136,W31,$X$73:$X$136,X31,$Y$73:$Y$136,Y31) -> 1 | AB31: =AA31-Z31 -> 0
A32: =J32 -> 45717 | B32: =K32 -> 45777 | C32: =_xlfn.XLOOKUP($L32&"-"&$M32,REF!$J$2:$J$61,REF!B$2:B$61) -> PRIVATE PAY | D32: =_xlfn.XLOOKUP($L32&"-"&$M32,REF!$J$2:$J$61,REF!C$2:C$61) -> PPM IL | E32: =_xlfn.XLOOKUP($L32&"-"&$M32,REF!$J$2:$J$61,REF!D$2:D$61) -> ASBURY METHODIST VILLAGE | F32: =_xlfn.XLOOKUP($L32&"-"&$M32,REF!$J$2:$J$61,REF!E$2:E$61) -> AMV INDEPENDENT LIVING | G32: =_xlfn.XLOOKUP($L32&"-"&$M32,REF!$J$2:$J$61,REF!F$2:F$61) -> MUND APARTMENTS | H32: =P32 -> 81 | J32: 45717 | K32: 45777 | L32: 100 | M32: 36 | N32: AComm\AComm LTC\MD\AMV\IL AMV\Mund Apt | O32: 126 | P32: 81
A33: =J33 -> 45778 | B33: =K33 -> 45838 | C33: =_xlfn.XLOOKUP($L33&"-"&$M33,REF!$J$2:$J$61,REF!B$2:B$61) -> PRIVATE PAY | D33: =_xlfn.XLOOKUP($L33&"-"&$M33,REF!$J$2:$J$61,REF!C$2:C$61) -> PPM IL | E33: =_xlfn.XLOOKUP($L33&"-"&$M33,REF!$J$2:$J$61,REF!D$2:D$61) -> ASBURY METHODIST VILLAGE | F33: =_xlfn.XLOOKUP($L33&"-"&$M33,REF!$J$2:$J$61,REF!E$2:E$61) -> AMV INDEPENDENT LIVING | G33: =_xlfn.XLOOKUP($L33&"-"&$M33,REF!$J$2:$J$61,REF!F$2:F$61) -> MUND APARTMENTS | H33: =P33 -> 82 | J33: 45778 | K33: 45838 | L33: 100 | M33: 36 | N33: AComm\AComm LTC\MD\AMV\IL AMV\Mund Apt | O33: 126 | P33: 82
A34: =J34 -> 45839 | B34: =K34 -> 45900 | C34: =_xlfn.XLOOKUP($L34&"-"&$M34,REF!$J$2:$J$61,REF!B$2:B$61) -> PRIVATE PAY | D34: =_xlfn.XLOOKUP($L34&"-"&$M34,REF!$J$2:$J$61,REF!C$2:C$61) -> PPM IL | E34: =_xlfn.XLOOKUP($L34&"-"&$M34,REF!$J$2:$J$61,REF!D$2:D$61) -> ASBURY METHODIST VILLAGE | F34: =_xlfn.XLOOKUP($L34&"-"&$M34,REF!$J$2:$J$61,REF!E$2:E$61) -> AMV INDEPENDENT LIVING | G34: =_xlfn.XLOOKUP($L34&"-"&$M34,REF!$J$2:$J$61,REF!F$2:F$61) -> MUND APARTMENTS | H34: =P34 -> 83 | J34: 45839 | K34: 45900 | L34: 100 | M34: 36 | N34: AComm\AComm LTC\MD\AMV\IL AMV\Mund Apt | O34: 126 | P34: 83
A35: =J35 -> 45901 | B35: =K35 -> 45961 | C35: =_xlfn.XLOOKUP($L35&"-"&$M35,REF!$J$2:$J$61,REF!B$2:B$61) -> PRIVATE PAY | D35: =_xlfn.XLOOKUP($L35&"-"&$M35,REF!$J$2:$J$61,REF!C$2:C$61) -> PPM IL | E35: =_xlfn.XLOOKUP($L35&"-"&$M35,REF!$J$2:$J$61,REF!D$2:D$61) -> ASBURY METHODIST VILLAGE | F35: =_xlfn.XLOOKUP($L35&"-"&$M35,REF!$J$2:$J$61,REF!E$2:E$61) -> AMV INDEPENDENT LIVING | G35: =_xlfn.XLOOKUP($L35&"-"&$M35,REF!$J$2:$J$61,REF!F$2:F$61) -> MUND APARTMENTS | H35: =P35 -> 84 | J35: 45901 | K35: 45961 | L35: 100 | M35: 36 | N35: AComm\AComm LTC\MD\AMV\IL AMV\Mund Apt | O35: 126 | P35: 84
A36: =J36 -> 45962 | B36: =K36 -> 46022 | C36: =_xlfn.XLOOKUP($L36&"-"&$M36,REF!$J$2:$J$61,REF!B$2:B$61) -> PRIVATE PAY | D36: =_xlfn.XLOOKUP($L36&"-"&$M36,REF!$J$2:$J$61,REF!C$2:C$61) -> PPM IL | E36: =_xlfn.XLOOKUP($L36&"-"&$M36,REF!$J$2:$J$61,REF!D$2:D$61) -> ASBURY METHODIST VILLAGE | F36: =_xlfn.XLOOKUP($L36&"-"&$M36,REF!$J$2:$J$61,REF!E$2:E$61) -> AMV INDEPENDENT LIVING | G36: =_xlfn.XLOOKUP($L36&"-"&$M36,REF!$J$2:$J$61,REF!F$2:F$61) -> MUND APARTMENTS | H36: =P36 -> 85 | J36: 45962 | K36: 46022 | L36: 100 | M36: 36 | N36: AComm\AComm LTC\MD\AMV\IL AMV\Mund Apt | O36: 126 | P36: 85
A37: =J37 -> 45658 | B37: =K37 -> 46022 | C37: =_xlfn.XLOOKUP($L37&"-"&$M37,REF!$J$2:$J$61,REF!B$2:B$61) -> PRIVATE PAY | D37: =_xlfn.XLOOKUP($L37&"-"&$M37,REF!$J$2:$J$61,REF!C$2:C$61) -> PPM AL | E37: =_xlfn.XLOOKUP($L37&"-"&$M37,REF!$J$2:$J$61,REF!D$2:D$61) -> ASBURY METHODIST VILLAGE | F37: =_xlfn.XLOOKUP($L37&"-"&$M37,REF!$J$2:$J$61,REF!E$2:E$61) -> AMV ASSISTED LIVING | G37: =_xlfn.XLOOKUP($L37&"-"&$M37,REF!$J$2:$J$61,REF!F$2:F$61) -> KINDLEY | H37: =P37 -> 124 | J37: 45658 | K37: 46022 | L37: 100 | M37: 51 | N37: AComm\AComm LTC\MD\AMV\AL AMV\Kindley | O37: 133 | P37: 124
A38: =J38 -> 45658 | B38: =K38 -> 46022 | C38: =_xlfn.XLOOKUP($L38&"-"&$M38,REF!$J$2:$J$61,REF!B$2:B$61) -> Hospice | D38: =_xlfn.XLOOKUP($L38&"-"&$M38,REF!$J$2:$J$61,REF!C$2:C$61) -> Hospice - Private Pay | E38: =_xlfn.XLOOKUP($L38&"-"&$M38,REF!$J$2:$J$61,REF!D$2:D$61) -> ASBURY METHODIST VILLAGE | F38: =_xlfn.XLOOKUP($L38&"-"&$M38,REF!$J$2:$J$61,REF!E$2:E$61) -> SKILLED NURSING | G38: =_xlfn.XLOOKUP($L38&"-"&$M38,REF!$J$2:$J$61,REF!F$2:F$61) -> AMV - WILSON HEALTH CARE CENTER | H38: =P38 -> 133 | J38: 45658 | K38: 46022 | L38: 100 | M38: 61 | N38: AComm\AComm LTC\MD\AMV\SNF AMV | O38: 139 | P38: 133
A39: =J39 -> 45658 | B39: =K39 -> 46022 | C39: =_xlfn.XLOOKUP($L39&"-"&$M39,REF!$J$2:$J$61,REF!B$2:B$61) -> Medicare Advantage | D39: =_xlfn.XLOOKUP($L39&"-"&$M39,REF!$J$2:$J$61,REF!C$2:C$61) -> Med Adv HMO A | E39: =_xlfn.XLOOKUP($L39&"-"&$M39,REF!$J$2:$J$61,REF!D$2:D$61) -> ASBURY METHODIST VILLAGE | F39: =_xlfn.XLOOKUP($L39&"-"&$M39,REF!$J$2:$J$61,REF!E$2:E$61) -> SKILLED NURSING - Household | G39: =_xlfn.XLOOKUP($L39&"-"&$M39,REF!$J$2:$J$61,REF!F$2:F$61) -> AMV - WILSON HEALTH CARE CENTER | H39: =P39 -> 45 | J39: 45658 | K39: 46022 | L39: 100 | M39: 62 | N39: AComm\AComm LTC\MD\AMV\SNF AMV H | O39: 46 | P39: 45
A40: =J40 -> 45658 | B40: =K40 -> 46022 | C40: =_xlfn.XLOOKUP($L40&"-"&$M40,REF!$J$2:$J$61,REF!B$2:B$61) -> PRIVATE PAY | D40: =_xlfn.XLOOKUP($L40&"-"&$M40,REF!$J$2:$J$61,REF!C$2:C$61) -> PPM IL | E40: =_xlfn.XLOOKUP($L40&"-"&$M40,REF!$J$2:$J$61,REF!D$2:D$61) -> ASBURY SOLOMONS | F40: =_xlfn.XLOOKUP($L40&"-"&$M40,REF!$J$2:$J$61,REF!E$2:E$61) -> AS INDEPENDENT LIVING | G40: =_xlfn.XLOOKUP($L40&"-"&$M40,REF!$J$2:$J$61,REF!F$2:F$61) -> IL COTTAGES | H40: =P40 -> 71 | J40: 45658 | K40: 46022 | L40: 200 | M40: 21 | N40: AComm\AComm LTC\MD\AS\IL AS\IL Cottages | O40: 72 | P40: 71
A41: =J41 -> 45658 | B41: =K41 -> 46022 | C41: =_xlfn.XLOOKUP($L41&"-"&$M41,REF!$J$2:$J$61,REF!B$2:B$61) -> PRIVATE PAY | D41: =_xlfn.XLOOKUP($L41&"-"&$M41,REF!$J$2:$J$61,REF!C$2:C$61) -> PPM IL | E41: =_xlfn.XLOOKUP($L41&"-"&$M41,REF!$J$2:$J$61,REF!D$2:D$61) -> ASBURY SOLOMONS | F41: =_xlfn.XLOOKUP($L41&"-"&$M41,REF!$J$2:$J$61,REF!E$2:E$61) -> AS INDEPENDENT LIVING | G41: =_xlfn.XLOOKUP($L41&"-"&$M41,REF!$J$2:$J$61,REF!F$2:F$61) -> IL NORTH APARTMENTS | H41: =P41 -> 134 | J41: 45658 | K41: 46022 | L41: 200 | M41: 31 | N41: AComm\AComm LTC\MD\AS\IL AS\IL North Apt | O41: 142 | P41: 134
A42: =J42 -> 45658 | B42: =K42 -> 46022 | C42: =_xlfn.XLOOKUP($L42&"-"&$M42,REF!$J$2:$J$61,REF!B$2:B$61) -> PRIVATE PAY | D42: =_xlfn.XLOOKUP($L42&"-"&$M42,REF!$J$2:$J$61,REF!C$2:C$61) -> PPM IL | E42: =_xlfn.XLOOKUP($L42&"-"&$M42,REF!$J$2:$J$61,REF!D$2:D$61) -> ASBURY SOLOMONS | F42: =_xlfn.XLOOKUP($L42&"-"&$M42,REF!$J$2:$J$61,REF!E$2:E$61) -> AS INDEPENDENT LIVING | G42: =_xlfn.XLOOKUP($L42&"-"&$M42,REF!$J$2:$J$61,REF!F$2:F$61) -> IL SOUTH APARTMENTS | H42: =P42 -> 83 | J42: 45658 | K42: 46022 | L42: 200 | M42: 32 | N42: AComm\AComm LTC\MD\AS\IL AS\IL South Apt | O42: 86 | P42: 83
A43: =J43 -> 45658 | B43: =K43 -> 46022 | C43: =_xlfn.XLOOKUP($L43&"-"&$M43,REF!$J$2:$J$61,REF!B$2:B$61) -> PRIVATE PAY | D43: =_xlfn.XLOOKUP($L43&"-"&$M43,REF!$J$2:$J$61,REF!C$2:C$61) -> PPM AL | E43: =_xlfn.XLOOKUP($L43&"-"&$M43,REF!$J$2:$J$61,REF!D$2:D$61) -> ASBURY SOLOMONS | F43: =_xlfn.XLOOKUP($L43&"-"&$M43,REF!$J$2:$J$61,REF!E$2:E$61) -> AS ASSISTED LIVING | G43: =_xlfn.XLOOKUP($L43&"-"&$M43,REF!$J$2:$J$61,REF!F$2:F$61) -> ASSISTED LIVING | H43: =P43 -> 23.5 | J43: 45658 | K43: 46022 | L43: 200 | M43: 51 | N43: AComm\AComm LTC\MD\AS\AL AS\AL | O43: 24 | P43: 23.5
... A65: =J65 -> 45658 | B65: =K65 -> 46022 | C65: =_xlfn.XLOOKUP($L65&"-"&$M65,REF!$J$2:$J$61,REF!B$2:B$61) -> MANAGED CARE | D65: =_xlfn.XLOOKUP($L65&"-"&$M65,REF!$J$2:$J$61,REF!C$2:C$61) -> MGCARE LEVEL OF CARE | E65: =_xlfn.XLOOKUP($L65&"-"&$M65,REF!$J$2:$J$61,REF!D$2:D$61) -> Normandie Ridge | F65: =_xlfn.XLOOKUP($L65&"-"&$M65,REF!$J$2:$J$61,REF!E$2:E$61) -> SKILLED NURSING | G65: =_xlfn.XLOOKUP($L65&"-"&$M65,REF!$J$2:$J$61,REF!F$2:F$61) -> NORMANDIE RIDGE SNF | H65: =P65 -> 61 | J65: 45658 | K65: 46022 | L65: 840 | M65: 61 | N65: Skilled Nursing Facility | O65: 64 | P65: 61
A66: =J66 -> 45658 | B66: =K66 -> 46022 | C66: =_xlfn.XLOOKUP($L66&"-"&$M66,REF!$J$2:$J$61,REF!B$2:B$61) -> PRIVATE PAY | D66: =_xlfn.XLOOKUP($L66&"-"&$M66,REF!$J$2:$J$61,REF!C$2:C$61) -> PPM AL | E66: =_xlfn.XLOOKUP($L66&"-"&$M66,REF!$J$2:$J$61,REF!D$2:D$61) -> Normandie Ridge | F66: =_xlfn.XLOOKUP($L66&"-"&$M66,REF!$J$2:$J$61,REF!E$2:E$61) -> NORMANDIE RIDGE AL | G66: =_xlfn.XLOOKUP($L66&"-"&$M66,REF!$J$2:$J$61,REF!F$2:F$61) -> NR PC | H66: =P66+P67 -> 24 | J66: 45658 | K66: 46022 | L66: 840 | M66: 51 | N66: AComm\AComm LTC\PA\NR\AL NR\NR PC | O66: 9 | P66: 8.5 | Q66: combine 51 and 52
A67: =J68 -> 45658 | B67: =K68 -> 46022 | C67: PRIVATE PAY | D67: PPM IL | E67: Grace Park | F67: GP Independent Living | G67: GP Cottages | H67: =P68 -> 12 | J67: 45658 | K67: 46022 | L67: 840 | M67: 52 | N67: Assisted Living (Memory Care) | O67: 16 | P67: 15.5 | Q67: combine 51 and 52
A68: =J69 -> 45658 | B68: =K69 -> 46022 | C68: PRIVATE PAY | D68: PPM AL | E68: Grace Park | F68: GP Assisted Living | G68: GP PC | H68: =P69+P70 -> 77 | J68: 45658 | K68: 46022 | L68: 350 | M68: 21 | N68: AComm\AComm LTC\PA\GP\IL GP\GP Cottage Units | O68: 13 | P68: 12
A69: =J71 -> 45658 | B69: =K71 -> 45688 | C69: =$C$68 -> PRIVATE PAY | D69: =$D$68 -> PPM AL | E69: Ivy Gables | F69: IG Assisted Living | G69: IG PC | H69: =P71+$P$75 -> 42 | J69: 45658 | K69: 46022 | L69: 350 | M69: 51 | N69: AComm\AComm LTC\PA\GP\AL GP\GP PC | O69: 70 | P69: 66 | Q69: combine 51 and 52
A70: =J72 -> 45689 | B70: =K72 -> 45716 | C70: =$C$68 -> PRIVATE PAY | D70: =$D$68 -> PPM AL | E70: Ivy Gables | F70: IG Assisted Living | G70: IG PC | H70: =P72+$P$75 -> 43 | J70: 45658 | K70: 46022 | L70: 350 | M70: 52 | N70: AComm\AComm LTC\PA\GP\AL GP\GP PC | O70: 12 | P70: 11 | Q70: combine 51 and 52
A71: =J73 -> 45717 | B71: =K73 -> 45747 | C71: =$C$68 -> PRIVATE PAY | D71: =$D$68 -> PPM AL | E71: Ivy Gables | F71: IG Assisted Living | G71: IG PC | H71: =P73+$P$75 -> 44 | J71: 45658 | K71: 45688 | L71: 360 | M71: 51 | N71: AComm\AComm LTC\DE\IG\AL IG\IG AL | O71: 43 | P71: 34 | Q71: combine 51 and 52
A72: =J74 -> 45748 | B72: =K74 -> 46022 | C72: =$C$68 -> PRIVATE PAY | D72: =$D$68 -> PPM AL | E72: Ivy Gables | F72: IG Assisted Living | G72: IG PC | H72: =P74+$P$75 -> 45 | J72: 45689 | K72: 45716 | L72: 360 | M72: 51 | N72: AComm\AComm LTC\DE\IG\AL IG\IG AL | O72: 43 | P72: 35 | Q72: combine 51 and 52
A73: {=INDEX('OC-SNF PMix Anc Days'!$DA$6:$EV$41,_xlfn.XMATCH($U73,'OC-SNF PMix Anc Days'!$CT$6:$CT$41),_xlfn.XMATCH(A$3&$S73,'OC-SNF PMix Anc Days'!$DA$3:$EV$3))} -> 45658 | B73: {=INDEX('OC-SNF PMix Anc Days'!$DA$6:$EV$41,_xlfn.XMATCH($U73,'OC-SNF PMix Anc Days'!$CT$6:$CT$41),_xlfn.XMATCH(B$3&$S73,'OC-SNF PMix Anc Days'!$DA$3:$EV$3))} -> 46022 | C73: {=INDEX('OC-SNF PMix Anc Days'!$DA$6:$EV$41,_xlfn.XMATCH($U73,'OC-SNF PMix Anc Days'!$CT$6:$CT$41),_xlfn.XMATCH(C$3&$S73,'OC-SNF PMix Anc Days'!$DA$3:$EV$3))} -> MEDICAREA/MC HMO | D73: {=INDEX('OC-SNF PMix Anc Days'!$DA$6:$EV$41,_xlfn.XMATCH($U73,'OC-SNF PMix Anc Days'!$CT$6:$CT$41),_xlfn.XMATCH(D$3&$S73,'OC-SNF PMix Anc Days'!$DA$3:$EV$3))} -> MEDICARE A HIGHMARK | E73: {=INDEX('OC-SNF PMix Anc Days'!$DA$6:$EV$41,_xlfn.XMATCH($U73,'OC-SNF PMix Anc Days'!$CT$6:$CT$41),_xlfn.XMATCH(E$3&$S73,'OC-SNF PMix Anc Days'!$DA$3:$EV$3))} -> ASBURY METHODIST VILLAGE | F73: {=INDEX('OC-SNF PMix Anc Days'!$DA$6:$EV$41,_xlfn.XMATCH($U73,'OC-SNF PMix Anc Days'!$CT$6:$CT$41),_xlfn.XMATCH(F$3&$S73,'OC-SNF PMix Anc Days'!$DA$3:$EV$3))} -> SKILLED NURSING | G73: {=INDEX('OC-SNF PMix Anc Days'!$DA$6:$EV$41,_xlfn.XMATCH($U73,'OC-SNF PMix Anc Days'!$CT$6:$CT$41),_xlfn.XMATCH(G$3&$S73,'OC-SNF PMix Anc Days'!$DA$3:$EV$3))} -> AMV - WILSON HEALTH CARE CENTER | H73: {=INDEX('OC-SNF PMix Anc Days'!$DA$6:$EV$41,_xlfn.XMATCH($U73,'OC-SNF PMix Anc Days'!$CT$6:$CT$41),_xlfn.XMATCH(H$3&$S73,'OC-SNF PMix Anc Days'!$DA$3:$EV$3))} -> 1.995 | J73: 45717 | K73: 45747 | L73: 360 | M73: 51 | N73: AComm\AComm LTC\DE\IG\AL IG\IG AL | O73: 43 | P73: 36 | Q73: combine 51 and 52 | S73: =COUNTIFS($W$73:W73,W73,$X$73:X73,X73,$Y$73:Y73,Y73) -> 1 | U73: =W73&X73&Y73 -> 10061Medicare A | W73: 100 | X73: 61 | Y73: Medicare A | AA73: 1
A74: {=INDEX('OC-SNF PMix Anc Days'!$DA$6:$EV$41,_xlfn.XMATCH($U74,'OC-SNF PMix Anc Days'!$CT$6:$CT$41),_xlfn.XMATCH(A$3&$S74,'OC-SNF PMix Anc Days'!$DA$3:$EV$3))} -> 45658 | B74: {=INDEX('OC-SNF PMix Anc Days'!$DA$6:$EV$41,_xlfn.XMATCH($U74,'OC-SNF PMix Anc Days'!$CT$6:$CT$41),_xlfn.XMATCH(B$3&$S74,'OC-SNF PMix Anc Days'!$DA$3:$EV$3))} -> 46022 | C74: {=INDEX('OC-SNF PMix Anc Days'!$DA$6:$EV$41,_xlfn.XMATCH($U74,'OC-SNF PMix Anc Days'!$CT$6:$CT$41),_xlfn.XMATCH(C$3&$S74,'OC-SNF PMix Anc Days'!$DA$3:$EV$3))} -> MEDICAID | D74: {=INDEX('OC-SNF PMix Anc Days'!$DA$6:$EV$41,_xlfn.XMATCH($U74,'OC-SNF PMix Anc Days'!$CT$6:$CT$41),_xlfn.XMATCH(D$3&$S74,'OC-SNF PMix Anc Days'!$DA$3:$EV$3))} -> MARYLAND MEDICAID | E74: {=INDEX('OC-SNF PMix Anc Days'!$DA$6:$EV$41,_xlfn.XMATCH($U74,'OC-SNF PMix Anc Days'!$CT$6:$CT$41),_xlfn.XMATCH(E$3&$S74,'OC-SNF PMix Anc Days'!$DA$3:$EV$3))} -> ASBURY METHODIST VILLAGE | F74: {=INDEX('OC-SNF PMix Anc Days'!$DA$6:$EV$41,_xlfn.XMATCH($U74,'OC-SNF PMix Anc Days'!$CT$6:$CT$41),_xlfn.XMATCH(F$3&$S74,'OC-SNF PMix Anc Days'!$DA$3:$EV$3))} -> SKILLED NURSING | G74: {=INDEX('OC-SNF PMix Anc Days'!$DA$6:$EV$41,_xlfn.XMATCH($U74,'OC-SNF PMix Anc Days'!$CT$6:$CT$41),_xlfn.XMATCH(G$3&$S74,'OC-SNF PMix Anc Days'!$DA$3:$EV$3))} -> AMV - WILSON HEALTH CARE CENTER | H74: {=INDEX('OC-SNF PMix Anc Days'!$DA$6:$EV$41,_xlfn.XMATCH($U74,'OC-SNF PMix Anc Days'!$CT$6:$CT$41),_xlfn.XMATCH(H$3&$S74,'OC-SNF PMix Anc Days'!$DA$3:$EV$3))} -> 85.0003 | J74: 45748 | K74: 46022 | L74: 360 | M74: 51 | N74: AComm\AComm LTC\DE\IG\AL IG\IG AL | O74: 43 | P74: 37 | S74: =COUNTIFS($W$73:W74,W74,$X$73:X74,X74,$Y$73:Y74,Y74) -> 1 | U74: =W74&X74&Y74 -> 10061Medicaid | W74: 100 | X74: 61 | Y74: Medicaid | AA74: 1
A75: {=INDEX('OC-SNF PMix Anc Days'!$DA$6:$EV$41,_xlfn.XMATCH($U75,'OC-SNF PMix Anc Days'!$CT$6:$CT$41),_xlfn.XMATCH(A$3&$S75,'OC-SNF PMix Anc Days'!$DA$3:$EV$3))} -> 45658 | B75: {=INDEX('OC-SNF PMix Anc Days'!$DA$6:$EV$41,_xlfn.XMATCH($U75,'OC-SNF PMix Anc Days'!$CT$6:$CT$41),_xlfn.XMATCH(B$3&$S75,'OC-SNF PMix Anc Days'!$DA$3:$EV$3))} -> 46022 | C75: {=INDEX('OC-SNF PMix Anc Days'!$DA$6:$EV$41,_xlfn.XMATCH($U75,'OC-SNF PMix Anc Days'!$CT$6:$CT$41),_xlfn.XMATCH(C$3&$S75,'OC-SNF PMix Anc Days'!$DA$3:$EV$3))} -> PRIVATE PAY | D75: {=INDEX('OC-SNF PMix Anc Days'!$DA$6:$EV$41,_xlfn.XMATCH($U75,'OC-SNF PMix Anc Days'!$CT$6:$CT$41),_xlfn.XMATCH(D$3&$S75,'OC-SNF PMix Anc Days'!$DA$3:$EV$3))} -> PRIVATE PAY | E75: {=INDEX('OC-SNF PMix Anc Days'!$DA$6:$EV$41,_xlfn.XMATCH($U75,'OC-SNF PMix Anc Days'!$CT$6:$CT$41),_xlfn.XMATCH(E$3&$S75,'OC-SNF PMix Anc Days'!$DA$3:$EV$3))} -> ASBURY METHODIST VILLAGE | F75: {=INDEX('OC-SNF PMix Anc Days'!$DA$6:$EV$41,_xlfn.XMATCH($U75,'OC-SNF PMix Anc Days'!$CT$6:$CT$41),_xlfn.XMATCH(F$3&$S75,'OC-SNF PMix Anc Days'!$DA$3:$EV$3))} -> SKILLED NURSING | G75: {=INDEX('OC-SNF PMix Anc Days'!$DA$6:$EV$41,_xlfn.XMATCH($U75,'OC-SNF PMix Anc Days'!$CT$6:$CT$41),_xlfn.XMATCH(G$3&$S75,'OC-SNF PMix Anc Days'!$DA$3:$EV$3))} -> AMV - WILSON HEALTH CARE CENTER | H75: {=INDEX('OC-SNF PMix Anc Days'!$DA$6:$EV$41,_xlfn.XMATCH($U75,'OC-SNF PMix Anc Days'!$CT$6:$CT$41),_xlfn.XMATCH(H$3&$S75,'OC-SNF PMix Anc Days'!$DA$3:$EV$3))} -> 42.9989 | J75: 45658 | K75: 46022 | L75: 360 | M75: 52 | N75: AComm\AComm LTC\DE\IG\AL IG\IG AL | O75: 9 | P75: 8 | S75: =COUNTIFS($W$73:W75,W75,$X$73:X75,X75,$Y$73:Y75,Y75) -> 1 | U75: =W75&X75&Y75 -> 10061Private Pay | W75: 100 | X75: 61 | Y75: Private Pay | AA75: 1
A76: {=INDEX('OC-SNF PMix Anc Days'!$DA$6:$EV$41,_xlfn.XMATCH($U76,'OC-SNF PMix Anc Days'!$CT$6:$CT$41),_xlfn.XMATCH(A$3&$S76,'OC-SNF PMix Anc Days'!$DA$3:$EV$3))} -> 45658 | B76: {=INDEX('OC-SNF PMix Anc Days'!$DA$6:$EV$41,_xlfn.XMATCH($U76,'OC-SNF PMix Anc Days'!$CT$6:$CT$41),_xlfn.XMATCH(B$3&$S76,'OC-SNF PMix Anc Days'!$DA$3:$EV$3))} -> 46022 | C76: {=INDEX('OC-SNF PMix Anc Days'!$DA$6:$EV$41,_xlfn.XMATCH($U76,'OC-SNF PMix Anc Days'!$CT$6:$CT$41),_xlfn.XMATCH(C$3&$S76,'OC-SNF PMix Anc Days'!$DA$3:$EV$3))} -> Hospice | D76: {=INDEX('OC-SNF PMix Anc Days'!$DA$6:$EV$41,_xlfn.XMATCH($U76,'OC-SNF PMix Anc Days'!$CT$6:$CT$41),_xlfn.XMATCH(D$3&$S76,'OC-SNF PMix Anc Days'!$DA$3:$EV$3))} -> Hospice - Private Pay | E76: {=INDEX('OC-SNF PMix Anc Days'!$DA$6:$EV$41,_xlfn.XMATCH($U76,'OC-SNF PMix Anc Days'!$CT$6:$CT$41),_xlfn.XMATCH(E$3&$S76,'OC-SNF PMix Anc Days'!$DA$3:$EV$3))} -> ASBURY METHODIST VILLAGE | F76: {=INDEX('OC-SNF PMix Anc Days'!$DA$6:$EV$41,_xlfn.XMATCH($U76,'OC-SNF PMix Anc Days'!$CT$6:$CT$41),_xlfn.XMATCH(F$3&$S76,'OC-SNF PMix Anc Days'!$DA$3:$EV$3))} -> SKILLED NURSING | G76: {=INDEX('OC-SNF PMix Anc Days'!$DA$6:$EV$41,_xlfn.XMATCH($U76,'OC-SNF PMix Anc Days'!$CT$6:$CT$41),_xlfn.XMATCH(G$3&$S76,'OC-SNF PMix Anc Days'!$DA$3:$EV$3))} -> AMV - WILSON HEALTH CARE CENTER | H76: {=INDEX('OC-SNF PMix Anc Days'!$DA$6:$EV$41,_xlfn.XMATCH($U76,'OC-SNF PMix Anc Days'!$CT$6:$CT$41),_xlfn.XMATCH(H$3&$S76,'OC-SNF PMix Anc Days'!$DA$3:$EV$3))} -> 3.0058 | S76: =COUNTIFS($W$73:W76,W76,$X$73:X76,X76,$Y$73:Y76,Y76) -> 1 | U76: =W76&X76&Y76 -> 10061Hospice | W76: 100 | X76: 61 | Y76: Hospice | AA76: 1
A77: {=INDEX('OC-SNF PMix Anc Days'!$DA$6:$EV$41,_xlfn.XMATCH($U77,'OC-SNF PMix Anc Days'!$CT$6:$CT$41),_xlfn.XMATCH(A$3&$S77,'OC-SNF PMix Anc Days'!$DA$3:$EV$3))} -> 45658 | B77: {=INDEX('OC-SNF PMix Anc Days'!$DA$6:$EV$41,_xlfn.XMATCH($U77,'OC-SNF PMix Anc Days'!$CT$6:$CT$41),_xlfn.XMATCH(B$3&$S77,'OC-SNF PMix Anc Days'!$DA$3:$EV$3))} -> 46022 | C77: {=INDEX('OC-SNF PMix Anc Days'!$DA$6:$EV$41,_xlfn.XMATCH($U77,'OC-SNF PMix Anc Days'!$CT$6:$CT$41),_xlfn.XMATCH(C$3&$S77,'OC-SNF PMix Anc Days'!$DA$3:$EV$3))} -> MEDICAREA/MC HMO | D77: {=INDEX('OC-SNF PMix Anc Days'!$DA$6:$EV$41,_xlfn.XMATCH($U77,'OC-SNF PMix Anc Days'!$CT$6:$CT$41),_xlfn.XMATCH(D$3&$S77,'OC-SNF PMix Anc Days'!$DA$3:$EV$3))} -> MEDICARE A HIGHMARK | E77: {=INDEX('OC-SNF PMix Anc Days'!$DA$6:$EV$41,_xlfn.XMATCH($U77,'OC-SNF PMix Anc Days'!$CT$6:$CT$41),_xlfn.XMATCH(E$3&$S77,'OC-SNF PMix Anc Days'!$DA$3:$EV$3))} -> ASBURY METHODIST VILLAGE | F77: {=INDEX('OC-SNF PMix Anc Days'!$DA$6:$EV$41,_xlfn.XMATCH($U77,'OC-SNF PMix Anc Days'!$CT$6:$CT$41),_xlfn.XMATCH(F$3&$S77,'OC-SNF PMix Anc Days'!$DA$3:$EV$3))} -> SKILLED NURSING - Household | G77: {=INDEX('OC-SNF PMix Anc Days'!$DA$6:$EV$41,_xlfn.XMATCH($U77,'OC-SNF PMix Anc Days'!$CT$6:$CT$41),_xlfn.XMATCH(G$3&$S77,'OC-SNF PMix Anc Days'!$DA$3:$EV$3))} -> AMV - WILSON HEALTH CARE CENTER | H77: {=INDEX('OC-SNF PMix Anc Days'!$DA$6:$EV$41,_xlfn.XMATCH($U77,'OC-SNF PMix Anc Days'!$CT$6:$CT$41),_xlfn.XMATCH(H$3&$S77,'OC-SNF PMix Anc Days'!$DA$3:$EV$3))} -> 34.002 | S77: =COUNTIFS($W$73:W77,W77,$X$73:X77,X77,$Y$73:Y77,Y77) -> 1 | U77: =W77&X77&Y77 -> 10062Medicare A | W77: 100 | X77: 62 | Y77: Medicare A | AA77: 1
A78: {=INDEX('OC-SNF PMix Anc Days'!$DA$6:$EV$41,_xlfn.XMATCH($U78,'OC-SNF PMix Anc Days'!$CT$6:$CT$41),_xlfn.XMATCH(A$3&$S78,'OC-SNF PMix Anc Days'!$DA$3:$EV$3))} -> 45658 | B78: {=INDEX('OC-SNF PMix Anc Days'!$DA$6:$EV$41,_xlfn.XMATCH($U78,'OC-SNF PMix Anc Days'!$CT$6:$CT$41),_xlfn.XMATCH(B$3&$S78,'OC-SNF PMix Anc Days'!$DA$3:$EV$3))} -> 46022 | C78: {=INDEX('OC-SNF PMix Anc Days'!$DA$6:$EV$41,_xlfn.XMATCH($U78,'OC-SNF PMix Anc Days'!$CT$6:$CT$41),_xlfn.XMATCH(C$3&$S78,'OC-SNF PMix Anc Days'!$DA$3:$EV$3))} -> Medicare Advantage | D78: {=INDEX('OC-SNF PMix Anc Days'!$DA$6:$EV$41,_xlfn.XMATCH($U78,'OC-SNF PMix Anc Days'!$CT$6:$CT$41),_xlfn.XMATCH(D$3&$S78,'OC-SNF PMix Anc Days'!$DA$3:$EV$3))} -> Med Adv HMO A | E78: {=INDEX('OC-SNF PMix Anc Days'!$DA$6:$EV$41,_xlfn.XMATCH($U78,'OC-SNF PMix Anc Days'!$CT$6:$CT$41),_xlfn.XMATCH(E$3&$S78,'OC-SNF PMix Anc Days'!$DA$3:$EV$3))} -> ASBURY METHODIST VILLAGE | F78: {=INDEX('OC-SNF PMix Anc Days'!$DA$6:$EV$41,_xlfn.XMATCH($U78,'OC-SNF PMix Anc Days'!$CT$6:$CT$41),_xlfn.XMATCH(F$3&$S78,'OC-SNF PMix Anc Days'!$DA$3:$EV$3))} -> SKILLED NURSING - Household | G78: {=INDEX('OC-SNF PMix Anc Days'!$DA$6:$EV$41,_xlfn.XMATCH($U78,'OC-SNF PMix Anc Days'!$CT$6:$CT$41),_xlfn.XMATCH(G$3&$S78,'OC-SNF PMix Anc Days'!$DA$3:$EV$3))} -> AMV - WILSON HEALTH CARE CENTER | H78: {=INDEX('OC-SNF PMix Anc Days'!$DA$6:$EV$41,_xlfn.XMATCH($U78,'OC-SNF PMix Anc Days'!$CT$6:$CT$41),_xlfn.XMATCH(H$3&$S78,'OC-SNF PMix Anc Days'!$DA$3:$EV$3))} -> 9 | S78: =COUNTIFS($W$73:W78,W78,$X$73:X78,X78,$Y$73:Y78,Y78) -> 1 | U78: =W78&X78&Y78 -> 10062Medicare Advantage | W78: 100 | X78: 62 | Y78: Medicare Advantage | AA78: 1
A79: {=INDEX('OC-SNF PMix Anc Days'!$DA$6:$EV$41,_xlfn.XMATCH($U79,'OC-SNF PMix Anc Days'!$CT$6:$CT$41),_xlfn.XMATCH(A$3&$S79,'OC-SNF PMix Anc Days'!$DA$3:$EV$3))} -> 45658 | B79: {=INDEX('OC-SNF PMix Anc Days'!$DA$6:$EV$41,_xlfn.XMATCH($U79,'OC-SNF PMix Anc Days'!$CT$6:$CT$41),_xlfn.XMATCH(B$3&$S79,'OC-SNF PMix Anc Days'!$DA$3:$EV$3))} -> 46022 | C79: {=INDEX('OC-SNF PMix Anc Days'!$DA$6:$EV$41,_xlfn.XMATCH($U79,'OC-SNF PMix Anc Days'!$CT$6:$CT$41),_xlfn.XMATCH(C$3&$S79,'OC-SNF PMix Anc Days'!$DA$3:$EV$3))} -> MANAGED CARE | D79: {=INDEX('OC-SNF PMix Anc Days'!$DA$6:$EV$41,_xlfn.XMATCH($U79,'OC-SNF PMix Anc Days'!$CT$6:$CT$41),_xlfn.XMATCH(D$3&$S79,'OC-SNF PMix Anc Days'!$DA$3:$EV$3))} -> MGCARE LEVEL OF CARE | E79: {=INDEX('OC-SNF PMix Anc Days'!$DA$6:$EV$41,_xlfn.XMATCH($U79,'OC-SNF PMix Anc Days'!$CT$6:$CT$41),_xlfn.XMATCH(E$3&$S79,'OC-SNF PMix Anc Days'!$DA$3:$EV$3))} -> ASBURY METHODIST VILLAGE | F79: {=INDEX('OC-SNF PMix Anc Days'!$DA$6:$EV$41,_xlfn.XMATCH($U79,'OC-SNF PMix Anc Days'!$CT$6:$CT$41),_xlfn.XMATCH(F$3&$S79,'OC-SNF PMix Anc Days'!$DA$3:$EV$3))} -> SKILLED NURSING - Household | G79: {=INDEX('OC-SNF PMix Anc Days'!$DA$6:$EV$41,_xlfn.XMATCH($U79,'OC-SNF PMix Anc Days'!$CT$6:$CT$41),_xlfn.XMATCH(G$3&$S79,'OC-SNF PMix Anc Days'!$DA$3:$EV$3))} -> AMV - WILSON HEALTH CARE CENTER | H79: {=INDEX('OC-SNF PMix Anc Days'!$DA$6:$EV$41,_xlfn.XMATCH($U79,'OC-SNF PMix Anc Days'!$CT$6:$CT$41),_xlfn.XMATCH(H$3&$S79,'OC-SNF PMix Anc Days'!$DA$3:$EV$3))} -> 1.998 | S79: =COUNTIFS($W$73:W79,W79,$X$73:X79,X79,$Y$73:Y79,Y79) -> 1 | U79: =W79&X79&Y79 -> 10062Insurance | W79: 100 | X79: 62 | Y79: Insurance | AA79: 1
A80: {=INDEX('OC-SNF PMix Anc Days'!$DA$6:$EV$41,_xlfn.XMATCH($U80,'OC-SNF PMix Anc Days'!$CT$6:$CT$41),_xlfn.XMATCH(A$3&$S80,'OC-SNF PMix Anc Days'!$DA$3:$EV$3))} -> 45658 | B80: {=INDEX('OC-SNF PMix Anc Days'!$DA$6:$EV$41,_xlfn.XMATCH($U80,'OC-SNF PMix Anc Days'!$CT$6:$CT$41),_xlfn.XMATCH(B$3&$S80,'OC-SNF PMix Anc Days'!$DA$3:$EV$3))} -> 46022 | C80: {=INDEX('OC-SNF PMix Anc Days'!$DA$6:$EV$41,_xlfn.XMATCH($U80,'OC-SNF PMix Anc Days'!$CT$6:$CT$41),_xlfn.XMATCH(C$3&$S80,'OC-SNF PMix Anc Days'!$DA$3:$EV$3))} -> MEDICAREA/MC HMO | D80: {=INDEX('OC-SNF PMix Anc Days'!$DA$6:$EV$41,_xlfn.XMATCH($U80,'OC-SNF PMix Anc Days'!$CT$6:$CT$41),_xlfn.XMATCH(D$3&$S80,'OC-SNF PMix Anc Days'!$DA$3:$EV$3))} -> MEDICARE A HIGHMARK | E80: {=INDEX('OC-SNF PMix Anc Days'!$DA$6:$EV$41,_xlfn.XMATCH($U80,'OC-SNF PMix Anc Days'!$CT$6:$CT$41),_xlfn.XMATCH(E$3&$S80,'OC-SNF PMix Anc Days'!$DA$3:$EV$3))} -> ASBURY SOLOMONS | F80: {=INDEX('OC-SNF PMix Anc Days'!$DA$6:$EV$41,_xlfn.XMATCH($U80,'OC-SNF PMix Anc Days'!$CT$6:$CT$41),_xlfn.XMATCH(F$3&$S80,'OC-SNF PMix Anc Days'!$DA$3:$EV$3))} -> SKILLED NURSING | G80: {=INDEX('OC-SNF PMix Anc Days'!$DA$6:$EV$41,_xlfn.XMATCH($U80,'OC-SNF PMix Anc Days'!$CT$6:$CT$41),_xlfn.XMATCH(G$3&$S80,'OC-SNF PMix Anc Days'!$DA$3:$EV$3))} -> ASBURY SOLOMONS SKILLED NURSING | H80: {=INDEX('OC-SNF PMix Anc Days'!$DA$6:$EV$41,_xlfn.XMATCH($U80,'OC-SNF PMix Anc Days'!$CT$6:$CT$41),_xlfn.XMATCH(H$3&$S80,'OC-SNF PMix Anc Days'!$DA$3:$EV$3))} -> 5.3749875 | S80: =COUNTIFS($W$73:W80,W80,$X$73:X80,X80,$Y$73:Y80,Y80) -> 1 | U80: =W80&X80&Y80 -> 20061Medicare A | W80: 200 | X80: 61 | Y80: Medicare A | AA80: 1
A81: {=INDEX('OC-SNF PMix Anc Days'!$DA$6:$EV$41,_xlfn.XMATCH($U81,'OC-SNF PMix Anc Days'!$CT$6:$CT$41),_xlfn.XMATCH(A$3&$S81,'OC-SNF PMix Anc Days'!$DA$3:$EV$3))} -> 45658 | B81: {=INDEX('OC-SNF PMix Anc Days'!$DA$6:$EV$41,_xlfn.XMATCH($U81,'OC-SNF PMix Anc Days'!$CT$6:$CT$41),_xlfn.XMATCH(B$3&$S81,'OC-SNF PMix Anc Days'!$DA$3:$EV$3))} -> 46022 | C81: {=INDEX('OC-SNF PMix Anc Days'!$DA$6:$EV$41,_xlfn.XMATCH($U81,'OC-SNF PMix Anc Days'!$CT$6:$CT$41),_xlfn.XMATCH(C$3&$S81,'OC-SNF PMix Anc Days'!$DA$3:$EV$3))} -> Medicare Advantage | D81: {=INDEX('OC-SNF PMix Anc Days'!$DA$6:$EV$41,_xlfn.XMATCH($U81,'OC-SNF PMix Anc Days'!$CT$6:$CT$41),_xlfn.XMATCH(D$3&$S81,'OC-SNF PMix Anc Days'!$DA$3:$EV$3))} -> Med Adv HMO A | E81: {=INDEX('OC-SNF PMix Anc Days'!$DA$6:$EV$41,_xlfn.XMATCH($U81,'OC-SNF PMix Anc Days'!$CT$6:$CT$41),_xlfn.XMATCH(E$3&$S81,'OC-SNF PMix Anc Days'!$DA$3:$EV$3))} -> ASBURY SOLOMONS | F81: {=INDEX('OC-SNF PMix Anc Days'!$DA$6:$EV$41,_xlfn.XMATCH($U81,'OC-SNF PMix Anc Days'!$CT$6:$CT$41),_xlfn.XMATCH(F$3&$S81,'OC-SNF PMix Anc Days'!$DA$3:$EV$3))} -> SKILLED NURSING | G81: {=INDEX('OC-SNF PMix Anc Days'!$DA$6:$EV$41,_xlfn.XMATCH($U81,'OC-SNF PMix Anc Days'!$CT$6:$CT$41),_xlfn.XMATCH(G$3&$S81,'OC-SNF PMix Anc Days'!$DA$3:$EV$3))} -> ASBURY SOLOMONS SKILLED NURSING | H81: {=INDEX('OC-SNF PMix Anc Days'!$DA$6:$EV$41,_xlfn.XMATCH($U81,'OC-SNF PMix Anc Days'!$CT$6:$CT$41),_xlfn.XMATCH(H$3&$S81,'OC-SNF PMix Anc Days'!$DA$3:$EV$3))} -> 0.525 | S81: =COUNTIFS($W$73:W81,W81,$X$73:X81,X81,$Y$73:Y81,Y81) -> 1 | U81: =W81&X81&Y81 -> 20061Medicare Advantage | W81: 200 | X81: 61 | Y81: Medicare Advantage | AA81: 1
A82: {=INDEX('OC-SNF PMix Anc Days'!$DA$6:$EV$41,_xlfn.XMATCH($U82,'OC-SNF PMix Anc Days'!$CT$6:$CT$41),_xlfn.XMATCH(A$3&$S82,'OC-SNF PMix Anc Days'!$DA$3:$EV$3))} -> 45658 | B82: {=INDEX('OC-SNF PMix Anc Days'!$DA$6:$EV$41,_xlfn.XMATCH($U82,'OC-SNF PMix Anc Days'!$CT$6:$CT$41),_xlfn.XMATCH(B$3&$S82,'OC-SNF PMix Anc Days'!$DA$3:$EV$3))} -> 46022 | C82: {=INDEX('OC-SNF PMix Anc Days'!$DA$6:$EV$41,_xlfn.XMATCH($U82,'OC-SNF PMix Anc Days'!$CT$6:$CT$41),_xlfn.XMATCH(C$3&$S82,'OC-SNF PMix Anc Days'!$DA$3:$EV$3))} -> MEDICAID | D82: {=INDEX('OC-SNF PMix Anc Days'!$DA$6:$EV$41,_xlfn.XMATCH($U82,'OC-SNF PMix Anc Days'!$CT$6:$CT$41),_xlfn.XMATCH(D$3&$S82,'OC-SNF PMix Anc Days'!$DA$3:$EV$3))} -> MARYLAND MEDICAID | E82: {=INDEX('OC-SNF PMix Anc Days'!$DA$6:$EV$41,_xlfn.XMATCH($U82,'OC-SNF PMix Anc Days'!$CT$6:$CT$41),_xlfn.XMATCH(E$3&$S82,'OC-SNF PMix Anc Days'!$DA$3:$EV$3))} -> ASBURY SOLOMONS | F82: {=INDEX('OC-SNF PMix Anc Days'!$DA$6:$EV$41,_xlfn.XMATCH($U82,'OC-SNF PMix Anc Days'!$CT$6:$CT$41),_xlfn.XMATCH(F$3&$S82,'OC-SNF PMix Anc Days'!$DA$3:$EV$3))} -> SKILLED NURSING | G82: {=INDEX('OC-SNF PMix Anc Days'!$DA$6:$EV$41,_xlfn.XMATCH($U82,'OC-SNF PMix Anc Days'!$CT$6:$CT$41),_xlfn.XMATCH(G$3&$S82,'OC-SNF PMix Anc Days'!$DA$3:$EV$3))} -> ASBURY SOLOMONS SKILLED NURSING | H82: {=INDEX('OC-SNF PMix Anc Days'!$DA$6:$EV$41,_xlfn.XMATCH($U82,'OC-SNF PMix Anc Days'!$CT$6:$CT$41),_xlfn.XMATCH(H$3&$S82,'OC-SNF PMix Anc Days'!$DA$3:$EV$3))} -> 13.600013 | S82: =COUNTIFS($W$73:W82,W82,$X$73:X82,X82,$Y$73:Y82,Y82) -> 1 | U82: =W82&X82&Y82 -> 20061Medicaid | W82: 200 | X82: 61 | Y82: Medicaid | AA82: 1
A83: {=INDEX('OC-SNF PMix Anc Days'!$DA$6:$EV$41,_xlfn.XMATCH($U83,'OC-SNF PMix Anc Days'!$CT$6:$CT$41),_xlfn.XMATCH(A$3&$S83,'OC-SNF PMix Anc Days'!$DA$3:$EV$3))} -> 45658 | B83: {=INDEX('OC-SNF PMix Anc Days'!$DA$6:$EV$41,_xlfn.XMATCH($U83,'OC-SNF PMix Anc Days'!$CT$6:$CT$41),_xlfn.XMATCH(B$3&$S83,'OC-SNF PMix Anc Days'!$DA$3:$EV$3))} -> 46022 | C83: {=INDEX('OC-SNF PMix Anc Days'!$DA$6:$EV$41,_xlfn.XMATCH($U83,'OC-SNF PMix Anc Days'!$CT$6:$CT$41),_xlfn.XMATCH(C$3&$S83,'OC-SNF PMix Anc Days'!$DA$3:$EV$3))} -> PRIVATE PAY | D83: {=INDEX('OC-SNF PMix Anc Days'!$DA$6:$EV$41,_xlfn.XMATCH($U83,'OC-SNF PMix Anc Days'!$CT$6:$CT$41),_xlfn.XMATCH(D$3&$S83,'OC-SNF PMix Anc Days'!$DA$3:$EV$3))} -> PRIVATE PAY | E83: {=INDEX('OC-SNF PMix Anc Days'!$DA$6:$EV$41,_xlfn.XMATCH($U83,'OC-SNF PMix Anc Days'!$CT$6:$CT$41),_xlfn.XMATCH(E$3&$S83,'OC-SNF PMix Anc Days'!$DA$3:$EV$3))} -> ASBURY SOLOMONS | F83: {=INDEX('OC-SNF PMix Anc Days'!$DA$6:$EV$41,_xlfn.XMATCH($U83,'OC-SNF PMix Anc Days'!$CT$6:$CT$41),_xlfn.XMATCH(F$3&$S83,'OC-SNF PMix Anc Days'!$DA$3:$EV$3))} -> SKILLED NURSING | G83: {=INDEX('OC-SNF PMix Anc Days'!$DA$6:$EV$41,_xlfn.XMATCH($U83,'OC-SNF PMix Anc Days'!$CT$6:$CT$41),_xlfn.XMATCH(G$3&$S83,'OC-SNF PMix Anc Days'!$DA$3:$EV$3))} -> ASBURY SOLOMONS SKILLED NURSING | H83: {=INDEX('OC-SNF PMix Anc Days'!$DA$6:$EV$41,_xlfn.XMATCH($U83,'OC-SNF PMix Anc Days'!$CT$6:$CT$41),_xlfn.XMATCH(H$3&$S83,'OC-SNF PMix Anc Days'!$DA$3:$EV$3))} -> 18 | S83: =COUNTIFS($W$73:W83,W83,$X$73:X83,X83,$Y$73:Y83,Y83) -> 1 | U83: =W83&X83&Y83 -> 20061Private Pay | W83: 200 | X83: 61 | Y83: Private Pay | AA83: 1
A84: {=INDEX('OC-SNF PMix Anc Days'!$DA$6:$EV$41,_xlfn.XMATCH($U84,'OC-SNF PMix Anc Days'!$CT$6:$CT$41),_xlfn.XMATCH(A$3&$S84,'OC-SNF PMix Anc Days'!$DA$3:$EV$3))} -> 45658 | B84: {=INDEX('OC-SNF PMix Anc Days'!$DA$6:$EV$41,_xlfn.XMATCH($U84,'OC-SNF PMix Anc Days'!$CT$6:$CT$41),_xlfn.XMATCH(B$3&$S84,'OC-SNF PMix Anc Days'!$DA$3:$EV$3))} -> 46022 | C84: {=INDEX('OC-SNF PMix Anc Days'!$DA$6:$EV$41,_xlfn.XMATCH($U84,'OC-SNF PMix Anc Days'!$CT$6:$CT$41),_xlfn.XMATCH(C$3&$S84,'OC-SNF PMix Anc Days'!$DA$3:$EV$3))} -> MEDICAREA/MC HMO | D84: {=INDEX('OC-SNF PMix Anc Days'!$DA$6:$EV$41,_xlfn.XMATCH($U84,'OC-SNF PMix Anc Days'!$CT$6:$CT$41),_xlfn.XMATCH(D$3&$S84,'OC-SNF PMix Anc Days'!$DA$3:$EV$3))} -> MEDICARE A HIGHMARK | E84: {=INDEX('OC-SNF PMix Anc Days'!$DA$6:$EV$41,_xlfn.XMATCH($U84,'OC-SNF PMix Anc Days'!$CT$6:$CT$41),_xlfn.XMATCH(E$3&$S84,'OC-SNF PMix Anc Days'!$DA$3:$EV$3))} -> SPRINGHILL | F84: {=INDEX('OC-SNF PMix Anc Days'!$DA$6:$EV$41,_xlfn.XMATCH($U84,'OC-SNF PMix Anc Days'!$CT$6:$CT$41),_xlfn.XMATCH(F$3&$S84,'OC-SNF PMix Anc Days'!$DA$3:$EV$3))} -> SKILLED NURSING | G84: {=INDEX('OC-SNF PMix Anc Days'!$DA$6:$EV$41,_xlfn.XMATCH($U84,'OC-SNF PMix Anc Days'!$CT$6:$CT$41),_xlfn.XMATCH(G$3&$S84,'OC-SNF PMix Anc Days'!$DA$3:$EV$3))} -> Forest View | H84: {=INDEX('OC-SNF PMix Anc Days'!$DA$6:$EV$41,_xlfn.XMATCH($U84,'OC-SNF PMix Anc Days'!$CT$6:$CT$41),_xlfn.XMATCH(H$3&$S84,'OC-SNF PMix Anc Days'!$DA$3:$EV$3))} -> 1.999981 | S84: =COUNTIFS($W$73:W84,W84,$X$73:X84,X84,$Y$73:Y84,Y84) -> 1 | U84: =W84&X84&Y84 -> 32461Medicare A | W84: 324 | X84: 61 | Y84: Medicare A | AA84: 1
A85: {=INDEX('OC-SNF PMix Anc Days'!$DA$6:$EV$41,_xlfn.XMATCH($U85,'OC-SNF PMix Anc Days'!$CT$6:$CT$41),_xlfn.XMATCH(A$3&$S85,'OC-SNF PMix Anc Days'!$DA$3:$EV$3))} -> 45658 | B85: {=INDEX('OC-SNF PMix Anc Days'!$DA$6:$EV$41,_xlfn.XMATCH($U85,'OC-SNF PMix Anc Days'!$CT$6:$CT$41),_xlfn.XMATCH(B$3&$S85,'OC-SNF PMix Anc Days'!$DA$3:$EV$3))} -> 46022 | C85: {=INDEX('OC-SNF PMix Anc Days'!$DA$6:$EV$41,_xlfn.XMATCH($U85,'OC-SNF PMix Anc Days'!$CT$6:$CT$41),_xlfn.XMATCH(C$3&$S85,'OC-SNF PMix Anc Days'!$DA$3:$EV$3))} -> Medicare Advantage | D85: {=INDEX('OC-SNF PMix Anc Days'!$DA$6:$EV$41,_xlfn.XMATCH($U85,'OC-SNF PMix Anc Days'!$CT$6:$CT$41),_xlfn.XMATCH(D$3&$S85,'OC-SNF PMix Anc Days'!$DA$3:$EV$3))} -> Med Adv HMO A | E85: {=INDEX('OC-SNF PMix Anc Days'!$DA$6:$EV$41,_xlfn.XMATCH($U85,'OC-SNF PMix Anc Days'!$CT$6:$CT$41),_xlfn.XMATCH(E$3&$S85,'OC-SNF PMix Anc Days'!$DA$3:$EV$3))} -> SPRINGHILL | F85: {=INDEX('OC-SNF PMix Anc Days'!$DA$6:$EV$41,_xlfn.XMATCH($U85,'OC-SNF PMix Anc Days'!$CT$6:$CT$41),_xlfn.XMATCH(F$3&$S85,'OC-SNF PMix Anc Days'!$DA$3:$EV$3))} -> SKILLED NURSING | G85: {=INDEX('OC-SNF PMix Anc Days'!$DA$6:$EV$41,_xlfn.XMATCH($U85,'OC-SNF PMix Anc Days'!$CT$6:$CT$41),_xlfn.XMATCH(G$3&$S85,'OC-SNF PMix Anc Days'!$DA$3:$EV$3))} -> Forest View | H85: {=INDEX('OC-SNF PMix Anc Days'!$DA$6:$EV$41,_xlfn.XMATCH($U85,'OC-SNF PMix Anc Days'!$CT$6:$CT$41),_xlfn.XMATCH(H$3&$S85,'OC-SNF PMix Anc Days'!$DA$3:$EV$3))} -> 1.000027 | S85: =COUNTIFS($W$73:W85,W85,$X$73:X85,X85,$Y$73:Y85,Y85) -> 1 | U85: =W85&X85&Y85 -> 32461Medicare Advantage | W85: 324 | X85: 61 | Y85: Medicare Advantage | AA85: 1
A86: {=INDEX('OC-SNF PMix Anc Days'!$DA$6:$EV$41,_xlfn.XMATCH($U86,'OC-SNF PMix Anc Days'!$CT$6:$CT$41),_xlfn.XMATCH(A$3&$S86,'OC-SNF PMix Anc Days'!$DA$3:$EV$3))} -> 45658 | B86: {=INDEX('OC-SNF PMix Anc Days'!$DA$6:$EV$41,_xlfn.XMATCH($U86,'OC-SNF PMix Anc Days'!$CT$6:$CT$41),_xlfn.XMATCH(B$3&$S86,'OC-SNF PMix Anc Days'!$DA$3:$EV$3))} -> 46022 | C86: {=INDEX('OC-SNF PMix Anc Days'!$DA$6:$EV$41,_xlfn.XMATCH($U86,'OC-SNF PMix Anc Days'!$CT$6:$CT$41),_xlfn.XMATCH(C$3&$S86,'OC-SNF PMix Anc Days'!$DA$3:$EV$3))} -> MEDICAID | D86: {=INDEX('OC-SNF PMix Anc Days'!$DA$6:$EV$41,_xlfn.XMATCH($U86,'OC-SNF PMix Anc Days'!$CT$6:$CT$41),_xlfn.XMATCH(D$3&$S86,'OC-SNF PMix Anc Days'!$DA$3:$EV$3))} -> PA MEDICAID | E86: {=INDEX('OC-SNF PMix Anc Days'!$DA$6:$EV$41,_xlfn.XMATCH($U86,'OC-SNF PMix Anc Days'!$CT$6:$CT$41),_xlfn.XMATCH(E$3&$S86,'OC-SNF PMix Anc Days'!$DA$3:$EV$3))} -> SPRINGHILL | F86: {=INDEX('OC-SNF PMix Anc Days'!$DA$6:$EV$41,_xlfn.XMATCH($U86,'OC-SNF PMix Anc Days'!$CT$6:$CT$41),_xlfn.XMATCH(F$3&$S86,'OC-SNF PMix Anc Days'!$DA$3:$EV$3))} -> SKILLED NURSING | G86: {=INDEX('OC-SNF PMix Anc Days'!$DA$6:$EV$41,_xlfn.XMATCH($U86,'OC-SNF PMix Anc Days'!$CT$6:$CT$41),_xlfn.XMATCH(G$3&$S86,'OC-SNF PMix Anc Days'!$DA$3:$EV$3))} -> Forest View | H86: {=INDEX('OC-SNF PMix Anc Days'!$DA$6:$EV$41,_xlfn.XMATCH($U86,'OC-SNF PMix Anc Days'!$CT$6:$CT$41),_xlfn.XMATCH(H$3&$S86,'OC-SNF PMix Anc Days'!$DA$3:$EV$3))} -> 31.500011 | S86: =COUNTIFS($W$73:W86,W86,$X$73:X86,X86,$Y$73:Y86,Y86) -> 1 | U86: =W86&X86&Y86 -> 32461Medicaid | W86: 324 | X86: 61 | Y86: Medicaid | AA86: 1
A87: {=INDEX('OC-SNF PMix Anc Days'!$DA$6:$EV$41,_xlfn.XMATCH($U87,'OC-SNF PMix Anc Days'!$CT$6:$CT$41),_xlfn.XMATCH(A$3&$S87,'OC-SNF PMix Anc Days'!$DA$3:$EV$3))} -> 45658 | B87: {=INDEX('OC-SNF PMix Anc Days'!$DA$6:$EV$41,_xlfn.XMATCH($U87,'OC-SNF PMix Anc Days'!$CT$6:$CT$41),_xlfn.XMATCH(B$3&$S87,'OC-SNF PMix Anc Days'!$DA$3:$EV$3))} -> 46022 | C87: {=INDEX('OC-SNF PMix Anc Days'!$DA$6:$EV$41,_xlfn.XMATCH($U87,'OC-SNF PMix Anc Days'!$CT$6:$CT$41),_xlfn.XMATCH(C$3&$S87,'OC-SNF PMix Anc Days'!$DA$3:$EV$3))} -> PRIVATE PAY | D87: {=INDEX('OC-SNF PMix Anc Days'!$DA$6:$EV$41,_xlfn.XMATCH($U87,'OC-SNF PMix Anc Days'!$CT$6:$CT$41),_xlfn.XMATCH(D$3&$S87,'OC-SNF PMix Anc Days'!$DA$3:$EV$3))} -> PRIVATE PAY | E87: {=INDEX('OC-SNF PMix Anc Days'!$DA$6:$EV$41,_xlfn.XMATCH($U87,'OC-SNF PMix Anc Days'!$CT$6:$CT$41),_xlfn.XMATCH(E$3&$S87,'OC-SNF PMix Anc Days'!$DA$3:$EV$3))} -> SPRINGHILL | F87: {=INDEX('OC-SNF PMix Anc Days'!$DA$6:$EV$41,_xlfn.XMATCH($U87,'OC-SNF PMix Anc Days'!$CT$6:$CT$41),_xlfn.XMATCH(F$3&$S87,'OC-SNF PMix Anc Days'!$DA$3:$EV$3))} -> SKILLED NURSING | G87: {=INDEX('OC-SNF PMix Anc Days'!$DA$6:$EV$41,_xlfn.XMATCH($U87,'OC-SNF PMix Anc Days'!$CT$6:$CT$41),_xlfn.XMATCH(G$3&$S87,'OC-SNF PMix Anc Days'!$DA$3:$EV$3))} -> Forest View | H87: {=INDEX('OC-SNF PMix Anc Days'!$DA$6:$EV$41,_xlfn.XMATCH($U87,'OC-SNF PMix Anc Days'!$CT$6:$CT$41),_xlfn.XMATCH(H$3&$S87,'OC-SNF PMix Anc Days'!$DA$3:$EV$3))} -> 38.499981 | S87: =COUNTIFS($W$73:W87,W87,$X$73:X87,X87,$Y$73:Y87,Y87) -> 1 | U87: =W87&X87&Y87 -> 32461Private Pay | W87: 324 | X87: 61 | Y87: Private Pay | AA87: 1
... A113: {=INDEX('OC-SNF PMix Anc Days'!$DA$6:$EV$41,_xlfn.XMATCH($U113,'OC-SNF PMix Anc Days'!$CT$6:$CT$41),_xlfn.XMATCH(A$3&$S113,'OC-SNF PMix Anc Days'!$DA$3:$EV$3))} -> 45658 | B113: {=INDEX('OC-SNF PMix Anc Days'!$DA$6:$EV$41,_xlfn.XMATCH($U113,'OC-SNF PMix Anc Days'!$CT$6:$CT$41),_xlfn.XMATCH(B$3&$S113,'OC-SNF PMix Anc Days'!$DA$3:$EV$3))} -> 46022 | C113: {=INDEX('OC-SNF PMix Anc Days'!$DA$6:$EV$41,_xlfn.XMATCH($U113,'OC-SNF PMix Anc Days'!$CT$6:$CT$41),_xlfn.XMATCH(C$3&$S113,'OC-SNF PMix Anc Days'!$DA$3:$EV$3))} -> PRIVATE PAY | D113: {=INDEX('OC-SNF PMix Anc Days'!$DA$6:$EV$41,_xlfn.XMATCH($U113,'OC-SNF PMix Anc Days'!$CT$6:$CT$41),_xlfn.XMATCH(D$3&$S113,'OC-SNF PMix Anc Days'!$DA$3:$EV$3))} -> PRIVATE PAY | E113: {=INDEX('OC-SNF PMix Anc Days'!$DA$6:$EV$41,_xlfn.XMATCH($U113,'OC-SNF PMix Anc Days'!$CT$6:$CT$41),_xlfn.XMATCH(E$3&$S113,'OC-SNF PMix Anc Days'!$DA$3:$EV$3))} -> Normandie Ridge | F113: {=INDEX('OC-SNF PMix Anc Days'!$DA$6:$EV$41,_xlfn.XMATCH($U113,'OC-SNF PMix Anc Days'!$CT$6:$CT$41),_xlfn.XMATCH(F$3&$S113,'OC-SNF PMix Anc Days'!$DA$3:$EV$3))} -> SKILLED NURSING | G113: {=INDEX('OC-SNF PMix Anc Days'!$DA$6:$EV$41,_xlfn.XMATCH($U113,'OC-SNF PMix Anc Days'!$CT$6:$CT$41),_xlfn.XMATCH(G$3&$S113,'OC-SNF PMix Anc Days'!$DA$3:$EV$3))} -> NORMANDIE RIDGE SNF | H113: {=INDEX('OC-SNF PMix Anc Days'!$DA$6:$EV$41,_xlfn.XMATCH($U113,'OC-SNF PMix Anc Days'!$CT$6:$CT$41),_xlfn.XMATCH(H$3&$S113,'OC-SNF PMix Anc Days'!$DA$3:$EV$3))} -> 18.3 | S113: =COUNTIFS($W$73:W113,W113,$X$73:X113,X113,$Y$73:Y113,Y113) -> 1 | U113: =W113&X113&Y113 -> 84061Private Pay | W113: 840 | X113: 61 | Y113: Private Pay | AA113: 1

Sheet OC-SNF PMix Anc Days
A1: Days in Month | D1: =_xlfn.XLOOKUP(D5,'OC-Days'!$G:$G,'OC-Days'!$B:$B) -> 31 | E1: =_xlfn.XLOOKUP(E5,'OC-Days'!$G:$G,'OC-Days'!$B:$B) -> 28 | F1: =_xlfn.XLOOKUP(F5,'OC-Days'!$G:$G,'OC-Days'!$B:$B) -> 31 | G1: =_xlfn.XLOOKUP(G5,'OC-Days'!$G:$G,'OC-Days'!$B:$B) -> 30 | H1: =_xlfn.XLOOKUP(H5,'OC-Days'!$G:$G,'OC-Days'!$B:$B) -> 31 | I1: =_xlfn.XLOOKUP(I5,'OC-Days'!$G:$G,'OC-Days'!$B:$B) -> 30 | J1: =_xlfn.XLOOKUP(J5,'OC-Days'!$G:$G,'OC-Days'!$B:$B) -> 31 | K1: =_xlfn.XLOOKUP(K5,'OC-Days'!$G:$G,'OC-Days'!$B:$B) -> 31 | ... O1: =_xlfn.XLOOKUP(O5,'OC-Days'!$G:$G,'OC-Days'!$B:$B) -> 31 | AF1: Processing | AI1: Processing | AL1: Processing | AO1: Processing | AS1: Processing | AV1: Processing | AY1: Processing | BB1: Processing | BF1: Processing | BI1: Processing | BL1: Processing | BO1: Processing | BS1: Processing | BV1: Processing | BY1: Processing | CB1: Processing | CF1: Processing | CI1: Processing | CL1: Processing | CO1: Processing | CS1: Processing | CX1: Processing | DA1: Processing | DI1: Processing | DQ1: Processing | DY1: Processing | EG1: Processing | EO1: Processing
AF2: f(x) | AG2: f(x) | AH2: f(x) | AI2: f(x) | AJ2: f(x) | AK2: f(x) | AL2: f(x) | AM2: f(x) | AN2: f(x) | AO2: f(x) | AP2: f(x) | AQ2: f(x) | AS2: f(x) | AT2: f(x) | AU2: f(x) | AV2: f(x) | AW2: f(x) | AX2: f(x) | AY2: f(x) | AZ2: f(x) | BA2: f(x) | BB2: f(x) | BC2: f(x) | BD2: f(x) | BF2: f(x) | BG2: f(x) | BH2: f(x) | BI2: f(x) | BJ2: f(x) | BK2: f(x) | BL2: f(x) | BM2: f(x) | BN2: f(x) | BO2: f(x) | BP2: f(x) | BQ2: f(x) | BS2: f(x) | BT2: f(x) | BU2: f(x) | BV2: f(x) | BW2: f(x) | BX2: f(x) | BY2: f(x) | BZ2: f(x) | CA2: f(x) | CB2: f(x) | CC2: f(x) | CD2: f(x) | CF2: f(x) | CG2: f(x) | CH2: f(x) | CI2: f(x) | CJ2: f(x) | CK2: f(x) | CL2: f(x) | CM2: f(x) | CN2: f(x) | CO2: f(x) | CP2: f(x) | CQ2: f(x) | CS2: f(x) | CT2: f(x) | CU2: f(x) | CV2: f(x) | CX2: f(x) | CY2: f(x) | DA2: f(x) | DB2: f(x) | DC2: f(x) | DD2: f(x) | DE2: f(x) | DF2: f(x) | DG2: f(x) | DH2: f(x) | DI2: f(x) | DJ2: f(x) | DK2: f(x) | DL2: f(x) | DM2: f(x) | DN2: f(x) | DO2: f(x) | DP2: f(x) | DQ2: f(x) | DR2: f(x) | DS2: f(x) | DT2: f(x) | DU2: f(x) | DV2: f(x) | DW2: f(x) | DX2: f(x) | DY2: f(x) | DZ2: f(x) | EA2: f(x) | EB2: f(x) | EC2: f(x) | ED2: f(x) | EE2: f(x) | EF2: f(x) | EG2: f(x) | EH2: f(x) | EI2: f(x) | EJ2: f(x) | EK2: f(x) | EL2: f(x) | EM2: f(x) | EN2: f(x) | EO2: f(x) | EP2: f(x) | EQ2: f(x) | ER2: f(x) | ES2: f(x) | ET2: f(x) | EU2: f(x) | EV2: f(x)
DA3: =DA4&DA5 -> StartDate1 | DB3: =DB4&DB5 -> EndDate1 | DC3: =DC4&DC5 -> PayerName1 | DD3: =DD4&DD5 -> PlanName1 | DE3: =DE4&DE5 -> CampusName1 | DF3: =DF4&DF5 -> LevelOfCareName1 | DG3: =DG4&DG5 -> BuildingName1 | DH3: =DH4&DH5 -> BudgetPlanDays1 | ... EV3: =EV4&EV5 -> BudgetPlanDays6
D4: Budget 2025 | E4: Budget 2025 | F4: Budget 2025 | G4: Budget 2025 | H4: Budget 2025 | I4: Budget 2025 | J4: Budget 2025 | K4: Budget 2025 | L4: Budget 2025 | M4: Budget 2025 | N4: Budget 2025 | O4: Budget 2025 | Q4: Check SNF Facilities - SNF Ancillary Days (SNF Pmix Cube) vs Resident Days (Occ FC Cube) | AF4: Census | AG4: Census | AH4: Census | AI4: Census | AJ4: Census | AK4: Census | AL4: Census | AM4: Census | AN4: Census | AO4: Census | AP4: Census | AQ4: Census | AS4: Census -Start Date | AT4: Census -Start Date | AU4: Census -Start Date | AV4: Census -Start Date | AW4: Census -Start Date | AX4: Census -Start Date | AY4: Census -Start Date | AZ4: Census -Start Date | BA4: Census -Start Date | BB4: Census -Start Date | BC4: Census -Start Date | BD4: Census -Start Date | BF4: Census - End Date | BG4: Census - End Date | BH4: Census - End Date | BI4: Census - End Date | BJ4: Census - End Date | BK4: Census - End Date | BL4: Census - End Date | BM4: Census - End Date | BN4: Census - End Date | BO4: Census - End Date | BP4: Census - End Date | BQ4: Census - End Date | BS4: Start REF | BT4: Start REF | BU4: Start REF | BV4: Start REF | BW4: Start REF | BX4: Start REF | BY4: Start REF | BZ4: Start REF | CA4: Start REF | CB4: Start REF | CC4: Start REF | CD4: Start REF | CF4: End REF | CG4: End REF | CH4: End REF | CI4: End REF | CJ4: End REF | CK4: End REF | CL4: End REF | CM4: End REF | CN4: End REF | CO4: End REF | CP4: End REF | CQ4: End REF | CX4: Start Date Row Counts | CY4: End Date Row Counts | DA4: StartDate | DB4: EndDate | DC4: PayerName | DD4: PlanName | DE4: CampusName | DF4: LevelOfCareName | DG4: BuildingName | DH4: BudgetPlanDays | DI4: StartDate | DJ4: EndDate | DK4: PayerName | DL4: PlanName | DM4: CampusName | DN4: LevelOfCareName | DO4: BuildingName | DP4: BudgetPlanDays | DQ4: StartDate | DR4: EndDate | DS4: PayerName | DT4: PlanName | DU4: CampusName | DV4: LevelOfCareName | DW4: BuildingName | DX4: BudgetPlanDays | DY4: StartDate | DZ4: EndDate | EA4: PayerName | EB4: PlanName | EC4: CampusName | ED4: LevelOfCareName | EE4: BuildingName | EF4: BudgetPlanDays | EG4: StartDate | EH4: EndDate | EI4: PayerName | EJ4: PlanName | EK4: CampusName | EL4: LevelOfCareName | EM4: BuildingName | EN4: BudgetPlanDays | EO4: StartDate | EP4: EndDate | EQ4: PayerName | ER4: PlanName | ES4: CampusName | ET4: LevelOfCareName | EU4: BuildingName | EV4: BudgetPlanDays
D5: Jan-2025 | E5: Feb-2025 | F5: Mar-2025 | G5: Apr-2025 | H5: May-2025 | I5: Jun-2025 | J5: Jul-2025 | K5: Aug-2025 | L5: Sep-2025 | M5: Oct-2025 | N5: Nov-2025 | O5: Dec-2025 | S5: =D5 -> Jan-2025 | T5: =E5 -> Feb-2025 | U5: =F5 -> Mar-2025 | V5: =G5 -> Apr-2025 | W5: =H5 -> May-2025 | X5: =I5 -> Jun-2025 | Y5: =J5 -> Jul-2025 | Z5: =K5 -> Aug-2025 | ... AD5: =O5 -> Dec-2025 | AF5: =D5 -> Jan-2025 | AG5: =E5 -> Feb-2025 | AH5: =F5 -> Mar-2025 | AI5: =G5 -> Apr-2025 | AJ5: =H5 -> May-2025 | AK5: =I5 -> Jun-2025 | AL5: =J5 -> Jul-2025 | AM5: =K5 -> Aug-2025 | ... AQ5: =O5 -> Dec-2025 | AS5: =AF5 -> Jan-2025 | AT5: =AG5 -> Feb-2025 | AU5: =AH5 -> Mar-2025 | AV5: =AI5 -> Apr-2025 | AW5: =AJ5 -> May-2025 | AX5: =AK5 -> Jun-2025 | AY5: =AL5 -> Jul-2025 | AZ5: =AM5 -> Aug-2025 | ... BD5: =AQ5 -> Dec-2025 | BF5: =AS5 -> Jan-2025 | BG5: =AT5 -> Feb-2025 | BH5: =AU5 -> Mar-2025 | BI5: =AV5 -> Apr-2025 | BJ5: =AW5 -> May-2025 | BK5: =AX5 -> Jun-2025 | BL5: =AY5 -> Jul-2025 | BM5: =AZ5 -> Aug-2025 | ... BQ5: =BD5 -> Dec-2025 | BS5: =BF5 -> Jan-2025 | BT5: =BG5 -> Feb-2025 | BU5: =BH5 -> Mar-2025 | BV5: =BI5 -> Apr-2025 | BW5: =BJ5 -> May-2025 | BX5: =BK5 -> Jun-2025 | BY5: =BL5 -> Jul-2025 | BZ5: =BM5 -> Aug-2025 | ... CD5: =BQ5 -> Dec-2025 | CF5: =BS5 -> Jan-2025 | CG5: =BT5 -> Feb-2025 | CH5: =BU5 -> Mar-2025 | CI5: =BV5 -> Apr-2025 | CJ5: =BW5 -> May-2025 | CK5: =BX5 -> Jun-2025 | CL5: =BY5 -> Jul-2025 | CM5: =BZ5 -> Aug-2025 | ... CQ5: =CD5 -> Dec-2025 | CS5: Include? | CT5: Ent-Fac-PMix | CU5: Ent | CV5: Fac | DA5: 1 | DB5: 1 | DC5: 1 | DD5: 1 | DE5: 1 | DF5: 1 | DG5: 1 | DH5: 1 | DI5: =DA5+1 -> 2 | DJ5: =DB5+1 -> 2 | DK5: =DC5+1 -> 2 | DL5: =DD5+1 -> 2 | DM5: =DE5+1 -> 2 | DN5: =DF5+1 -> 2 | DO5: =DG5+1 -> 2 | DP5: =DH5+1 -> 2 | ... EV5: =EN5+1 -> 6
A6: 100-61 Skilled Nursing Facility | B6: Rev_Asm_SNF_Payer_Mix.SNF_Ancillary_Medicare_A | C6: Medicare A | D6: 61.845 | E6: 55.86 | F6: 61.845 | G6: 59.85 | H6: 61.845 | I6: 59.85 | J6: 61.845 | K6: 61.845 | L6: 59.85 | M6: 61.845 | N6: 59.85 | O6: 61.845 | Q6: 100-61 Skilled Nursing Facility | R6: SNF Anc Days | S6: =SUMIFS(D$6:D$41,$A$6:$A$41,$Q6) -> 4123 | T6: =SUMIFS(E$6:E$41,$A$6:$A$41,$Q6) -> 3724 | U6: =SUMIFS(F$6:F$41,$A$6:$A$41,$Q6) -> 4123 | V6: =SUMIFS(G$6:G$41,$A$6:$A$41,$Q6) -> 3990 | W6: =SUMIFS(H$6:H$41,$A$6:$A$41,$Q6) -> 4123 | X6: =SUMIFS(I$6:I$41,$A$6:$A$41,$Q6) -> 3990 | Y6: =SUMIFS(J$6:J$41,$A$6:$A$41,$Q6) -> 4123 | Z6: =SUMIFS(K$6:K$41,$A$6:$A$41,$Q6) -> 4123 | ... AD6: =SUMIFS(O$6:O$41,$A$6:$A$41,$Q6) -> 4123 | AF6: =D6/D$1 -> 1.995 | AG6: =E6/E$1 -> 1.995 | AH6: =F6/F$1 -> 1.995 | AI6: =G6/G$1 -> 1.995 | AJ6: =H6/H$1 -> 1.995 | AK6: =I6/I$1 -> 1.995 | AL6: =J6/J$1 -> 1.995 | AM6: =K6/K$1 -> 1.995 | ... AQ6: =O6/O$1 -> 1.995 | AS6: =_xlfn.XLOOKUP(AS$5,'OC-Days'!$G:$G,'OC-Days'!$F:$F) -> 45658 | AT6: =IF(AG6=AF6,"na",_xlfn.XLOOKUP(AT$5,'OC-Days'!$G:$G,'OC-Days'!$F:$F)) -> na | AU6: =IF(AH6=AG6,"na",_xlfn.XLOOKUP(AU$5,'OC-Days'!$G:$G,'OC-Days'!$F:$F)) -> na | AV6: =IF(AI6=AH6,"na",_xlfn.XLOOKUP(AV$5,'OC-Days'!$G:$G,'OC-Days'!$F:$F)) -> na | AW6: =IF(AJ6=AI6,"na",_xlfn.XLOOKUP(AW$5,'OC-Days'!$G:$G,'OC-Days'!$F:$F)) -> na | AX6: =IF(AK6=AJ6,"na",_xlfn.XLOOKUP(AX$5,'OC-Days'!$G:$G,'OC-Days'!$F:$F)) -> na | AY6: =IF(AL6=AK6,"na",_xlfn.XLOOKUP(AY$5,'OC-Days'!$G:$G,'OC-Days'!$F:$F)) -> na | AZ6: =IF(AM6=AL6,"na",_xlfn.XLOOKUP(AZ$5,'OC-Days'!$G:$G,'OC-Days'!$F:$F)) -> na | BA6: =IF(AN6=AM6,"na",_xlfn.XLOOKUP(BA$5,'OC-Days'!$G:$G,'OC-Days'!$F:$F)) -> na | ... BD6: =IF(AQ6=AP6,"na",_xlfn.XLOOKUP(BD$5,'OC-Days'!$G:$G,'OC-Days'!$F:$F)) -> na | BF6: =IF(AT6="na",AT6,AT6-1) -> na | BG6: =IF(AU6="na",AU6,AU6-1) -> na | BH6: =IF(AV6="na",AV6,AV6-1) -> na | BI6: =IF(AW6="na",AW6,AW6-1) -> na | BJ6: =IF(AX6="na",AX6,AX6-1) -> na | BK6: =IF(AY6="na",AY6,AY6-1) -> na | BL6: =IF(AZ6="na",AZ6,AZ6-1) -> na | BM6: =IF(BA6="na",BA6,BA6-1) -> na | ... BP6: =IF(BD6="na",BD6,BD6-1) -> na | BQ6: =DATE(VALUE(RIGHT($BQ$5,4)),12,31) -> 46022 | BS6: =COUNT($AS6:AS6) -> 1 | BT6: =COUNT($AS6:AT6) -> 1 | BU6: =COUNT($AS6:AU6) -> 1 | BV6: =COUNT($AS6:AV6) -> 1 | BW6: =COUNT($AS6:AW6) -> 1 | BX6: =COUNT($AS6:AX6) -> 1 | BY6: =COUNT($AS6:AY6) -> 1 | BZ6: =COUNT($AS6:AZ6) -> 1 | ... CD6: =COUNT($AS6:BD6) -> 1 | CF6: =COUNT($BF6:BF6) -> 0 | CG6: =COUNT($BF6:BG6) -> 0 | CH6: =COUNT($BF6:BH6) -> 0 | CI6: =COUNT($BF6:BI6) -> 0 | CJ6: =COUNT($BF6:BJ6) -> 0 | CK6: =COUNT($BF6:BK6) -> 0 | CL6: =COUNT($BF6:BL6) -> 0 | CM6: =COUNT($BF6:BM6) -> 0 | ... CQ6: =COUNT($BF6:BQ6) -> 1 | CS6: =IF(SUM(D6:O6)=0,0,1) -> 1 | CT6: =CU6&CV6&C6 -> 10061Medicare A | CU6: =VALUE(LEFT(A6,3)) -> 100 | CV6: =VALUE(MID(A6,5,2)) -> 61 | CX6: =COUNT(AS6:BD6) -> 1 | CY6: =COUNT(BF6:BQ6) -> 1 | DA6: {=IF(DA$5<=$CX6,INDEX($AS6:$BD6,1,_xlfn.XMATCH(DA$5,$BS6:$CD6)),"na")} -> 45658 | DB6: {=IF(DB$5<=$CY6,INDEX($BF6:$BQ6,1,_xlfn.XMATCH(DB$5,$CF6:$CQ6)),"na")} -> 46022 | DC6: =_xlfn.XLOOKUP($CU6&"-"&$CV6&$C6,REF!$K$2:$K$90,REF!B$2:B$90) -> MEDICAREA/MC HMO | DD6: =_xlfn.XLOOKUP($CU6&"-"&$CV6&$C6,REF!$K$2:$K$90,REF!C$2:C$90) -> MEDICARE A HIGHMARK | DE6: =_xlfn.XLOOKUP($CU6&"-"&$CV6&$C6,REF!$K$2:$K$90,REF!D$2:D$90) -> ASBURY METHODIST VILLAGE | DF6: =_xlfn.XLOOKUP($CU6&"-"&$CV6&$C6,REF!$K$2:$K$90,REF!E$2:E$90) -> SKILLED NURSING | DG6: =_xlfn.XLOOKUP($CU6&"-"&$CV6&$C6,REF!$K$2:$K$90,REF!F$2:F$90) -> AMV - WILSON HEALTH CARE CENTER | DH6: {=IF(DH$5<=$CX6,INDEX($AF6:$AQ6,1,_xlfn.XMATCH(DH$5,$BS6:$CD6)),"na")} -> 1.995 | DI6: {=IF(DI$5<=$CX6,INDEX($AS6:$BD6,1,_xlfn.XMATCH(DI$5,$BS6:$CD6)),"na")} -> na | DJ6: {=IF(DJ$5<=$CY6,INDEX($BF6:$BQ6,1,_xlfn.XMATCH(DJ$5,$CF6:$CQ6)),"na")} -> na | DK6: =DC6 -> MEDICAREA/MC HMO | DL6: =DD6 -> MEDICARE A HIGHMARK | DM6: =DE6 -> ASBURY METHODIST VILLAGE | DN6: =DF6 -> SKILLED NURSING | DO6: =DG6 -> AMV - WILSON HEALTH CARE CENTER | DP6: {=IF(DP$5<=$CX6,INDEX($AF6:$AQ6,1,_xlfn.XMATCH(DP$5,$BS6:$CD6)),"na")} -> na | DQ6: {=IF(DQ$5<=$CX6,INDEX($AS6:$BD6,1,_xlfn.XMATCH(DQ$5,$BS6:$CD6)),"na")} -> na | DR6: {=IF(DR$5<=$CY6,INDEX($BF6:$BQ6,1,_xlfn.XMATCH(DR$5,$CF6:$CQ6)),"na")} -> na | DS6: =DK6 -> MEDICAREA/MC HMO | DT6: =DL6 -> MEDICARE A HIGHMARK | DU6: =DM6 -> ASBURY METHODIST VILLAGE | DV6: =DN6 -> SKILLED NURSING | DW6: =DO6 -> AMV - WILSON HEALTH CARE CENTER | DX6: {=IF(DX$5<=$CX6,INDEX($AF6:$AQ6,1,_xlfn.XMATCH(DX$5,$BS6:$CD6)),"na")} -> na | DY6: {=IF(DY$5<=$CX6,INDEX($AS6:$BD6,1,_xlfn.XMATCH(DY$5,$BS6:$CD6)),"na")} -> na | DZ6: {=IF(DZ$5<=$CY6,INDEX($BF6:$BQ6,1,_xlfn.XMATCH(DZ$5,$CF6:$CQ6)),"na")} -> na | EA6: =DS6 -> MEDICAREA/MC HMO | EB6: =DT6 -> MEDICARE A HIGHMARK | EC6: =DU6 -> ASBURY METHODIST VILLAGE | ED6: =DV6 -> SKILLED NURSING | EE6: =DW6 -> AMV - WILSON HEALTH CARE CENTER | EF6: {=IF(EF$5<=$CX6,INDEX($AF6:$AQ6,1,_xlfn.XMATCH(EF$5,$BS6:$CD6)),"na")} -> na | EG6: {=IF(EG$5<=$CX6,INDEX($AS6:$BD6,1,_xlfn.XMATCH(EG$5,$BS6:$CD6)),"na")} -> na | EH6: {=IF(EH$5<=$CY6,INDEX($BF6:$BQ6,1,_xlfn.XMATCH(EH$5,$CF6:$CQ6)),"na")} -> na | EI6: =EA6 -> MEDICAREA/MC HMO | EJ6: =EB6 -> MEDICARE A HIGHMARK | EK6: =EC6 -> ASBURY METHODIST VILLAGE | EL6: =ED6 -> SKILLED NURSING | EM6: =EE6 -> AMV - WILSON HEALTH CARE CENTER | EN6: {=IF(EN$5<=$CX6,INDEX($AF6:$AQ6,1,_xlfn.XMATCH(EN$5,$BS6:$CD6)),"na")} -> na | EO6: {=IF(EO$5<=$CX6,INDEX($AS6:$BD6,1,_xlfn.XMATCH(EO$5,$BS6:$CD6)),"na")} -> na | EP6: {=IF(EP$5<=$CY6,INDEX($BF6:$BQ6,1,_xlfn.XMATCH(EP$5,$CF6:$CQ6)),"na")} -> na | EQ6: =EI6 -> MEDICAREA/MC HMO | ER6: =EJ6 -> MEDICARE A HIGHMARK | ES6: =EK6 -> ASBURY METHODIST VILLAGE | ET6: =EL6 -> SKILLED NURSING | EU6: =EM6 -> AMV - WILSON HEALTH CARE CENTER | EV6: {=IF(EV$5<=$CX6,INDEX($AF6:$AQ6,1,_xlfn.XMATCH(EV$5,$BS6:$CD6)),"na")} -> na
A7: 100-61 Skilled Nursing Facility | B7: Rev_Asm_SNF_Payer_Mix.SNF_Ancillary_Medicare_Adv | C7: Medicare Advantage | D7: 0 | E7: 0 | F7: 0 | G7: 0 | H7: 0 | I7: 0 | J7: 0 | K7: 0 | L7: 0 | M7: 0 | N7: 0 | O7: 0 | Q7: 100-62 Skilled Nursing - TCU | R7: SNF Anc Days | S7: =SUMIFS(D$6:D$41,$A$6:$A$41,$Q7) -> 1395 | T7: =SUMIFS(E$6:E$41,$A$6:$A$41,$Q7) -> 1260 | U7: =SUMIFS(F$6:F$41,$A$6:$A$41,$Q7) -> 1395 | V7: =SUMIFS(G$6:G$41,$A$6:$A$41,$Q7) -> 1350 | W7: =SUMIFS(H$6:H$41,$A$6:$A$41,$Q7) -> 1395 | X7: =SUMIFS(I$6:I$41,$A$6:$A$41,$Q7) -> 1350 | Y7: =SUMIFS(J$6:J$41,$A$6:$A$41,$Q7) -> 1395 | Z7: =SUMIFS(K$6:K$41,$A$6:$A$41,$Q7) -> 1395 | ... AD7: =SUMIFS(O$6:O$41,$A$6:$A$41,$Q7) -> 1395 | AF7: =D7/D$1 -> 0 | AG7: =E7/E$1 -> 0 | AH7: =F7/F$1 -> 0 | AI7: =G7/G$1 -> 0 | AJ7: =H7/H$1 -> 0 | AK7: =I7/I$1 -> 0 | AL7: =J7/J$1 -> 0 | AM7: =K7/K$1 -> 0 | ... AQ7: =O7/O$1 -> 0 | AS7: =_xlfn.XLOOKUP(AS$5,'OC-Days'!$G:$G,'OC-Days'!$F:$F) -> 45658 | AT7: =IF(AG7=AF7,"na",_xlfn.XLOOKUP(AT$5,'OC-Days'!$G:$G,'OC-Days'!$F:$F)) -> na | AU7: =IF(AH7=AG7,"na",_xlfn.XLOOKUP(AU$5,'OC-Days'!$G:$G,'OC-Days'!$F:$F)) -> na | AV7: =IF(AI7=AH7,"na",_xlfn.XLOOKUP(AV$5,'OC-Days'!$G:$G,'OC-Days'!$F:$F)) -> na | AW7: =IF(AJ7=AI7,"na",_xlfn.XLOOKUP(AW$5,'OC-Days'!$G:$G,'OC-Days'!$F:$F)) -> na | AX7: =IF(AK7=AJ7,"na",_xlfn.XLOOKUP(AX$5,'OC-Days'!$G:$G,'OC-Days'!$F:$F)) -> na | AY7: =IF(AL7=AK7,"na",_xlfn.XLOOKUP(AY$5,'OC-Days'!$G:$G,'OC-Days'!$F:$F)) -> na | AZ7: =IF(AM7=AL7,"na",_xlfn.XLOOKUP(AZ$5,'OC-Days'!$G:$G,'OC-Days'!$F:$F)) -> na | BA7: =IF(AN7=AM7,"na",_xlfn.XLOOKUP(BA$5,'OC-Days'!$G:$G,'OC-Days'!$F:$F)) -> na | ... BD7: =IF(AQ7=AP7,"na",_xlfn.XLOOKUP(BD$5,'OC-Days'!$G:$G,'OC-Days'!$F:$F)) -> na | BF7: =IF(AT7="na",AT7,AT7-1) -> na | BG7: =IF(AU7="na",AU7,AU7-1) -> na | BH7: =IF(AV7="na",AV7,AV7-1) -> na | BI7: =IF(AW7="na",AW7,AW7-1) -> na | BJ7: =IF(AX7="na",AX7,AX7-1) -> na | BK7: =IF(AY7="na",AY7,AY7-1) -> na | BL7: =IF(AZ7="na",AZ7,AZ7-1) -> na | BM7: =IF(BA7="na",BA7,BA7-1) -> na | ... BP7: =IF(BD7="na",BD7,BD7-1) -> na | BQ7: =DATE(VALUE(RIGHT($BQ$5,4)),12,31) -> 46022 | BS7: =COUNT($AS7:AS7) -> 1 | BT7: =COUNT($AS7:AT7) -> 1 | BU7: =COUNT($AS7:AU7) -> 1 | BV7: =COUNT($AS7:AV7) -> 1 | BW7: =COUNT($AS7:AW7) -> 1 | BX7: =COUNT($AS7:AX7) -> 1 | BY7: =COUNT($AS7:AY7) -> 1 | BZ7: =COUNT($AS7:AZ7) -> 1 | ... CD7: =COUNT($AS7:BD7) -> 1 | CF7: =COUNT($BF7:BF7) -> 0 | CG7: =COUNT($BF7:BG7) -> 0 | CH7: =COUNT($BF7:BH7) -> 0 | CI7: =COUNT($BF7:BI7) -> 0 | CJ7: =COUNT($BF7:BJ7) -> 0 | CK7: =COUNT($BF7:BK7) -> 0 | CL7: =COUNT($BF7:BL7) -> 0 | CM7: =COUNT($BF7:BM7) -> 0 | ... CQ7: =COUNT($BF7:BQ7) -> 1 | CS7: =IF(SUM(D7:O7)=0,0,1) -> 0 | CT7: =CU7&CV7&C7 -> 10061Medicare Advantage | CU7: =VALUE(LEFT(A7,3)) -> 100 | CV7: =VALUE(MID(A7,5,2)) -> 61 | CX7: =COUNT(AS7:BD7) -> 1 | CY7: =COUNT(BF7:BQ7) -> 1 | DA7: {=IF(DA$5<=$CX7,INDEX($AS7:$BD7,1,_xlfn.XMATCH(DA$5,$BS7:$CD7)),"na")} -> 45658 | DB7: {=IF(DB$5<=$CY7,INDEX($BF7:$BQ7,1,_xlfn.XMATCH(DB$5,$CF7:$CQ7)),"na")} -> 46022 | DC7: =_xlfn.XLOOKUP($CU7&"-"&$CV7&$C7,REF!$K$2:$K$90,REF!B$2:B$90) -> Medicare Advantage | DD7: =_xlfn.XLOOKUP($CU7&"-"&$CV7&$C7,REF!$K$2:$K$90,REF!C$2:C$90) -> Med Adv HMO A | DE7: =_xlfn.XLOOKUP($CU7&"-"&$CV7&$C7,REF!$K$2:$K$90,REF!D$2:D$90) -> ASBURY METHODIST VILLAGE | DF7: =_xlfn.XLOOKUP($CU7&"-"&$CV7&$C7,REF!$K$2:$K$90,REF!E$2:E$90) -> SKILLED NURSING | DG7: =_xlfn.XLOOKUP($CU7&"-"&$CV7&$C7,REF!$K$2:$K$90,REF!F$2:F$90) -> AMV - WILSON HEALTH CARE CENTER | DH7: {=IF(DH$5<=$CX7,INDEX($AF7:$AQ7,1,_xlfn.XMATCH(DH$5,$BS7:$CD7)),"na")} -> 0 | DI7: {=IF(DI$5<=$CX7,INDEX($AS7:$BD7,1,_xlfn.XMATCH(DI$5,$BS7:$CD7)),"na")} -> na | DJ7: {=IF(DJ$5<=$CY7,INDEX($BF7:$BQ7,1,_xlfn.XMATCH(DJ$5,$CF7:$CQ7)),"na")} -> na | DK7: =DC7 -> Medicare Advantage | DL7: =DD7 -> Med Adv HMO A | DM7: =DE7 -> ASBURY METHODIST VILLAGE | DN7: =DF7 -> SKILLED NURSING | DO7: =DG7 -> AMV - WILSON HEALTH CARE CENTER | DP7: {=IF(DP$5<=$CX7,INDEX($AF7:$AQ7,1,_xlfn.XMATCH(DP$5,$BS7:$CD7)),"na")} -> na | DQ7: {=IF(DQ$5<=$CX7,INDEX($AS7:$BD7,1,_xlfn.XMATCH(DQ$5,$BS7:$CD7)),"na")} -> na | DR7: {=IF(DR$5<=$CY7,INDEX($BF7:$BQ7,1,_xlfn.XMATCH(DR$5,$CF7:$CQ7)),"na")} -> na | DS7: =DK7 -> Medicare Advantage | DT7: =DL7 -> Med Adv HMO A | DU7: =DM7 -> ASBURY METHODIST VILLAGE | DV7: =DN7 -> SKILLED NURSING | DW7: =DO7 -> AMV - WILSON HEALTH CARE CENTER | DX7: {=IF(DX$5<=$CX7,INDEX($AF7:$AQ7,1,_xlfn.XMATCH(DX$5,$BS7:$CD7)),"na")} -> na | DY7: {=IF(DY$5<=$CX7,INDEX($AS7:$BD7,1,_xlfn.XMATCH(DY$5,$BS7:$CD7)),"na")} -> na | DZ7: {=IF(DZ$5<=$CY7,INDEX($BF7:$BQ7,1,_xlfn.XMATCH(DZ$5,$CF7:$CQ7)),"na")} -> na | EA7: =DS7 -> Medicare Advantage | EB7: =DT7 -> Med Adv HMO A | EC7: =DU7 -> ASBURY METHODIST VILLAGE | ED7: =DV7 -> SKILLED NURSING | EE7: =DW7 -> AMV - WILSON HEALTH CARE CENTER | EF7: {=IF(EF$5<=$CX7,INDEX($AF7:$AQ7,1,_xlfn.XMATCH(EF$5,$BS7:$CD7)),"na")} -> na | EG7: {=IF(EG$5<=$CX7,INDEX($AS7:$BD7,1,_xlfn.XMATCH(EG$5,$BS7:$CD7)),"na")} -> na | EH7: {=IF(EH$5<=$CY7,INDEX($BF7:$BQ7,1,_xlfn.XMATCH(EH$5,$CF7:$CQ7)),"na")} -> na | EI7: =EA7 -> Medicare Advantage | EJ7: =EB7 -> Med Adv HMO A | EK7: =EC7 -> ASBURY METHODIST VILLAGE | EL7: =ED7 -> SKILLED NURSING | EM7: =EE7 -> AMV - WILSON HEALTH CARE CENTER | EN7: {=IF(EN$5<=$CX7,INDEX($AF7:$AQ7,1,_xlfn.XMATCH(EN$5,$BS7:$CD7)),"na")} -> na | EO7: {=IF(EO$5<=$CX7,INDEX($AS7:$BD7,1,_xlfn.XMATCH(EO$5,$BS7:$CD7)),"na")} -> na | EP7: {=IF(EP$5<=$CY7,INDEX($BF7:$BQ7,1,_xlfn.XMATCH(EP$5,$CF7:$CQ7)),"na")} -> na | EQ7: =EI7 -> Medicare Advantage | ER7: =EJ7 -> Med Adv HMO A | ES7: =EK7 -> ASBURY METHODIST VILLAGE | ET7: =EL7 -> SKILLED NURSING | EU7: =EM7 -> AMV - WILSON HEALTH CARE CENTER | EV7: {=IF(EV$5<=$CX7,INDEX($AF7:$AQ7,1,_xlfn.XMATCH(EV$5,$BS7:$CD7)),"na")} -> na
A8: 100-61 Skilled Nursing Facility | B8: Rev_Asm_SNF_Payer_Mix.SNF_Ancillary_Medicaid | C8: Medicaid | D8: 2635.0093 | E8: 2380.0084 | F8: 2635.0093 | G8: 2550.009 | H8: 2635.0093 | I8: 2550.009 | J8: 2635.0093 | K8: 2635.0093 | L8: 2550.009 | M8: 2635.0093 | N8: 2550.009 | O8: 2635.0093 | Q8: 200-61 Skilled Nursing Facility | R8: SNF Anc Days | S8: =SUMIFS(D$6:D$41,$A$6:$A$41,$Q8) -> 1162.5 | T8: =SUMIFS(E$6:E$41,$A$6:$A$41,$Q8) -> 1050 | U8: =SUMIFS(F$6:F$41,$A$6:$A$41,$Q8) -> 1162.5 | V8: =SUMIFS(G$6:G$41,$A$6:$A$41,$Q8) -> 1125 | W8: =SUMIFS(H$6:H$41,$A$6:$A$41,$Q8) -> 1162.5 | X8: =SUMIFS(I$6:I$41,$A$6:$A$41,$Q8) -> 1125 | Y8: =SUMIFS(J$6:J$41,$A$6:$A$41,$Q8) -> 1162.5 | Z8: =SUMIFS(K$6:K$41,$A$6:$A$41,$Q8) -> 1162.5 | ... AD8: =SUMIFS(O$6:O$41,$A$6:$A$41,$Q8) -> 1162.5 | AF8: =D8/D$1 -> 85.0003 | AG8: =E8/E$1 -> 85.0003 | AH8: =F8/F$1 -> 85.0003 | AI8: =G8/G$1 -> 85.0003 | AJ8: =H8/H$1 -> 85.0003 | AK8: =I8/I$1 -> 85.0003 | AL8: =J8/J$1 -> 85.0003 | AM8: =K8/K$1 -> 85.0003 | ... AQ8: =O8/O$1 -> 85.0003 | AS8: =_xlfn.XLOOKUP(AS$5,'OC-Days'!$G:$G,'OC-Days'!$F:$F) -> 45658 | AT8: =IF(AG8=AF8,"na",_xlfn.XLOOKUP(AT$5,'OC-Days'!$G:$G,'OC-Days'!$F:$F)) -> na | AU8: =IF(AH8=AG8,"na",_xlfn.XLOOKUP(AU$5,'OC-Days'!$G:$G,'OC-Days'!$F:$F)) -> na | AV8: =IF(AI8=AH8,"na",_xlfn.XLOOKUP(AV$5,'OC-Days'!$G:$G,'OC-Days'!$F:$F)) -> na | AW8: =IF(AJ8=AI8,"na",_xlfn.XLOOKUP(AW$5,'OC-Days'!$G:$G,'OC-Days'!$F:$F)) -> na | AX8: =IF(AK8=AJ8,"na",_xlfn.XLOOKUP(AX$5,'OC-Days'!$G:$G,'OC-Days'!$F:$F)) -> na | AY8: =IF(AL8=AK8,"na",_xlfn.XLOOKUP(AY$5,'OC-Days'!$G:$G,'OC-Days'!$F:$F)) -> na | AZ8: =IF(AM8=AL8,"na",_xlfn.XLOOKUP(AZ$5,'OC-Days'!$G:$G,'OC-Days'!$F:$F)) -> na | BA8: =IF(AN8=AM8,"na",_xlfn.XLOOKUP(BA$5,'OC-Days'!$G:$G,'OC-Days'!$F:$F)) -> na | ... BD8: =IF(AQ8=AP8,"na",_xlfn.XLOOKUP(BD$5,'OC-Days'!$G:$G,'OC-Days'!$F:$F)) -> na | BF8: =IF(AT8="na",AT8,AT8-1) -> na | BG8: =IF(AU8="na",AU8,AU8-1) -> na | BH8: =IF(AV8="na",AV8,AV8-1) -> na | BI8: =IF(AW8="na",AW8,AW8-1) -> na | BJ8: =IF(AX8="na",AX8,AX8-1) -> na | BK8: =IF(AY8="na",AY8,AY8-1) -> na | BL8: =IF(AZ8="na",AZ8,AZ8-1) -> na | BM8: =IF(BA8="na",BA8,BA8-1) -> na | ... BP8: =IF(BD8="na",BD8,BD8-1) -> na | BQ8: =DATE(VALUE(RIGHT($BQ$5,4)),12,31) -> 46022 | BS8: =COUNT($AS8:AS8) -> 1 | BT8: =COUNT($AS8:AT8) -> 1 | BU8: =COUNT($AS8:AU8) -> 1 | BV8: =COUNT($AS8:AV8) -> 1 | BW8: =COUNT($AS8:AW8) -> 1 | BX8: =COUNT($AS8:AX8) -> 1 | BY8: =COUNT($AS8:AY8) -> 1 | BZ8: =COUNT($AS8:AZ8) -> 1 | ... CD8: =COUNT($AS8:BD8) -> 1 | CF8: =COUNT($BF8:BF8) -> 0 | CG8: =COUNT($BF8:BG8) -> 0 | CH8: =COUNT($BF8:BH8) -> 0 | CI8: =COUNT($BF8:BI8) -> 0 | CJ8: =COUNT($BF8:BJ8) -> 0 | CK8: =COUNT($BF8:BK8) -> 0 | CL8: =COUNT($BF8:BL8) -> 0 | CM8: =COUNT($BF8:BM8) -> 0 | ... CQ8: =COUNT($BF8:BQ8) -> 1 | CS8: =IF(SUM(D8:O8)=0,0,1) -> 1 | CT8: =CU8&CV8&C8 -> 10061Medicaid | CU8: =VALUE(LEFT(A8,3)) -> 100 | CV8: =VALUE(MID(A8,5,2)) -> 61 | CX8: =COUNT(AS8:BD8) -> 1 | CY8: =COUNT(BF8:BQ8) -> 1 | DA8: {=IF(DA$5<=$CX8,INDEX($AS8:$BD8,1,_xlfn.XMATCH(DA$5,$BS8:$CD8)),"na")} -> 45658 | DB8: {=IF(DB$5<=$CY8,INDEX($BF8:$BQ8,1,_xlfn.XMATCH(DB$5,$CF8:$CQ8)),"na")} -> 46022 | DC8: =_xlfn.XLOOKUP($CU8&"-"&$CV8&$C8,REF!$K$2:$K$90,REF!B$2:B$90) -> MEDICAID | DD8: =_xlfn.XLOOKUP($CU8&"-"&$CV8&$C8,REF!$K$2:$K$90,REF!C$2:C$90) -> MARYLAND MEDICAID | DE8: =_xlfn.XLOOKUP($CU8&"-"&$CV8&$C8,REF!$K$2:$K$90,REF!D$2:D$90) -> ASBURY METHODIST VILLAGE | DF8: =_xlfn.XLOOKUP($CU8&"-"&$CV8&$C8,REF!$K$2:$K$90,REF!E$2:E$90) -> SKILLED NURSING | DG8: =_xlfn.XLOOKUP($CU8&"-"&$CV8&$C8,REF!$K$2:$K$90,REF!F$2:F$90) -> AMV - WILSON HEALTH CARE CENTER | DH8: {=IF(DH$5<=$CX8,INDEX($AF8:$AQ8,1,_xlfn.XMATCH(DH$5,$BS8:$CD8)),"na")} -> 85.0003 | DI8: {=IF(DI$5<=$CX8,INDEX($AS8:$BD8,1,_xlfn.XMATCH(DI$5,$BS8:$CD8)),"na")} -> na | DJ8: {=IF(DJ$5<=$CY8,INDEX($BF8:$BQ8,1,_xlfn.XMATCH(DJ$5,$CF8:$CQ8)),"na")} -> na | DK8: =DC8 -> MEDICAID | DL8: =DD8 -> MARYLAND MEDICAID | DM8: =DE8 -> ASBURY METHODIST VILLAGE | DN8: =DF8 -> SKILLED NURSING | DO8: =DG8 -> AMV - WILSON HEALTH CARE CENTER | DP8: {=IF(DP$5<=$CX8,INDEX($AF8:$AQ8,1,_xlfn.XMATCH(DP$5,$BS8:$CD8)),"na")} -> na | DQ8: {=IF(DQ$5<=$CX8,INDEX($AS8:$BD8,1,_xlfn.XMATCH(DQ$5,$BS8:$CD8)),"na")} -> na | DR8: {=IF(DR$5<=$CY8,INDEX($BF8:$BQ8,1,_xlfn.XMATCH(DR$5,$CF8:$CQ8)),"na")} -> na | DS8: =DK8 -> MEDICAID | DT8: =DL8 -> MARYLAND MEDICAID | DU8: =DM8 -> ASBURY METHODIST VILLAGE | DV8: =DN8 -> SKILLED NURSING | DW8: =DO8 -> AMV - WILSON HEALTH CARE CENTER | DX8: {=IF(DX$5<=$CX8,INDEX($AF8:$AQ8,1,_xlfn.XMATCH(DX$5,$BS8:$CD8)),"na")} -> na | DY8: {=IF(DY$5<=$CX8,INDEX($AS8:$BD8,1,_xlfn.XMATCH(DY$5,$BS8:$CD8)),"na")} -> na | DZ8: {=IF(DZ$5<=$CY8,INDEX($BF8:$BQ8,1,_xlfn.XMATCH(DZ$5,$CF8:$CQ8)),"na")} -> na | EA8: =DS8 -> MEDICAID | EB8: =DT8 -> MARYLAND MEDICAID | EC8: =DU8 -> ASBURY METHODIST VILLAGE | ED8: =DV8 -> SKILLED NURSING | EE8: =DW8 -> AMV - WILSON HEALTH CARE CENTER | EF8: {=IF(EF$5<=$CX8,INDEX($AF8:$AQ8,1,_xlfn.XMATCH(EF$5,$BS8:$CD8)),"na")} -> na | EG8: {=IF(EG$5<=$CX8,INDEX($AS8:$BD8,1,_xlfn.XMATCH(EG$5,$BS8:$CD8)),"na")} -> na | EH8: {=IF(EH$5<=$CY8,INDEX($BF8:$BQ8,1,_xlfn.XMATCH(EH$5,$CF8:$CQ8)),"na")} -> na | EI8: =EA8 -> MEDICAID | EJ8: =EB8 -> MARYLAND MEDICAID | EK8: =EC8 -> ASBURY METHODIST VILLAGE | EL8: =ED8 -> SKILLED NURSING | EM8: =EE8 -> AMV - WILSON HEALTH CARE CENTER | EN8: {=IF(EN$5<=$CX8,INDEX($AF8:$AQ8,1,_xlfn.XMATCH(EN$5,$BS8:$CD8)),"na")} -> na | EO8: {=IF(EO$5<=$CX8,INDEX($AS8:$BD8,1,_xlfn.XMATCH(EO$5,$BS8:$CD8)),"na")} -> na | EP8: {=IF(EP$5<=$CY8,INDEX($BF8:$BQ8,1,_xlfn.XMATCH(EP$5,$CF8:$CQ8)),"na")} -> na | EQ8: =EI8 -> MEDICAID | ER8: =EJ8 -> MARYLAND MEDICAID | ES8: =EK8 -> ASBURY METHODIST VILLAGE | ET8: =EL8 -> SKILLED NURSING | EU8: =EM8 -> AMV - WILSON HEALTH CARE CENTER | EV8: {=IF(EV$5<=$CX8,INDEX($AF8:$AQ8,1,_xlfn.XMATCH(EV$5,$BS8:$CD8)),"na")} -> na
A9: 100-61 Skilled Nursing Facility | B9: Rev_Asm_SNF_Payer_Mix.SNF_Ancillary_Insurance | C9: Insurance | D9: 0 | E9: 0 | F9: 0 | G9: 0 | H9: 0 | I9: 0 | J9: 0 | K9: 0 | L9: 0 | M9: 0 | N9: 0 | O9: 0 | Q9: 324-61 Skilled Nursing Facility | R9: SNF Anc Days | S9: =SUMIFS(D$6:D$41,$A$6:$A$41,$Q9) -> 2263 | T9: =SUMIFS(E$6:E$41,$A$6:$A$41,$Q9) -> 2044 | U9: =SUMIFS(F$6:F$41,$A$6:$A$41,$Q9) -> 2263 | V9: =SUMIFS(G$6:G$41,$A$6:$A$41,$Q9) -> 2190 | W9: =SUMIFS(H$6:H$41,$A$6:$A$41,$Q9) -> 2263 | X9: =SUMIFS(I$6:I$41,$A$6:$A$41,$Q9) -> 2190 | Y9: =SUMIFS(J$6:J$41,$A$6:$A$41,$Q9) -> 2263 | Z9: =SUMIFS(K$6:K$41,$A$6:$A$41,$Q9) -> 2263 | ... AD9: =SUMIFS(O$6:O$41,$A$6:$A$41,$Q9) -> 2263 | AF9: =D9/D$1 -> 0 | AG9: =E9/E$1 -> 0 | AH9: =F9/F$1 -> 0 | AI9: =G9/G$1 -> 0 | AJ9: =H9/H$1 -> 0 | AK9: =I9/I$1 -> 0 | AL9: =J9/J$1 -> 0 | AM9: =K9/K$1 -> 0 | ... AQ9: =O9/O$1 -> 0 | AS9: =_xlfn.XLOOKUP(AS$5,'OC-Days'!$G:$G,'OC-Days'!$F:$F) -> 45658 | AT9: =IF(AG9=AF9,"na",_xlfn.XLOOKUP(AT$5,'OC-Days'!$G:$G,'OC-Days'!$F:$F)) -> na | AU9: =IF(AH9=AG9,"na",_xlfn.XLOOKUP(AU$5,'OC-Days'!$G:$G,'OC-Days'!$F:$F)) -> na | AV9: =IF(AI9=AH9,"na",_xlfn.XLOOKUP(AV$5,'OC-Days'!$G:$G,'OC-Days'!$F:$F)) -> na | AW9: =IF(AJ9=AI9,"na",_xlfn.XLOOKUP(AW$5,'OC-Days'!$G:$G,'OC-Days'!$F:$F)) -> na | AX9: =IF(AK9=AJ9,"na",_xlfn.XLOOKUP(AX$5,'OC-Days'!$G:$G,'OC-Days'!$F:$F)) -> na | AY9: =IF(AL9=AK9,"na",_xlfn.XLOOKUP(AY$5,'OC-Days'!$G:$G,'OC-Days'!$F:$F)) -> na | AZ9: =IF(AM9=AL9,"na",_xlfn.XLOOKUP(AZ$5,'OC-Days'!$G:$G,'OC-Days'!$F:$F)) -> na | BA9: =IF(AN9=AM9,"na",_xlfn.XLOOKUP(BA$5,'OC-Days'!$G:$G,'OC-Days'!$F:$F)) -> na | ... BD9: =IF(AQ9=AP9,"na",_xlfn.XLOOKUP(BD$5,'OC-Days'!$G:$G,'OC-Days'!$F:$F)) -> na | BF9: =IF(AT9="na",AT9,AT9-1) -> na | BG9: =IF(AU9="na",AU9,AU9-1) -> na | BH9: =IF(AV9="na",AV9,AV9-1) -> na | BI9: =IF(AW9="na",AW9,AW9-1) -> na | BJ9: =IF(AX9="na",AX9,AX9-1) -> na | BK9: =IF(AY9="na",AY9,AY9-1) -> na | BL9: =IF(AZ9="na",AZ9,AZ9-1) -> na | BM9: =IF(BA9="na",BA9,BA9-1) -> na | ... BP9: =IF(BD9="na",BD9,BD9-1) -> na | BQ9: =DATE(VALUE(RIGHT($BQ$5,4)),12,31) -> 46022 | BS9: =COUNT($AS9:AS9) -> 1 | BT9: =COUNT($AS9:AT9) -> 1 | BU9: =COUNT($AS9:AU9) -> 1 | BV9: =COUNT($AS9:AV9) -> 1 | BW9: =COUNT($AS9:AW9) -> 1 | BX9: =COUNT($AS9:AX9) -> 1 | BY9: =COUNT($AS9:AY9) -> 1 | BZ9: =COUNT($AS9:AZ9) -> 1 | ... CD9: =COUNT($AS9:BD9) -> 1 | CF9: =COUNT($BF9:BF9) -> 0 | CG9: =COUNT($BF9:BG9) -> 0 | CH9: =COUNT($BF9:BH9) -> 0 | CI9: =COUNT($BF9:BI9) -> 0 | CJ9: =COUNT($BF9:BJ9) -> 0 | CK9: =COUNT($BF9:BK9) -> 0 | CL9: =COUNT($BF9:BL9) -> 0 | CM9: =COUNT($BF9:BM9) -> 0 | ... CQ9: =COUNT($BF9:BQ9) -> 1 | CS9: =IF(SUM(D9:O9)=0,0,1) -> 0 | CT9: =CU9&CV9&C9 -> 10061Insurance | CU9: =VALUE(LEFT(A9,3)) -> 100 | CV9: =VALUE(MID(A9,5,2)) -> 61 | CX9: =COUNT(AS9:BD9) -> 1 | CY9: =COUNT(BF9:BQ9) -> 1 | DA9: {=IF(DA$5<=$CX9,INDEX($AS9:$BD9,1,_xlfn.XMATCH(DA$5,$BS9:$CD9)),"na")} -> 45658 | DB9: {=IF(DB$5<=$CY9,INDEX($BF9:$BQ9,1,_xlfn.XMATCH(DB$5,$CF9:$CQ9)),"na")} -> 46022 | DC9: =_xlfn.XLOOKUP($CU9&"-"&$CV9&$C9,REF!$K$2:$K$90,REF!B$2:B$90) -> MANAGED CARE | DD9: =_xlfn.XLOOKUP($CU9&"-"&$CV9&$C9,REF!$K$2:$K$90,REF!C$2:C$90) -> MGCARE LEVEL OF CARE | DE9: =_xlfn.XLOOKUP($CU9&"-"&$CV9&$C9,REF!$K$2:$K$90,REF!D$2:D$90) -> ASBURY METHODIST VILLAGE | DF9: =_xlfn.XLOOKUP($CU9&"-"&$CV9&$C9,REF!$K$2:$K$90,REF!E$2:E$90) -> SKILLED NURSING | DG9: =_xlfn.XLOOKUP($CU9&"-"&$CV9&$C9,REF!$K$2:$K$90,REF!F$2:F$90) -> AMV - WILSON HEALTH CARE CENTER | DH9: {=IF(DH$5<=$CX9,INDEX($AF9:$AQ9,1,_xlfn.XMATCH(DH$5,$BS9:$CD9)),"na")} -> 0 | DI9: {=IF(DI$5<=$CX9,INDEX($AS9:$BD9,1,_xlfn.XMATCH(DI$5,$BS9:$CD9)),"na")} -> na | DJ9: {=IF(DJ$5<=$CY9,INDEX($BF9:$BQ9,1,_xlfn.XMATCH(DJ$5,$CF9:$CQ9)),"na")} -> na | DK9: =DC9 -> MANAGED CARE | DL9: =DD9 -> MGCARE LEVEL OF CARE | DM9: =DE9 -> ASBURY METHODIST VILLAGE | DN9: =DF9 -> SKILLED NURSING | DO9: =DG9 -> AMV - WILSON HEALTH CARE CENTER | DP9: {=IF(DP$5<=$CX9,INDEX($AF9:$AQ9,1,_xlfn.XMATCH(DP$5,$BS9:$CD9)),"na")} -> na | DQ9: {=IF(DQ$5<=$CX9,INDEX($AS9:$BD9,1,_xlfn.XMATCH(DQ$5,$BS9:$CD9)),"na")} -> na | DR9: {=IF(DR$5<=$CY9,INDEX($BF9:$BQ9,1,_xlfn.XMATCH(DR$5,$CF9:$CQ9)),"na")} -> na | DS9: =DK9 -> MANAGED CARE | DT9: =DL9 -> MGCARE LEVEL OF CARE | DU9: =DM9 -> ASBURY METHODIST VILLAGE | DV9: =DN9 -> SKILLED NURSING | DW9: =DO9 -> AMV - WILSON HEALTH CARE CENTER | DX9: {=IF(DX$5<=$CX9,INDEX($AF9:$AQ9,1,_xlfn.XMATCH(DX$5,$BS9:$CD9)),"na")} -> na | DY9: {=IF(DY$5<=$CX9,INDEX($AS9:$BD9,1,_xlfn.XMATCH(DY$5,$BS9:$CD9)),"na")} -> na | DZ9: {=IF(DZ$5<=$CY9,INDEX($BF9:$BQ9,1,_xlfn.XMATCH(DZ$5,$CF9:$CQ9)),"na")} -> na | EA9: =DS9 -> MANAGED CARE | EB9: =DT9 -> MGCARE LEVEL OF CARE | EC9: =DU9 -> ASBURY METHODIST VILLAGE | ED9: =DV9 -> SKILLED NURSING | EE9: =DW9 -> AMV - WILSON HEALTH CARE CENTER | EF9: {=IF(EF$5<=$CX9,INDEX($AF9:$AQ9,1,_xlfn.XMATCH(EF$5,$BS9:$CD9)),"na")} -> na | EG9: {=IF(EG$5<=$CX9,INDEX($AS9:$BD9,1,_xlfn.XMATCH(EG$5,$BS9:$CD9)),"na")} -> na | EH9: {=IF(EH$5<=$CY9,INDEX($BF9:$BQ9,1,_xlfn.XMATCH(EH$5,$CF9:$CQ9)),"na")} -> na | EI9: =EA9 -> MANAGED CARE | EJ9: =EB9 -> MGCARE LEVEL OF CARE | EK9: =EC9 -> ASBURY METHODIST VILLAGE | EL9: =ED9 -> SKILLED NURSING | EM9: =EE9 -> AMV - WILSON HEALTH CARE CENTER | EN9: {=IF(EN$5<=$CX9,INDEX($AF9:$AQ9,1,_xlfn.XMATCH(EN$5,$BS9:$CD9)),"na")} -> na | EO9: {=IF(EO$5<=$CX9,INDEX($AS9:$BD9,1,_xlfn.XMATCH(EO$5,$BS9:$CD9)),"na")} -> na | EP9: {=IF(EP$5<=$CY9,INDEX($BF9:$BQ9,1,_xlfn.XMATCH(EP$5,$CF9:$CQ9)),"na")} -> na | EQ9: =EI9 -> MANAGED CARE | ER9: =EJ9 -> MGCARE LEVEL OF CARE | ES9: =EK9 -> ASBURY METHODIST VILLAGE | ET9: =EL9 -> SKILLED NURSING | EU9: =EM9 -> AMV - WILSON HEALTH CARE CENTER | EV9: {=IF(EV$5<=$CX9,INDEX($AF9:$AQ9,1,_xlfn.XMATCH(EV$5,$BS9:$CD9)),"na")} -> na
A10: 100-61 Skilled Nursing Facility | B10: Rev_Asm_SNF_Payer_Mix.SNF_Ancillary_Private_Pay | C10: Private Pay | D10: 1332.9659 | E10: 1203.9692 | F10: 1332.9659 | G10: 1289.967 | H10: 1332.9659 | I10: 1289.967 | J10: 1332.9659 | K10: 1332.9659 | L10: 1289.967 | M10: 1332.9659 | N10: 1289.967 | O10: 1332.9659 | Q10: 810-61 Skilled Nursing Facility | R10: SNF Anc Days | S10: =SUMIFS(D$6:D$41,$A$6:$A$41,$Q10) -> 2046 | T10: =SUMIFS(E$6:E$41,$A$6:$A$41,$Q10) -> 1848 | U10: =SUMIFS(F$6:F$41,$A$6:$A$41,$Q10) -> 2046 | V10: =SUMIFS(G$6:G$41,$A$6:$A$41,$Q10) -> 1980 | W10: =SUMIFS(H$6:H$41,$A$6:$A$41,$Q10) -> 2046 | X10: =SUMIFS(I$6:I$41,$A$6:$A$41,$Q10) -> 1980 | Y10: =SUMIFS(J$6:J$41,$A$6:$A$41,$Q10) -> 2046 | Z10: =SUMIFS(K$6:K$41,$A$6:$A$41,$Q10) -> 2046 | ... AD10: =SUMIFS(O$6:O$41,$A$6:$A$41,$Q10) -> 2046 | AF10: =D10/D$1 -> 42.9989 | AG10: =E10/E$1 -> 42.9989 | AH10: =F10/F$1 -> 42.9989 | AI10: =G10/G$1 -> 42.9989 | AJ10: =H10/H$1 -> 42.9989 | AK10: =I10/I$1 -> 42.9989 | AL10: =J10/J$1 -> 42.9989 | AM10: =K10/K$1 -> 42.9989 | ... AQ10: =O10/O$1 -> 42.9989 | AS10: =_xlfn.XLOOKUP(AS$5,'OC-Days'!$G:$G,'OC-Days'!$F:$F) -> 45658 | AT10: =IF(AG10=AF10,"na",_xlfn.XLOOKUP(AT$5,'OC-Days'!$G:$G,'OC-Days'!$F:$F)) -> na | AU10: =IF(AH10=AG10,"na",_xlfn.XLOOKUP(AU$5,'OC-Days'!$G:$G,'OC-Days'!$F:$F)) -> na | AV10: =IF(AI10=AH10,"na",_xlfn.XLOOKUP(AV$5,'OC-Days'!$G:$G,'OC-Days'!$F:$F)) -> na | AW10: =IF(AJ10=AI10,"na",_xlfn.XLOOKUP(AW$5,'OC-Days'!$G:$G,'OC-Days'!$F:$F)) -> na | AX10: =IF(AK10=AJ10,"na",_xlfn.XLOOKUP(AX$5,'OC-Days'!$G:$G,'OC-Days'!$F:$F)) -> na | AY10: =IF(AL10=AK10,"na",_xlfn.XLOOKUP(AY$5,'OC-Days'!$G:$G,'OC-Days'!$F:$F)) -> na | AZ10: =IF(AM10=AL10,"na",_xlfn.XLOOKUP(AZ$5,'OC-Days'!$G:$G,'OC-Days'!$F:$F)) -> na | BA10: =IF(AN10=AM10,"na",_xlfn.XLOOKUP(BA$5,'OC-Days'!$G:$G,'OC-Days'!$F:$F)) -> na | ... BD10: =IF(AQ10=AP10,"na",_xlfn.XLOOKUP(BD$5,'OC-Days'!$G:$G,'OC-Days'!$F:$F)) -> na | BF10: =IF(AT10="na",AT10,AT10-1) -> na | BG10: =IF(AU10="na",AU10,AU10-1) -> na | BH10: =IF(AV10="na",AV10,AV10-1) -> na | BI10: =IF(AW10="na",AW10,AW10-1) -> na | BJ10: =IF(AX10="na",AX10,AX10-1) -> na | BK10: =IF(AY10="na",AY10,AY10-1) -> na | BL10: =IF(AZ10="na",AZ10,AZ10-1) -> na | BM10: =IF(BA10="na",BA10,BA10-1) -> na | ... BP10: =IF(BD10="na",BD10,BD10-1) -> na | BQ10: =DATE(VALUE(RIGHT($BQ$5,4)),12,31) -> 46022 | BS10: =COUNT($AS10:AS10) -> 1 | BT10: =COUNT($AS10:AT10) -> 1 | BU10: =COUNT($AS10:AU10) -> 1 | BV10: =COUNT($AS10:AV10) -> 1 | BW10: =COUNT($AS10:AW10) -> 1 | BX10: =COUNT($AS10:AX10) -> 1 | BY10: =COUNT($AS10:AY10) -> 1 | BZ10: =COUNT($AS10:AZ10) -> 1 | ... CD10: =COUNT($AS10:BD10) -> 1 | CF10: =COUNT($BF10:BF10) -> 0 | CG10: =COUNT($BF10:BG10) -> 0 | CH10: =COUNT($BF10:BH10) -> 0 | CI10: =COUNT($BF10:BI10) -> 0 | CJ10: =COUNT($BF10:BJ10) -> 0 | CK10: =COUNT($BF10:BK10) -> 0 | CL10: =COUNT($BF10:BL10) -> 0 | CM10: =COUNT($BF10:BM10) -> 0 | ... CQ10: =COUNT($BF10:BQ10) -> 1 | CS10: =IF(SUM(D10:O10)=0,0,1) -> 1 | CT10: =CU10&CV10&C10 -> 10061Private Pay | CU10: =VALUE(LEFT(A10,3)) -> 100 | CV10: =VALUE(MID(A10,5,2)) -> 61 | CX10: =COUNT(AS10:BD10) -> 1 | CY10: =COUNT(BF10:BQ10) -> 1 | DA10: {=IF(DA$5<=$CX10,INDEX($AS10:$BD10,1,_xlfn.XMATCH(DA$5,$BS10:$CD10)),"na")} -> 45658 | DB10: {=IF(DB$5<=$CY10,INDEX($BF10:$BQ10,1,_xlfn.XMATCH(DB$5,$CF10:$CQ10)),"na")} -> 46022 | DC10: =_xlfn.XLOOKUP($CU10&"-"&$CV10&$C10,REF!$K$2:$K$90,REF!B$2:B$90) -> PRIVATE PAY | DD10: =_xlfn.XLOOKUP($CU10&"-"&$CV10&$C10,REF!$K$2:$K$90,REF!C$2:C$90) -> PRIVATE PAY | DE10: =_xlfn.XLOOKUP($CU10&"-"&$CV10&$C10,REF!$K$2:$K$90,REF!D$2:D$90) -> ASBURY METHODIST VILLAGE | DF10: =_xlfn.XLOOKUP($CU10&"-"&$CV10&$C10,REF!$K$2:$K$90,REF!E$2:E$90) -> SKILLED NURSING | DG10: =_xlfn.XLOOKUP($CU10&"-"&$CV10&$C10,REF!$K$2:$K$90,REF!F$2:F$90) -> AMV - WILSON HEALTH CARE CENTER | DH10: {=IF(DH$5<=$CX10,INDEX($AF10:$AQ10,1,_xlfn.XMATCH(DH$5,$BS10:$CD10)),"na")} -> 42.9989 | DI10: {=IF(DI$5<=$CX10,INDEX($AS10:$BD10,1,_xlfn.XMATCH(DI$5,$BS10:$CD10)),"na")} -> na | DJ10: {=IF(DJ$5<=$CY10,INDEX($BF10:$BQ10,1,_xlfn.XMATCH(DJ$5,$CF10:$CQ10)),"na")} -> na | DK10: =DC10 -> PRIVATE PAY | DL10: =DD10 -> PRIVATE PAY | DM10: =DE10 -> ASBURY METHODIST VILLAGE | DN10: =DF10 -> SKILLED NURSING | DO10: =DG10 -> AMV - WILSON HEALTH CARE CENTER | DP10: {=IF(DP$5<=$CX10,INDEX($AF10:$AQ10,1,_xlfn.XMATCH(DP$5,$BS10:$CD10)),"na")} -> na | DQ10: {=IF(DQ$5<=$CX10,INDEX($AS10:$BD10,1,_xlfn.XMATCH(DQ$5,$BS10:$CD10)),"na")} -> na | DR10: {=IF(DR$5<=$CY10,INDEX($BF10:$BQ10,1,_xlfn.XMATCH(DR$5,$CF10:$CQ10)),"na")} -> na | DS10: =DK10 -> PRIVATE PAY | DT10: =DL10 -> PRIVATE PAY | DU10: =DM10 -> ASBURY METHODIST VILLAGE | DV10: =DN10 -> SKILLED NURSING | DW10: =DO10 -> AMV - WILSON HEALTH CARE CENTER | DX10: {=IF(DX$5<=$CX10,INDEX($AF10:$AQ10,1,_xlfn.XMATCH(DX$5,$BS10:$CD10)),"na")} -> na | DY10: {=IF(DY$5<=$CX10,INDEX($AS10:$BD10,1,_xlfn.XMATCH(DY$5,$BS10:$CD10)),"na")} -> na | DZ10: {=IF(DZ$5<=$CY10,INDEX($BF10:$BQ10,1,_xlfn.XMATCH(DZ$5,$CF10:$CQ10)),"na")} -> na | EA10: =DS10 -> PRIVATE PAY | EB10: =DT10 -> PRIVATE PAY | EC10: =DU10 -> ASBURY METHODIST VILLAGE | ED10: =DV10 -> SKILLED NURSING | EE10: =DW10 -> AMV - WILSON HEALTH CARE CENTER | EF10: {=IF(EF$5<=$CX10,INDEX($AF10:$AQ10,1,_xlfn.XMATCH(EF$5,$BS10:$CD10)),"na")} -> na | EG10: {=IF(EG$5<=$CX10,INDEX($AS10:$BD10,1,_xlfn.XMATCH(EG$5,$BS10:$CD10)),"na")} -> na | EH10: {=IF(EH$5<=$CY10,INDEX($BF10:$BQ10,1,_xlfn.XMATCH(EH$5,$CF10:$CQ10)),"na")} -> na | EI10: =EA10 -> PRIVATE PAY | EJ10: =EB10 -> PRIVATE PAY | EK10: =EC10 -> ASBURY METHODIST VILLAGE | EL10: =ED10 -> SKILLED NURSING | EM10: =EE10 -> AMV - WILSON HEALTH CARE CENTER | EN10: {=IF(EN$5<=$CX10,INDEX($AF10:$AQ10,1,_xlfn.XMATCH(EN$5,$BS10:$CD10)),"na")} -> na | EO10: {=IF(EO$5<=$CX10,INDEX($AS10:$BD10,1,_xlfn.XMATCH(EO$5,$BS10:$CD10)),"na")} -> na | EP10: {=IF(EP$5<=$CY10,INDEX($BF10:$BQ10,1,_xlfn.XMATCH(EP$5,$CF10:$CQ10)),"na")} -> na | EQ10: =EI10 -> PRIVATE PAY | ER10: =EJ10 -> PRIVATE PAY | ES10: =EK10 -> ASBURY METHODIST VILLAGE | ET10: =EL10 -> SKILLED NURSING | EU10: =EM10 -> AMV - WILSON HEALTH CARE CENTER | EV10: {=IF(EV$5<=$CX10,INDEX($AF10:$AQ10,1,_xlfn.XMATCH(EV$5,$BS10:$CD10)),"na")} -> na
A11: 100-61 Skilled Nursing Facility | B11: Rev_Asm_SNF_Payer_Mix.SNF_Ancillary_Hospice | C11: Hospice | D11: 93.1798 | E11: 84.1624 | F11: 93.1798 | G11: 90.174 | H11: 93.1798 | I11: 90.174 | J11: 93.1798 | K11: 93.1798 | L11: 90.174 | M11: 93.1798 | N11: 90.174 | O11: 93.1798 | Q11: 840-61 Skilled Nursing Facility | R11: SNF Anc Days | S11: =SUMIFS(D$6:D$41,$A$6:$A$41,$Q11) -> 1891 | T11: =SUMIFS(E$6:E$41,$A$6:$A$41,$Q11) -> 1708 | U11: =SUMIFS(F$6:F$41,$A$6:$A$41,$Q11) -> 1891 | V11: =SUMIFS(G$6:G$41,$A$6:$A$41,$Q11) -> 1830 | W11: =SUMIFS(H$6:H$41,$A$6:$A$41,$Q11) -> 1891 | X11: =SUMIFS(I$6:I$41,$A$6:$A$41,$Q11) -> 1830 | Y11: =SUMIFS(J$6:J$41,$A$6:$A$41,$Q11) -> 1891 | Z11: =SUMIFS(K$6:K$41,$A$6:$A$41,$Q11) -> 1891 | ... AD11: =SUMIFS(O$6:O$41,$A$6:$A$41,$Q11) -> 1891 | AF11: =D11/D$1 -> 3.0058 | AG11: =E11/E$1 -> 3.0058 | AH11: =F11/F$1 -> 3.0058 | AI11: =G11/G$1 -> 3.0058 | AJ11: =H11/H$1 -> 3.0058 | AK11: =I11/I$1 -> 3.0058 | AL11: =J11/J$1 -> 3.0058 | AM11: =K11/K$1 -> 3.0058 | ... AQ11: =O11/O$1 -> 3.0058 | AS11: =_xlfn.XLOOKUP(AS$5,'OC-Days'!$G:$G,'OC-Days'!$F:$F) -> 45658 | AT11: =IF(AG11=AF11,"na",_xlfn.XLOOKUP(AT$5,'OC-Days'!$G:$G,'OC-Days'!$F:$F)) -> na | AU11: =IF(AH11=AG11,"na",_xlfn.XLOOKUP(AU$5,'OC-Days'!$G:$G,'OC-Days'!$F:$F)) -> na | AV11: =IF(AI11=AH11,"na",_xlfn.XLOOKUP(AV$5,'OC-Days'!$G:$G,'OC-Days'!$F:$F)) -> na | AW11: =IF(AJ11=AI11,"na",_xlfn.XLOOKUP(AW$5,'OC-Days'!$G:$G,'OC-Days'!$F:$F)) -> na | AX11: =IF(AK11=AJ11,"na",_xlfn.XLOOKUP(AX$5,'OC-Days'!$G:$G,'OC-Days'!$F:$F)) -> na | AY11: =IF(AL11=AK11,"na",_xlfn.XLOOKUP(AY$5,'OC-Days'!$G:$G,'OC-Days'!$F:$F)) -> na | AZ11: =IF(AM11=AL11,"na",_xlfn.XLOOKUP(AZ$5,'OC-Days'!$G:$G,'OC-Days'!$F:$F)) -> na | BA11: =IF(AN11=AM11,"na",_xlfn.XLOOKUP(BA$5,'OC-Days'!$G:$G,'OC-Days'!$F:$F)) -> na | ... BD11: =IF(AQ11=AP11,"na",_xlfn.XLOOKUP(BD$5,'OC-Days'!$G:$G,'OC-Days'!$F:$F)) -> na | BF11: =IF(AT11="na",AT11,AT11-1) -> na | BG11: =IF(AU11="na",AU11,AU11-1) -> na | BH11: =IF(AV11="na",AV11,AV11-1) -> na | BI11: =IF(AW11="na",AW11,AW11-1) -> na | BJ11: =IF(AX11="na",AX11,AX11-1) -> na | BK11: =IF(AY11="na",AY11,AY11-1) -> na | BL11: =IF(AZ11="na",AZ11,AZ11-1) -> na | BM11: =IF(BA11="na",BA11,BA11-1) -> na | ... BP11: =IF(BD11="na",BD11,BD11-1) -> na | BQ11: =DATE(VALUE(RIGHT($BQ$5,4)),12,31) -> 46022 | BS11: =COUNT($AS11:AS11) -> 1 | BT11: =COUNT($AS11:AT11) -> 1 | BU11: =COUNT($AS11:AU11) -> 1 | BV11: =COUNT($AS11:AV11) -> 1 | BW11: =COUNT($AS11:AW11) -> 1 | BX11: =COUNT($AS11:AX11) -> 1 | BY11: =COUNT($AS11:AY11) -> 1 | BZ11: =COUNT($AS11:AZ11) -> 1 | ... CD11: =COUNT($AS11:BD11) -> 1 | CF11: =COUNT($BF11:BF11) -> 0 | CG11: =COUNT($BF11:BG11) -> 0 | CH11: =COUNT($BF11:BH11) -> 0 | CI11: =COUNT($BF11:BI11) -> 0 | CJ11: =COUNT($BF11:BJ11) -> 0 | CK11: =COUNT($BF11:BK11) -> 0 | CL11: =COUNT($BF11:BL11) -> 0 | CM11: =COUNT($BF11:BM11) -> 0 | ... CQ11: =COUNT($BF11:BQ11) -> 1 | CS11: =IF(SUM(D11:O11)=0,0,1) -> 1 | CT11: =CU11&CV11&C11 -> 10061Hospice | CU11: =VALUE(LEFT(A11,3)) -> 100 | CV11: =VALUE(MID(A11,5,2)) -> 61 | CX11: =COUNT(AS11:BD11) -> 1 | CY11: =COUNT(BF11:BQ11) -> 1 | DA11: {=IF(DA$5<=$CX11,INDEX($AS11:$BD11,1,_xlfn.XMATCH(DA$5,$BS11:$CD11)),"na")} -> 45658 | DB11: {=IF(DB$5<=$CY11,INDEX($BF11:$BQ11,1,_xlfn.XMATCH(DB$5,$CF11:$CQ11)),"na")} -> 46022 | DC11: =_xlfn.XLOOKUP($CU11&"-"&$CV11&$C11,REF!$K$2:$K$90,REF!B$2:B$90) -> Hospice | DD11: =_xlfn.XLOOKUP($CU11&"-"&$CV11&$C11,REF!$K$2:$K$90,REF!C$2:C$90) -> Hospice - Private Pay | DE11: =_xlfn.XLOOKUP($CU11&"-"&$CV11&$C11,REF!$K$2:$K$90,REF!D$2:D$90) -> ASBURY METHODIST VILLAGE | DF11: =_xlfn.XLOOKUP($CU11&"-"&$CV11&$C11,REF!$K$2:$K$90,REF!E$2:E$90) -> SKILLED NURSING | DG11: =_xlfn.XLOOKUP($CU11&"-"&$CV11&$C11,REF!$K$2:$K$90,REF!F$2:F$90) -> AMV - WILSON HEALTH CARE CENTER | DH11: {=IF(DH$5<=$CX11,INDEX($AF11:$AQ11,1,_xlfn.XMATCH(DH$5,$BS11:$CD11)),"na")} -> 3.0058 | DI11: {=IF(DI$5<=$CX11,INDEX($AS11:$BD11,1,_xlfn.XMATCH(DI$5,$BS11:$CD11)),"na")} -> na | DJ11: {=IF(DJ$5<=$CY11,INDEX($BF11:$BQ11,1,_xlfn.XMATCH(DJ$5,$CF11:$CQ11)),"na")} -> na | DK11: =DC11 -> Hospice | DL11: =DD11 -> Hospice - Private Pay | DM11: =DE11 -> ASBURY METHODIST VILLAGE | DN11: =DF11 -> SKILLED NURSING | DO11: =DG11 -> AMV - WILSON HEALTH CARE CENTER | DP11: {=IF(DP$5<=$CX11,INDEX($AF11:$AQ11,1,_xlfn.XMATCH(DP$5,$BS11:$CD11)),"na")} -> na | DQ11: {=IF(DQ$5<=$CX11,INDEX($AS11:$BD11,1,_xlfn.XMATCH(DQ$5,$BS11:$CD11)),"na")} -> na | DR11: {=IF(DR$5<=$CY11,INDEX($BF11:$BQ11,1,_xlfn.XMATCH(DR$5,$CF11:$CQ11)),"na")} -> na | DS11: =DK11 -> Hospice | DT11: =DL11 -> Hospice - Private Pay | DU11: =DM11 -> ASBURY METHODIST VILLAGE | DV11: =DN11 -> SKILLED NURSING | DW11: =DO11 -> AMV - WILSON HEALTH CARE CENTER | DX11: {=IF(DX$5<=$CX11,INDEX($AF11:$AQ11,1,_xlfn.XMATCH(DX$5,$BS11:$CD11)),"na")} -> na | DY11: {=IF(DY$5<=$CX11,INDEX($AS11:$BD11,1,_xlfn.XMATCH(DY$5,$BS11:$CD11)),"na")} -> na | DZ11: {=IF(DZ$5<=$CY11,INDEX($BF11:$BQ11,1,_xlfn.XMATCH(DZ$5,$CF11:$CQ11)),"na")} -> na | EA11: =DS11 -> Hospice | EB11: =DT11 -> Hospice - Private Pay | EC11: =DU11 -> ASBURY METHODIST VILLAGE | ED11: =DV11 -> SKILLED NURSING | EE11: =DW11 -> AMV - WILSON HEALTH CARE CENTER | EF11: {=IF(EF$5<=$CX11,INDEX($AF11:$AQ11,1,_xlfn.XMATCH(EF$5,$BS11:$CD11)),"na")} -> na | EG11: {=IF(EG$5<=$CX11,INDEX($AS11:$BD11,1,_xlfn.XMATCH(EG$5,$BS11:$CD11)),"na")} -> na | EH11: {=IF(EH$5<=$CY11,INDEX($BF11:$BQ11,1,_xlfn.XMATCH(EH$5,$CF11:$CQ11)),"na")} -> na | EI11: =EA11 -> Hospice | EJ11: =EB11 -> Hospice - Private Pay | EK11: =EC11 -> ASBURY METHODIST VILLAGE | EL11: =ED11 -> SKILLED NURSING | EM11: =EE11 -> AMV - WILSON HEALTH CARE CENTER | EN11: {=IF(EN$5<=$CX11,INDEX($AF11:$AQ11,1,_xlfn.XMATCH(EN$5,$BS11:$CD11)),"na")} -> na | EO11: {=IF(EO$5<=$CX11,INDEX($AS11:$BD11,1,_xlfn.XMATCH(EO$5,$BS11:$CD11)),"na")} -> na | EP11: {=IF(EP$5<=$CY11,INDEX($BF11:$BQ11,1,_xlfn.XMATCH(EP$5,$CF11:$CQ11)),"na")} -> na | EQ11: =EI11 -> Hospice | ER11: =EJ11 -> Hospice - Private Pay | ES11: =EK11 -> ASBURY METHODIST VILLAGE | ET11: =EL11 -> SKILLED NURSING | EU11: =EM11 -> AMV - WILSON HEALTH CARE CENTER | EV11: {=IF(EV$5<=$CX11,INDEX($AF11:$AQ11,1,_xlfn.XMATCH(EV$5,$BS11:$CD11)),"na")} -> na
A12: 100-62 Skilled Nursing - TCU | B12: Rev_Asm_SNF_Payer_Mix.SNF_Ancillary_Medicare_A | C12: Medicare A | D12: 1054.062 | E12: 952.056 | F12: 1054.062 | G12: 1020.06 | H12: 1054.062 | I12: 1020.06 | J12: 1054.062 | K12: 1054.062 | L12: 1020.06 | M12: 1054.062 | N12: 1020.06 | O12: 1054.062 | AF12: =D12/D$1 -> 34.002 | AG12: =E12/E$1 -> 34.002 | AH12: =F12/F$1 -> 34.002 | AI12: =G12/G$1 -> 34.002 | AJ12: =H12/H$1 -> 34.002 | AK12: =I12/I$1 -> 34.002 | AL12: =J12/J$1 -> 34.002 | AM12: =K12/K$1 -> 34.002 | ... AQ12: =O12/O$1 -> 34.002 | AS12: =_xlfn.XLOOKUP(AS$5,'OC-Days'!$G:$G,'OC-Days'!$F:$F) -> 45658 | AT12: =IF(AG12=AF12,"na",_xlfn.XLOOKUP(AT$5,'OC-Days'!$G:$G,'OC-Days'!$F:$F)) -> na | AU12: =IF(AH12=AG12,"na",_xlfn.XLOOKUP(AU$5,'OC-Days'!$G:$G,'OC-Days'!$F:$F)) -> na | AV12: =IF(AI12=AH12,"na",_xlfn.XLOOKUP(AV$5,'OC-Days'!$G:$G,'OC-Days'!$F:$F)) -> na | AW12: =IF(AJ12=AI12,"na",_xlfn.XLOOKUP(AW$5,'OC-Days'!$G:$G,'OC-Days'!$F:$F)) -> na | AX12: =IF(AK12=AJ12,"na",_xlfn.XLOOKUP(AX$5,'OC-Days'!$G:$G,'OC-Days'!$F:$F)) -> na | AY12: =IF(AL12=AK12,"na",_xlfn.XLOOKUP(AY$5,'OC-Days'!$G:$G,'OC-Days'!$F:$F)) -> na | AZ12: =IF(AM12=AL12,"na",_xlfn.XLOOKUP(AZ$5,'OC-Days'!$G:$G,'OC-Days'!$F:$F)) -> na | BA12: =IF(AN12=AM12,"na",_xlfn.XLOOKUP(BA$5,'OC-Days'!$G:$G,'OC-Days'!$F:$F)) -> na | ... BD12: =IF(AQ12=AP12,"na",_xlfn.XLOOKUP(BD$5,'OC-Days'!$G:$G,'OC-Days'!$F:$F)) -> na | BF12: =IF(AT12="na",AT12,AT12-1) -> na | BG12: =IF(AU12="na",AU12,AU12-1) -> na | BH12: =IF(AV12="na",AV12,AV12-1) -> na | BI12: =IF(AW12="na",AW12,AW12-1) -> na | BJ12: =IF(AX12="na",AX12,AX12-1) -> na | BK12: =IF(AY12="na",AY12,AY12-1) -> na | BL12: =IF(AZ12="na",AZ12,AZ12-1) -> na | BM12: =IF(BA12="na",BA12,BA12-1) -> na | ... BP12: =IF(BD12="na",BD12,BD12-1) -> na | BQ12: =DATE(VALUE(RIGHT($BQ$5,4)),12,31) -> 46022 | BS12: =COUNT($AS12:AS12) -> 1 | BT12: =COUNT($AS12:AT12) -> 1 | BU12: =COUNT($AS12:AU12) -> 1 | BV12: =COUNT($AS12:AV12) -> 1 | BW12: =COUNT($AS12:AW12) -> 1 | BX12: =COUNT($AS12:AX12) -> 1 | BY12: =COUNT($AS12:AY12) -> 1 | BZ12: =COUNT($AS12:AZ12) -> 1 | ... CD12: =COUNT($AS12:BD12) -> 1 | CF12: =COUNT($BF12:BF12) -> 0 | CG12: =COUNT($BF12:BG12) -> 0 | CH12: =COUNT($BF12:BH12) -> 0 | CI12: =COUNT($BF12:BI12) -> 0 | CJ12: =COUNT($BF12:BJ12) -> 0 | CK12: =COUNT($BF12:BK12) -> 0 | CL12: =COUNT($BF12:BL12) -> 0 | CM12: =COUNT($BF12:BM12) -> 0 | ... CQ12: =COUNT($BF12:BQ12) -> 1 | CS12: =IF(SUM(D12:O12)=0,0,1) -> 1 | CT12: =CU12&CV12&C12 -> 10062Medicare A | CU12: =VALUE(LEFT(A12,3)) -> 100 | CV12: =VALUE(MID(A12,5,2)) -> 62 | CX12: =COUNT(AS12:BD12) -> 1 | CY12: =COUNT(BF12:BQ12) -> 1 | DA12: {=IF(DA$5<=$CX12,INDEX($AS12:$BD12,1,_xlfn.XMATCH(DA$5,$BS12:$CD12)),"na")} -> 45658 | DB12: {=IF(DB$5<=$CY12,INDEX($BF12:$BQ12,1,_xlfn.XMATCH(DB$5,$CF12:$CQ12)),"na")} -> 46022 | DC12: =_xlfn.XLOOKUP($CU12&"-"&$CV12&$C12,REF!$K$2:$K$90,REF!B$2:B$90) -> MEDICAREA/MC HMO | DD12: =_xlfn.XLOOKUP($CU12&"-"&$CV12&$C12,REF!$K$2:$K$90,REF!C$2:C$90) -> MEDICARE A HIGHMARK | DE12: =_xlfn.XLOOKUP($CU12&"-"&$CV12&$C12,REF!$K$2:$K$90,REF!D$2:D$90) -> ASBURY METHODIST VILLAGE | DF12: =_xlfn.XLOOKUP($CU12&"-"&$CV12&$C12,REF!$K$2:$K$90,REF!E$2:E$90) -> SKILLED NURSING - Household | DG12: =_xlfn.XLOOKUP($CU12&"-"&$CV12&$C12,REF!$K$2:$K$90,REF!F$2:F$90) -> AMV - WILSON HEALTH CARE CENTER | DH12: {=IF(DH$5<=$CX12,INDEX($AF12:$AQ12,1,_xlfn.XMATCH(DH$5,$BS12:$CD12)),"na")} -> 34.002 | DI12: {=IF(DI$5<=$CX12,INDEX($AS12:$BD12,1,_xlfn.XMATCH(DI$5,$BS12:$CD12)),"na")} -> na | DJ12: {=IF(DJ$5<=$CY12,INDEX($BF12:$BQ12,1,_xlfn.XMATCH(DJ$5,$CF12:$CQ12)),"na")} -> na | DK12: =DC12 -> MEDICAREA/MC HMO | DL12: =DD12 -> MEDICARE A HIGHMARK | DM12: =DE12 -> ASBURY METHODIST VILLAGE | DN12: =DF12 -> SKILLED NURSING - Household | DO12: =DG12 -> AMV - WILSON HEALTH CARE CENTER | DP12: {=IF(DP$5<=$CX12,INDEX($AF12:$AQ12,1,_xlfn.XMATCH(DP$5,$BS12:$CD12)),"na")} -> na | DQ12: {=IF(DQ$5<=$CX12,INDEX($AS12:$BD12,1,_xlfn.XMATCH(DQ$5,$BS12:$CD12)),"na")} -> na | DR12: {=IF(DR$5<=$CY12,INDEX($BF12:$BQ12,1,_xlfn.XMATCH(DR$5,$CF12:$CQ12)),"na")} -> na | DS12: =DK12 -> MEDICAREA/MC HMO | DT12: =DL12 -> MEDICARE A HIGHMARK | DU12: =DM12 -> ASBURY METHODIST VILLAGE | DV12: =DN12 -> SKILLED NURSING - Household | DW12: =DO12 -> AMV - WILSON HEALTH CARE CENTER | DX12: {=IF(DX$5<=$CX12,INDEX($AF12:$AQ12,1,_xlfn.XMATCH(DX$5,$BS12:$CD12)),"na")} -> na | DY12: {=IF(DY$5<=$CX12,INDEX($AS12:$BD12,1,_xlfn.XMATCH(DY$5,$BS12:$CD12)),"na")} -> na | DZ12: {=IF(DZ$5<=$CY12,INDEX($BF12:$BQ12,1,_xlfn.XMATCH(DZ$5,$CF12:$CQ12)),"na")} -> na | EA12: =DS12 -> MEDICAREA/MC HMO | EB12: =DT12 -> MEDICARE A HIGHMARK | EC12: =DU12 -> ASBURY METHODIST VILLAGE | ED12: =DV12 -> SKILLED NURSING - Household | EE12: =DW12 -> AMV - WILSON HEALTH CARE CENTER | EF12: {=IF(EF$5<=$CX12,INDEX($AF12:$AQ12,1,_xlfn.XMATCH(EF$5,$BS12:$CD12)),"na")} -> na | EG12: {=IF(EG$5<=$CX12,INDEX($AS12:$BD12,1,_xlfn.XMATCH(EG$5,$BS12:$CD12)),"na")} -> na | EH12: {=IF(EH$5<=$CY12,INDEX($BF12:$BQ12,1,_xlfn.XMATCH(EH$5,$CF12:$CQ12)),"na")} -> na | EI12: =EA12 -> MEDICAREA/MC HMO | EJ12: =EB12 -> MEDICARE A HIGHMARK | EK12: =EC12 -> ASBURY METHODIST VILLAGE | EL12: =ED12 -> SKILLED NURSING - Household | EM12: =EE12 -> AMV - WILSON HEALTH CARE CENTER | EN12: {=IF(EN$5<=$CX12,INDEX($AF12:$AQ12,1,_xlfn.XMATCH(EN$5,$BS12:$CD12)),"na")} -> na | EO12: {=IF(EO$5<=$CX12,INDEX($AS12:$BD12,1,_xlfn.XMATCH(EO$5,$BS12:$CD12)),"na")} -> na | EP12: {=IF(EP$5<=$CY12,INDEX($BF12:$BQ12,1,_xlfn.XMATCH(EP$5,$CF12:$CQ12)),"na")} -> na | EQ12: =EI12 -> MEDICAREA/MC HMO | ER12: =EJ12 -> MEDICARE A HIGHMARK | ES12: =EK12 -> ASBURY METHODIST VILLAGE | ET12: =EL12 -> SKILLED NURSING - Household | EU12: =EM12 -> AMV - WILSON HEALTH CARE CENTER | EV12: {=IF(EV$5<=$CX12,INDEX($AF12:$AQ12,1,_xlfn.XMATCH(EV$5,$BS12:$CD12)),"na")} -> na
A13: 100-62 Skilled Nursing - TCU | B13: Rev_Asm_SNF_Payer_Mix.SNF_Ancillary_Medicare_Adv | C13: Medicare Advantage | D13: 279 | E13: 252 | F13: 279 | G13: 270 | H13: 279 | I13: 270 | J13: 279 | K13: 279 | L13: 270 | M13: 279 | N13: 270 | O13: 279 | AF13: =D13/D$1 -> 9 | AG13: =E13/E$1 -> 9 | AH13: =F13/F$1 -> 9 | AI13: =G13/G$1 -> 9 | AJ13: =H13/H$1 -> 9 | AK13: =I13/I$1 -> 9 | AL13: =J13/J$1 -> 9 | AM13: =K13/K$1 -> 9 | ... AQ13: =O13/O$1 -> 9 | AS13: =_xlfn.XLOOKUP(AS$5,'OC-Days'!$G:$G,'OC-Days'!$F:$F) -> 45658 | AT13: =IF(AG13=AF13,"na",_xlfn.XLOOKUP(AT$5,'OC-Days'!$G:$G,'OC-Days'!$F:$F)) -> na | AU13: =IF(AH13=AG13,"na",_xlfn.XLOOKUP(AU$5,'OC-Days'!$G:$G,'OC-Days'!$F:$F)) -> na | AV13: =IF(AI13=AH13,"na",_xlfn.XLOOKUP(AV$5,'OC-Days'!$G:$G,'OC-Days'!$F:$F)) -> na | AW13: =IF(AJ13=AI13,"na",_xlfn.XLOOKUP(AW$5,'OC-Days'!$G:$G,'OC-Days'!$F:$F)) -> na | AX13: =IF(AK13=AJ13,"na",_xlfn.XLOOKUP(AX$5,'OC-Days'!$G:$G,'OC-Days'!$F:$F)) -> na | AY13: =IF(AL13=AK13,"na",_xlfn.XLOOKUP(AY$5,'OC-Days'!$G:$G,'OC-Days'!$F:$F)) -> na | AZ13: =IF(AM13=AL13,"na",_xlfn.XLOOKUP(AZ$5,'OC-Days'!$G:$G,'OC-Days'!$F:$F)) -> na | BA13: =IF(AN13=AM13,"na",_xlfn.XLOOKUP(BA$5,'OC-Days'!$G:$G,'OC-Days'!$F:$F)) -> na | ... BD13: =IF(AQ13=AP13,"na",_xlfn.XLOOKUP(BD$5,'OC-Days'!$G:$G,'OC-Days'!$F:$F)) -> na | BF13: =IF(AT13="na",AT13,AT13-1) -> na | BG13: =IF(AU13="na",AU13,AU13-1) -> na | BH13: =IF(AV13="na",AV13,AV13-1) -> na | BI13: =IF(AW13="na",AW13,AW13-1) -> na | BJ13: =IF(AX13="na",AX13,AX13-1) -> na | BK13: =IF(AY13="na",AY13,AY13-1) -> na | BL13: =IF(AZ13="na",AZ13,AZ13-1) -> na | BM13: =IF(BA13="na",BA13,BA13-1) -> na | ... BP13: =IF(BD13="na",BD13,BD13-1) -> na | BQ13: =DATE(VALUE(RIGHT($BQ$5,4)),12,31) -> 46022 | BS13: =COUNT($AS13:AS13) -> 1 | BT13: =COUNT($AS13:AT13) -> 1 | BU13: =COUNT($AS13:AU13) -> 1 | BV13: =COUNT($AS13:AV13) -> 1 | BW13: =COUNT($AS13:AW13) -> 1 | BX13: =COUNT($AS13:AX13) -> 1 | BY13: =COUNT($AS13:AY13) -> 1 | BZ13: =COUNT($AS13:AZ13) -> 1 | ... CD13: =COUNT($AS13:BD13) -> 1 | CF13: =COUNT($BF13:BF13) -> 0 | CG13: =COUNT($BF13:BG13) -> 0 | CH13: =COUNT($BF13:BH13) -> 0 | CI13: =COUNT($BF13:BI13) -> 0 | CJ13: =COUNT($BF13:BJ13) -> 0 | CK13: =COUNT($BF13:BK13) -> 0 | CL13: =COUNT($BF13:BL13) -> 0 | CM13: =COUNT($BF13:BM13) -> 0 | ... CQ13: =COUNT($BF13:BQ13) -> 1 | CS13: =IF(SUM(D13:O13)=0,0,1) -> 1 | CT13: =CU13&CV13&C13 -> 10062Medicare Advantage | CU13: =VALUE(LEFT(A13,3)) -> 100 | CV13: =VALUE(MID(A13,5,2)) -> 62 | CX13: =COUNT(AS13:BD13) -> 1 | CY13: =COUNT(BF13:BQ13) -> 1 | DA13: {=IF(DA$5<=$CX13,INDEX($AS13:$BD13,1,_xlfn.XMATCH(DA$5,$BS13:$CD13)),"na")} -> 45658 | DB13: {=IF(DB$5<=$CY13,INDEX($BF13:$BQ13,1,_xlfn.XMATCH(DB$5,$CF13:$CQ13)),"na")} -> 46022 | DC13: =_xlfn.XLOOKUP($CU13&"-"&$CV13&$C13,REF!$K$2:$K$90,REF!B$2:B$90) -> Medicare Advantage | DD13: =_xlfn.XLOOKUP($CU13&"-"&$CV13&$C13,REF!$K$2:$K$90,REF!C$2:C$90) -> Med Adv HMO A | DE13: =_xlfn.XLOOKUP($CU13&"-"&$CV13&$C13,REF!$K$2:$K$90,REF!D$2:D$90) -> ASBURY METHODIST VILLAGE | DF13: =_xlfn.XLOOKUP($CU13&"-"&$CV13&$C13,REF!$K$2:$K$90,REF!E$2:E$90) -> SKILLED NURSING - Household | DG13: =_xlfn.XLOOKUP($CU13&"-"&$CV13&$C13,REF!$K$2:$K$90,REF!F$2:F$90) -> AMV - WILSON HEALTH CARE CENTER | DH13: {=IF(DH$5<=$CX13,INDEX($AF13:$AQ13,1,_xlfn.XMATCH(DH$5,$BS13:$CD13)),"na")} -> 9 | DI13: {=IF(DI$5<=$CX13,INDEX($AS13:$BD13,1,_xlfn.XMATCH(DI$5,$BS13:$CD13)),"na")} -> na | DJ13: {=IF(DJ$5<=$CY13,INDEX($BF13:$BQ13,1,_xlfn.XMATCH(DJ$5,$CF13:$CQ13)),"na")} -> na | DK13: =DC13 -> Medicare Advantage | DL13: =DD13 -> Med Adv HMO A | DM13: =DE13 -> ASBURY METHODIST VILLAGE | DN13: =DF13 -> SKILLED NURSING - Household | DO13: =DG13 -> AMV - WILSON HEALTH CARE CENTER | DP13: {=IF(DP$5<=$CX13,INDEX($AF13:$AQ13,1,_xlfn.XMATCH(DP$5,$BS13:$CD13)),"na")} -> na | DQ13: {=IF(DQ$5<=$CX13,INDEX($AS13:$BD13,1,_xlfn.XMATCH(DQ$5,$BS13:$CD13)),"na")} -> na | DR13: {=IF(DR$5<=$CY13,INDEX($BF13:$BQ13,1,_xlfn.XMATCH(DR$5,$CF13:$CQ13)),"na")} -> na | DS13: =DK13 -> Medicare Advantage | DT13: =DL13 -> Med Adv HMO A | DU13: =DM13 -> ASBURY METHODIST VILLAGE | DV13: =DN13 -> SKILLED NURSING - Household | DW13: =DO13 -> AMV - WILSON HEALTH CARE CENTER | DX13: {=IF(DX$5<=$CX13,INDEX($AF13:$AQ13,1,_xlfn.XMATCH(DX$5,$BS13:$CD13)),"na")} -> na | DY13: {=IF(DY$5<=$CX13,INDEX($AS13:$BD13,1,_xlfn.XMATCH(DY$5,$BS13:$CD13)),"na")} -> na | DZ13: {=IF(DZ$5<=$CY13,INDEX($BF13:$BQ13,1,_xlfn.XMATCH(DZ$5,$CF13:$CQ13)),"na")} -> na | EA13: =DS13 -> Medicare Advantage | EB13: =DT13 -> Med Adv HMO A | EC13: =DU13 -> ASBURY METHODIST VILLAGE | ED13: =DV13 -> SKILLED NURSING - Household | EE13: =DW13 -> AMV - WILSON HEALTH CARE CENTER | EF13: {=IF(EF$5<=$CX13,INDEX($AF13:$AQ13,1,_xlfn.XMATCH(EF$5,$BS13:$CD13)),"na")} -> na | EG13: {=IF(EG$5<=$CX13,INDEX($AS13:$BD13,1,_xlfn.XMATCH(EG$5,$BS13:$CD13)),"na")} -> na | EH13: {=IF(EH$5<=$CY13,INDEX($BF13:$BQ13,1,_xlfn.XMATCH(EH$5,$CF13:$CQ13)),"na")} -> na | EI13: =EA13 -> Medicare Advantage | EJ13: =EB13 -> Med Adv HMO A | EK13: =EC13 -> ASBURY METHODIST VILLAGE | EL13: =ED13 -> SKILLED NURSING - Household | EM13: =EE13 -> AMV - WILSON HEALTH CARE CENTER | EN13: {=IF(EN$5<=$CX13,INDEX($AF13:$AQ13,1,_xlfn.XMATCH(EN$5,$BS13:$CD13)),"na")} -> na | EO13: {=IF(EO$5<=$CX13,INDEX($AS13:$BD13,1,_xlfn.XMATCH(EO$5,$BS13:$CD13)),"na")} -> na | EP13: {=IF(EP$5<=$CY13,INDEX($BF13:$BQ13,1,_xlfn.XMATCH(EP$5,$CF13:$CQ13)),"na")} -> na | EQ13: =EI13 -> Medicare Advantage | ER13: =EJ13 -> Med Adv HMO A | ES13: =EK13 -> ASBURY METHODIST VILLAGE | ET13: =EL13 -> SKILLED NURSING - Household | EU13: =EM13 -> AMV - WILSON HEALTH CARE CENTER | EV13: {=IF(EV$5<=$CX13,INDEX($AF13:$AQ13,1,_xlfn.XMATCH(EV$5,$BS13:$CD13)),"na")} -> na
A14: 100-62 Skilled Nursing - TCU | B14: Rev_Asm_SNF_Payer_Mix.SNF_Ancillary_Medicaid | C14: Medicaid | D14: 0 | E14: 0 | F14: 0 | G14: 0 | H14: 0 | I14: 0 | J14: 0 | K14: 0 | L14: 0 | M14: 0 | N14: 0 | O14: 0 | Q14: 100-61 Skilled Nursing Facility | R14: Res Days | S14: =SUMIFS('OC-Res Days'!B$6:B$75,'OC-Res Days'!$A$6:$A$75,$Q14) -> 4123 | T14: =SUMIFS('OC-Res Days'!C$6:C$75,'OC-Res Days'!$A$6:$A$75,$Q14) -> 3724 | U14: =SUMIFS('OC-Res Days'!D$6:D$75,'OC-Res Days'!$A$6:$A$75,$Q14) -> 4123 | V14: =SUMIFS('OC-Res Days'!E$6:E$75,'OC-Res Days'!$A$6:$A$75,$Q14) -> 3990 | W14: =SUMIFS('OC-Res Days'!F$6:F$75,'OC-Res Days'!$A$6:$A$75,$Q14) -> 4123 | X14: =SUMIFS('OC-Res Days'!G$6:G$75,'OC-Res Days'!$A$6:$A$75,$Q14) -> 3990 | Y14: =SUMIFS('OC-Res Days'!H$6:H$75,'OC-Res Days'!$A$6:$A$75,$Q14) -> 4123 | Z14: =SUMIFS('OC-Res Days'!I$6:I$75,'OC-Res Days'!$A$6:$A$75,$Q14) -> 4123 | ... AD14: =SUMIFS('OC-Res Days'!M$6:M$75,'OC-Res Days'!$A$6:$A$75,$Q14) -> 4123 | AF14: =D14/D$1 -> 0 | AG14: =E14/E$1 -> 0 | AH14: =F14/F$1 -> 0 | AI14: =G14/G$1 -> 0 | AJ14: =H14/H$1 -> 0 | AK14: =I14/I$1 -> 0 | AL14: =J14/J$1 -> 0 | AM14: =K14/K$1 -> 0 | ... AQ14: =O14/O$1 -> 0 | AS14: =_xlfn.XLOOKUP(AS$5,'OC-Days'!$G:$G,'OC-Days'!$F:$F) -> 45658 | AT14: =IF(AG14=AF14,"na",_xlfn.XLOOKUP(AT$5,'OC-Days'!$G:$G,'OC-Days'!$F:$F)) -> na | AU14: =IF(AH14=AG14,"na",_xlfn.XLOOKUP(AU$5,'OC-Days'!$G:$G,'OC-Days'!$F:$F)) -> na | AV14: =IF(AI14=AH14,"na",_xlfn.XLOOKUP(AV$5,'OC-Days'!$G:$G,'OC-Days'!$F:$F)) -> na | AW14: =IF(AJ14=AI14,"na",_xlfn.XLOOKUP(AW$5,'OC-Days'!$G:$G,'OC-Days'!$F:$F)) -> na | AX14: =IF(AK14=AJ14,"na",_xlfn.XLOOKUP(AX$5,'OC-Days'!$G:$G,'OC-Days'!$F:$F)) -> na | AY14: =IF(AL14=AK14,"na",_xlfn.XLOOKUP(AY$5,'OC-Days'!$G:$G,'OC-Days'!$F:$F)) -> na | AZ14: =IF(AM14=AL14,"na",_xlfn.XLOOKUP(AZ$5,'OC-Days'!$G:$G,'OC-Days'!$F:$F)) -> na | BA14: =IF(AN14=AM14,"na",_xlfn.XLOOKUP(BA$5,'OC-Days'!$G:$G,'OC-Days'!$F:$F)) -> na | ... BD14: =IF(AQ14=AP14,"na",_xlfn.XLOOKUP(BD$5,'OC-Days'!$G:$G,'OC-Days'!$F:$F)) -> na | BF14: =IF(AT14="na",AT14,AT14-1) -> na | BG14: =IF(AU14="na",AU14,AU14-1) -> na | BH14: =IF(AV14="na",AV14,AV14-1) -> na | BI14: =IF(AW14="na",AW14,AW14-1) -> na | BJ14: =IF(AX14="na",AX14,AX14-1) -> na | BK14: =IF(AY14="na",AY14,AY14-1) -> na | BL14: =IF(AZ14="na",AZ14,AZ14-1) -> na | BM14: =IF(BA14="na",BA14,BA14-1) -> na | ... BP14: =IF(BD14="na",BD14,BD14-1) -> na | BQ14: =DATE(VALUE(RIGHT($BQ$5,4)),12,31) -> 46022 | BS14: =COUNT($AS14:AS14) -> 1 | BT14: =COUNT($AS14:AT14) -> 1 | BU14: =COUNT($AS14:AU14) -> 1 | BV14: =COUNT($AS14:AV14) -> 1 | BW14: =COUNT($AS14:AW14) -> 1 | BX14: =COUNT($AS14:AX14) -> 1 | BY14: =COUNT($AS14:AY14) -> 1 | BZ14: =COUNT($AS14:AZ14) -> 1 | ... CD14: =COUNT($AS14:BD14) -> 1 | CF14: =COUNT($BF14:BF14) -> 0 | CG14: =COUNT($BF14:BG14) -> 0 | CH14: =COUNT($BF14:BH14) -> 0 | CI14: =COUNT($BF14:BI14) -> 0 | CJ14: =COUNT($BF14:BJ14) -> 0 | CK14: =COUNT($BF14:BK14) -> 0 | CL14: =COUNT($BF14:BL14) -> 0 | CM14: =COUNT($BF14:BM14) -> 0 | ... CQ14: =COUNT($BF14:BQ14) -> 1 | CS14: =IF(SUM(D14:O14)=0,0,1) -> 0 | CT14: =CU14&CV14&C14 -> 10062Medicaid | CU14: =VALUE(LEFT(A14,3)) -> 100 | CV14: =VALUE(MID(A14,5,2)) -> 62 | CX14: =COUNT(AS14:BD14) -> 1 | CY14: =COUNT(BF14:BQ14) -> 1 | DA14: {=IF(DA$5<=$CX14,INDEX($AS14:$BD14,1,_xlfn.XMATCH(DA$5,$BS14:$CD14)),"na")} -> 45658 | DB14: {=IF(DB$5<=$CY14,INDEX($BF14:$BQ14,1,_xlfn.XMATCH(DB$5,$CF14:$CQ14)),"na")} -> 46022 | DC14: =_xlfn.XLOOKUP($CU14&"-"&$CV14&$C14,REF!$K$2:$K$90,REF!B$2:B$90) -> MEDICAID | DD14: =_xlfn.XLOOKUP($CU14&"-"&$CV14&$C14,REF!$K$2:$K$90,REF!C$2:C$90) -> MARYLAND MEDICAID | DE14: =_xlfn.XLOOKUP($CU14&"-"&$CV14&$C14,REF!$K$2:$K$90,REF!D$2:D$90) -> ASBURY METHODIST VILLAGE | DF14: =_xlfn.XLOOKUP($CU14&"-"&$CV14&$C14,REF!$K$2:$K$90,REF!E$2:E$90) -> SKILLED NURSING - Household | DG14: =_xlfn.XLOOKUP($CU14&"-"&$CV14&$C14,REF!$K$2:$K$90,REF!F$2:F$90) -> AMV - WILSON HEALTH CARE CENTER | DH14: {=IF(DH$5<=$CX14,INDEX($AF14:$AQ14,1,_xlfn.XMATCH(DH$5,$BS14:$CD14)),"na")} -> 0 | DI14: {=IF(DI$5<=$CX14,INDEX($AS14:$BD14,1,_xlfn.XMATCH(DI$5,$BS14:$CD14)),"na")} -> na | DJ14: {=IF(DJ$5<=$CY14,INDEX($BF14:$BQ14,1,_xlfn.XMATCH(DJ$5,$CF14:$CQ14)),"na")} -> na | DK14: =DC14 -> MEDICAID | DL14: =DD14 -> MARYLAND MEDICAID | DM14: =DE14 -> ASBURY METHODIST VILLAGE | DN14: =DF14 -> SKILLED NURSING - Household | DO14: =DG14 -> AMV - WILSON HEALTH CARE CENTER | DP14: {=IF(DP$5<=$CX14,INDEX($AF14:$AQ14,1,_xlfn.XMATCH(DP$5,$BS14:$CD14)),"na")} -> na | DQ14: {=IF(DQ$5<=$CX14,INDEX($AS14:$BD14,1,_xlfn.XMATCH(DQ$5,$BS14:$CD14)),"na")} -> na | DR14: {=IF(DR$5<=$CY14,INDEX($BF14:$BQ14,1,_xlfn.XMATCH(DR$5,$CF14:$CQ14)),"na")} -> na | DS14: =DK14 -> MEDICAID | DT14: =DL14 -> MARYLAND MEDICAID | DU14: =DM14 -> ASBURY METHODIST VILLAGE | DV14: =DN14 -> SKILLED NURSING - Household | DW14: =DO14 -> AMV - WILSON HEALTH CARE CENTER | DX14: {=IF(DX$5<=$CX14,INDEX($AF14:$AQ14,1,_xlfn.XMATCH(DX$5,$BS14:$CD14)),"na")} -> na | DY14: {=IF(DY$5<=$CX14,INDEX($AS14:$BD14,1,_xlfn.XMATCH(DY$5,$BS14:$CD14)),"na")} -> na | DZ14: {=IF(DZ$5<=$CY14,INDEX($BF14:$BQ14,1,_xlfn.XMATCH(DZ$5,$CF14:$CQ14)),"na")} -> na | EA14: =DS14 -> MEDICAID | EB14: =DT14 -> MARYLAND MEDICAID | EC14: =DU14 -> ASBURY METHODIST VILLAGE | ED14: =DV14 -> SKILLED NURSING - Household | EE14: =DW14 -> AMV - WILSON HEALTH CARE CENTER | EF14: {=IF(EF$5<=$CX14,INDEX($AF14:$AQ14,1,_xlfn.XMATCH(EF$5,$BS14:$CD14)),"na")} -> na | EG14: {=IF(EG$5<=$CX14,INDEX($AS14:$BD14,1,_xlfn.XMATCH(EG$5,$BS14:$CD14)),"na")} -> na | EH14: {=IF(EH$5<=$CY14,INDEX($BF14:$BQ14,1,_xlfn.XMATCH(EH$5,$CF14:$CQ14)),"na")} -> na | EI14: =EA14 -> MEDICAID | EJ14: =EB14 -> MARYLAND MEDICAID | EK14: =EC14 -> ASBURY METHODIST VILLAGE | EL14: =ED14 -> SKILLED NURSING - Household | EM14: =EE14 -> AMV - WILSON HEALTH CARE CENTER | EN14: {=IF(EN$5<=$CX14,INDEX($AF14:$AQ14,1,_xlfn.XMATCH(EN$5,$BS14:$CD14)),"na")} -> na | EO14: {=IF(EO$5<=$CX14,INDEX($AS14:$BD14,1,_xlfn.XMATCH(EO$5,$BS14:$CD14)),"na")} -> na | EP14: {=IF(EP$5<=$CY14,INDEX($BF14:$BQ14,1,_xlfn.XMATCH(EP$5,$CF14:$CQ14)),"na")} -> na | EQ14: =EI14 -> MEDICAID | ER14: =EJ14 -> MARYLAND MEDICAID | ES14: =EK14 -> ASBURY METHODIST VILLAGE | ET14: =EL14 -> SKILLED NURSING - Household | EU14: =EM14 -> AMV - WILSON HEALTH CARE CENTER | EV14: {=IF(EV$5<=$CX14,INDEX($AF14:$AQ14,1,_xlfn.XMATCH(EV$5,$BS14:$CD14)),"na")} -> na
A15: 100-62 Skilled Nursing - TCU | B15: Rev_Asm_SNF_Payer_Mix.SNF_Ancillary_Insurance | C15: Insurance | D15: 61.938 | E15: 55.944 | F15: 61.938 | G15: 59.94 | H15: 61.938 | I15: 59.94 | J15: 61.938 | K15: 61.938 | L15: 59.94 | M15: 61.938 | N15: 59.94 | O15: 61.938 | Q15: 100-62 Skilled Nursing - TCU | R15: Res Days | S15: =SUMIFS('OC-Res Days'!B$6:B$75,'OC-Res Days'!$A$6:$A$75,$Q15) -> 1395 | T15: =SUMIFS('OC-Res Days'!C$6:C$75,'OC-Res Days'!$A$6:$A$75,$Q15) -> 1260 | U15: =SUMIFS('OC-Res Days'!D$6:D$75,'OC-Res Days'!$A$6:$A$75,$Q15) -> 1395 | V15: =SUMIFS('OC-Res Days'!E$6:E$75,'OC-Res Days'!$A$6:$A$75,$Q15) -> 1350 | W15: =SUMIFS('OC-Res Days'!F$6:F$75,'OC-Res Days'!$A$6:$A$75,$Q15) -> 1395 | X15: =SUMIFS('OC-Res Days'!G$6:G$75,'OC-Res Days'!$A$6:$A$75,$Q15) -> 1350 | Y15: =SUMIFS('OC-Res Days'!H$6:H$75,'OC-Res Days'!$A$6:$A$75,$Q15) -> 1395 | Z15: =SUMIFS('OC-Res Days'!I$6:I$75,'OC-Res Days'!$A$6:$A$75,$Q15) -> 1395 | ... AD15: =SUMIFS('OC-Res Days'!M$6:M$75,'OC-Res Days'!$A$6:$A$75,$Q15) -> 1395 | AF15: =D15/D$1 -> 1.998 | AG15: =E15/E$1 -> 1.998 | AH15: =F15/F$1 -> 1.998 | AI15: =G15/G$1 -> 1.998 | AJ15: =H15/H$1 -> 1.998 | AK15: =I15/I$1 -> 1.998 | AL15: =J15/J$1 -> 1.998 | AM15: =K15/K$1 -> 1.998 | ... AQ15: =O15/O$1 -> 1.998 | AS15: =_xlfn.XLOOKUP(AS$5,'OC-Days'!$G:$G,'OC-Days'!$F:$F) -> 45658 | AT15: =IF(AG15=AF15,"na",_xlfn.XLOOKUP(AT$5,'OC-Days'!$G:$G,'OC-Days'!$F:$F)) -> na | AU15: =IF(AH15=AG15,"na",_xlfn.XLOOKUP(AU$5,'OC-Days'!$G:$G,'OC-Days'!$F:$F)) -> na | AV15: =IF(AI15=AH15,"na",_xlfn.XLOOKUP(AV$5,'OC-Days'!$G:$G,'OC-Days'!$F:$F)) -> na | AW15: =IF(AJ15=AI15,"na",_xlfn.XLOOKUP(AW$5,'OC-Days'!$G:$G,'OC-Days'!$F:$F)) -> na | AX15: =IF(AK15=AJ15,"na",_xlfn.XLOOKUP(AX$5,'OC-Days'!$G:$G,'OC-Days'!$F:$F)) -> na | AY15: =IF(AL15=AK15,"na",_xlfn.XLOOKUP(AY$5,'OC-Days'!$G:$G,'OC-Days'!$F:$F)) -> na | AZ15: =IF(AM15=AL15,"na",_xlfn.XLOOKUP(AZ$5,'OC-Days'!$G:$G,'OC-Days'!$F:$F)) -> na | BA15: =IF(AN15=AM15,"na",_xlfn.XLOOKUP(BA$5,'OC-Days'!$G:$G,'OC-Days'!$F:$F)) -> na | ... BD15: =IF(AQ15=AP15,"na",_xlfn.XLOOKUP(BD$5,'OC-Days'!$G:$G,'OC-Days'!$F:$F)) -> na | BF15: =IF(AT15="na",AT15,AT15-1) -> na | BG15: =IF(AU15="na",AU15,AU15-1) -> na | BH15: =IF(AV15="na",AV15,AV15-1) -> na | BI15: =IF(AW15="na",AW15,AW15-1) -> na | BJ15: =IF(AX15="na",AX15,AX15-1) -> na | BK15: =IF(AY15="na",AY15,AY15-1) -> na | BL15: =IF(AZ15="na",AZ15,AZ15-1) -> na | BM15: =IF(BA15="na",BA15,BA15-1) -> na | ... BP15: =IF(BD15="na",BD15,BD15-1) -> na | BQ15: =DATE(VALUE(RIGHT($BQ$5,4)),12,31) -> 46022 | BS15: =COUNT($AS15:AS15) -> 1 | BT15: =COUNT($AS15:AT15) -> 1 | BU15: =COUNT($AS15:AU15) -> 1 | BV15: =COUNT($AS15:AV15) -> 1 | BW15: =COUNT($AS15:AW15) -> 1 | BX15: =COUNT($AS15:AX15) -> 1 | BY15: =COUNT($AS15:AY15) -> 1 | BZ15: =COUNT($AS15:AZ15) -> 1 | ... CD15: =COUNT($AS15:BD15) -> 1 | CF15: =COUNT($BF15:BF15) -> 0 | CG15: =COUNT($BF15:BG15) -> 0 | CH15: =COUNT($BF15:BH15) -> 0 | CI15: =COUNT($BF15:BI15) -> 0 | CJ15: =COUNT($BF15:BJ15) -> 0 | CK15: =COUNT($BF15:BK15) -> 0 | CL15: =COUNT($BF15:BL15) -> 0 | CM15: =COUNT($BF15:BM15) -> 0 | ... CQ15: =COUNT($BF15:BQ15) -> 1 | CS15: =IF(SUM(D15:O15)=0,0,1) -> 1 | CT15: =CU15&CV15&C15 -> 10062Insurance | CU15: =VALUE(LEFT(A15,3)) -> 100 | CV15: =VALUE(MID(A15,5,2)) -> 62 | CX15: =COUNT(AS15:BD15) -> 1 | CY15: =COUNT(BF15:BQ15) -> 1 | DA15: {=IF(DA$5<=$CX15,INDEX($AS15:$BD15,1,_xlfn.XMATCH(DA$5,$BS15:$CD15)),"na")} -> 45658 | DB15: {=IF(DB$5<=$CY15,INDEX($BF15:$BQ15,1,_xlfn.XMATCH(DB$5,$CF15:$CQ15)),"na")} -> 46022 | DC15: =_xlfn.XLOOKUP($CU15&"-"&$CV15&$C15,REF!$K$2:$K$90,REF!B$2:B$90) -> MANAGED CARE | DD15: =_xlfn.XLOOKUP($CU15&"-"&$CV15&$C15,REF!$K$2:$K$90,REF!C$2:C$90) -> MGCARE LEVEL OF CARE | DE15: =_xlfn.XLOOKUP($CU15&"-"&$CV15&$C15,REF!$K$2:$K$90,REF!D$2:D$90) -> ASBURY METHODIST VILLAGE | DF15: =_xlfn.XLOOKUP($CU15&"-"&$CV15&$C15,REF!$K$2:$K$90,REF!E$2:E$90) -> SKILLED NURSING - Household | DG15: =_xlfn.XLOOKUP($CU15&"-"&$CV15&$C15,REF!$K$2:$K$90,REF!F$2:F$90) -> AMV - WILSON HEALTH CARE CENTER | DH15: {=IF(DH$5<=$CX15,INDEX($AF15:$AQ15,1,_xlfn.XMATCH(DH$5,$BS15:$CD15)),"na")} -> 1.998 | DI15: {=IF(DI$5<=$CX15,INDEX($AS15:$BD15,1,_xlfn.XMATCH(DI$5,$BS15:$CD15)),"na")} -> na | DJ15: {=IF(DJ$5<=$CY15,INDEX($BF15:$BQ15,1,_xlfn.XMATCH(DJ$5,$CF15:$CQ15)),"na")} -> na | DK15: =DC15 -> MANAGED CARE | DL15: =DD15 -> MGCARE LEVEL OF CARE | DM15: =DE15 -> ASBURY METHODIST VILLAGE | DN15: =DF15 -> SKILLED NURSING - Household | DO15: =DG15 -> AMV - WILSON HEALTH CARE CENTER | DP15: {=IF(DP$5<=$CX15,INDEX($AF15:$AQ15,1,_xlfn.XMATCH(DP$5,$BS15:$CD15)),"na")} -> na | DQ15: {=IF(DQ$5<=$CX15,INDEX($AS15:$BD15,1,_xlfn.XMATCH(DQ$5,$BS15:$CD15)),"na")} -> na | DR15: {=IF(DR$5<=$CY15,INDEX($BF15:$BQ15,1,_xlfn.XMATCH(DR$5,$CF15:$CQ15)),"na")} -> na | DS15: =DK15 -> MANAGED CARE | DT15: =DL15 -> MGCARE LEVEL OF CARE | DU15: =DM15 -> ASBURY METHODIST VILLAGE | DV15: =DN15 -> SKILLED NURSING - Household | DW15: =DO15 -> AMV - WILSON HEALTH CARE CENTER | DX15: {=IF(DX$5<=$CX15,INDEX($AF15:$AQ15,1,_xlfn.XMATCH(DX$5,$BS15:$CD15)),"na")} -> na | DY15: {=IF(DY$5<=$CX15,INDEX($AS15:$BD15,1,_xlfn.XMATCH(DY$5,$BS15:$CD15)),"na")} -> na | DZ15: {=IF(DZ$5<=$CY15,INDEX($BF15:$BQ15,1,_xlfn.XMATCH(DZ$5,$CF15:$CQ15)),"na")} -> na | EA15: =DS15 -> MANAGED CARE | EB15: =DT15 -> MGCARE LEVEL OF CARE | EC15: =DU15 -> ASBURY METHODIST VILLAGE | ED15: =DV15 -> SKILLED NURSING - Household | EE15: =DW15 -> AMV - WILSON HEALTH CARE CENTER | EF15: {=IF(EF$5<=$CX15,INDEX($AF15:$AQ15,1,_xlfn.XMATCH(EF$5,$BS15:$CD15)),"na")} -> na | EG15: {=IF(EG$5<=$CX15,INDEX($AS15:$BD15,1,_xlfn.XMATCH(EG$5,$BS15:$CD15)),"na")} -> na | EH15: {=IF(EH$5<=$CY15,INDEX($BF15:$BQ15,1,_xlfn.XMATCH(EH$5,$CF15:$CQ15)),"na")} -> na | EI15: =EA15 -> MANAGED CARE | EJ15: =EB15 -> MGCARE LEVEL OF CARE | EK15: =EC15 -> ASBURY METHODIST VILLAGE | EL15: =ED15 -> SKILLED NURSING - Household | EM15: =EE15 -> AMV - WILSON HEALTH CARE CENTER | EN15: {=IF(EN$5<=$CX15,INDEX($AF15:$AQ15,1,_xlfn.XMATCH(EN$5,$BS15:$CD15)),"na")} -> na | EO15: {=IF(EO$5<=$CX15,INDEX($AS15:$BD15,1,_xlfn.XMATCH(EO$5,$BS15:$CD15)),"na")} -> na | EP15: {=IF(EP$5<=$CY15,INDEX($BF15:$BQ15,1,_xlfn.XMATCH(EP$5,$CF15:$CQ15)),"na")} -> na | EQ15: =EI15 -> MANAGED CARE | ER15: =EJ15 -> MGCARE LEVEL OF CARE | ES15: =EK15 -> ASBURY METHODIST VILLAGE | ET15: =EL15 -> SKILLED NURSING - Household | EU15: =EM15 -> AMV - WILSON HEALTH CARE CENTER | EV15: {=IF(EV$5<=$CX15,INDEX($AF15:$AQ15,1,_xlfn.XMATCH(EV$5,$BS15:$CD15)),"na")} -> na
A16: 100-62 Skilled Nursing - TCU | B16: Rev_Asm_SNF_Payer_Mix.SNF_Ancillary_Private_Pay | C16: Private Pay | D16: 0 | E16: 0 | F16: 0 | G16: 0 | H16: 0 | I16: 0 | J16: 0 | K16: 0 | L16: 0 | M16: 0 | N16: 0 | O16: 0 | Q16: 200-61 Skilled Nursing Facility | R16: Res Days | S16: =SUMIFS('OC-Res Days'!B$6:B$75,'OC-Res Days'!$A$6:$A$75,$Q16) -> 1162.5 | T16: =SUMIFS('OC-Res Days'!C$6:C$75,'OC-Res Days'!$A$6:$A$75,$Q16) -> 1050 | U16: =SUMIFS('OC-Res Days'!D$6:D$75,'OC-Res Days'!$A$6:$A$75,$Q16) -> 1162.5 | V16: =SUMIFS('OC-Res Days'!E$6:E$75,'OC-Res Days'!$A$6:$A$75,$Q16) -> 1125 | W16: =SUMIFS('OC-Res Days'!F$6:F$75,'OC-Res Days'!$A$6:$A$75,$Q16) -> 1162.5 | X16: =SUMIFS('OC-Res Days'!G$6:G$75,'OC-Res Days'!$A$6:$A$75,$Q16) -> 1125 | Y16: =SUMIFS('OC-Res Days'!H$6:H$75,'OC-Res Days'!$A$6:$A$75,$Q16) -> 1162.5 | Z16: =SUMIFS('OC-Res Days'!I$6:I$75,'OC-Res Days'!$A$6:$A$75,$Q16) -> 1162.5 | ... AD16: =SUMIFS('OC-Res Days'!M$6:M$75,'OC-Res Days'!$A$6:$A$75,$Q16) -> 1162.5 | AF16: =D16/D$1 -> 0 | AG16: =E16/E$1 -> 0 | AH16: =F16/F$1 -> 0 | AI16: =G16/G$1 -> 0 | AJ16: =H16/H$1 -> 0 | AK16: =I16/I$1 -> 0 | AL16: =J16/J$1 -> 0 | AM16: =K16/K$1 -> 0 | ... AQ16: =O16/O$1 -> 0 | AS16: =_xlfn.XLOOKUP(AS$5,'OC-Days'!$G:$G,'OC-Days'!$F:$F) -> 45658 | AT16: =IF(AG16=AF16,"na",_xlfn.XLOOKUP(AT$5,'OC-Days'!$G:$G,'OC-Days'!$F:$F)) -> na | AU16: =IF(AH16=AG16,"na",_xlfn.XLOOKUP(AU$5,'OC-Days'!$G:$G,'OC-Days'!$F:$F)) -> na | AV16: =IF(AI16=AH16,"na",_xlfn.XLOOKUP(AV$5,'OC-Days'!$G:$G,'OC-Days'!$F:$F)) -> na | AW16: =IF(AJ16=AI16,"na",_xlfn.XLOOKUP(AW$5,'OC-Days'!$G:$G,'OC-Days'!$F:$F)) -> na | AX16: =IF(AK16=AJ16,"na",_xlfn.XLOOKUP(AX$5,'OC-Days'!$G:$G,'OC-Days'!$F:$F)) -> na | AY16: =IF(AL16=AK16,"na",_xlfn.XLOOKUP(AY$5,'OC-Days'!$G:$G,'OC-Days'!$F:$F)) -> na | AZ16: =IF(AM16=AL16,"na",_xlfn.XLOOKUP(AZ$5,'OC-Days'!$G:$G,'OC-Days'!$F:$F)) -> na | BA16: =IF(AN16=AM16,"na",_xlfn.XLOOKUP(BA$5,'OC-Days'!$G:$G,'OC-Days'!$F:$F)) -> na | ... BD16: =IF(AQ16=AP16,"na",_xlfn.XLOOKUP(BD$5,'OC-Days'!$G:$G,'OC-Days'!$F:$F)) -> na | BF16: =IF(AT16="na",AT16,AT16-1) -> na | BG16: =IF(AU16="na",AU16,AU16-1) -> na | BH16: =IF(AV16="na",AV16,AV16-1) -> na | BI16: =IF(AW16="na",AW16,AW16-1) -> na | BJ16: =IF(AX16="na",AX16,AX16-1) -> na | BK16: =IF(AY16="na",AY16,AY16-1) -> na | BL16: =IF(AZ16="na",AZ16,AZ16-1) -> na | BM16: =IF(BA16="na",BA16,BA16-1) -> na | ... BP16: =IF(BD16="na",BD16,BD16-1) -> na | BQ16: =DATE(VALUE(RIGHT($BQ$5,4)),12,31) -> 46022 | BS16: =COUNT($AS16:AS16) -> 1 | BT16: =COUNT($AS16:AT16) -> 1 | BU16: =COUNT($AS16:AU16) -> 1 | BV16: =COUNT($AS16:AV16) -> 1 | BW16: =COUNT($AS16:AW16) -> 1 | BX16: =COUNT($AS16:AX16) -> 1 | BY16: =COUNT($AS16:AY16) -> 1 | BZ16: =COUNT($AS16:AZ16) -> 1 | ... CD16: =COUNT($AS16:BD16) -> 1 | CF16: =COUNT($BF16:BF16) -> 0 | CG16: =COUNT($BF16:BG16) -> 0 | CH16: =COUNT($BF16:BH16) -> 0 | CI16: =COUNT($BF16:BI16) -> 0 | CJ16: =COUNT($BF16:BJ16) -> 0 | CK16: =COUNT($BF16:BK16) -> 0 | CL16: =COUNT($BF16:BL16) -> 0 | CM16: =COUNT($BF16:BM16) -> 0 | ... CQ16: =COUNT($BF16:BQ16) -> 1 | CS16: =IF(SUM(D16:O16)=0,0,1) -> 0 | CT16: =CU16&CV16&C16 -> 10062Private Pay | CU16: =VALUE(LEFT(A16,3)) -> 100 | CV16: =VALUE(MID(A16,5,2)) -> 62 | CX16: =COUNT(AS16:BD16) -> 1 | CY16: =COUNT(BF16:BQ16) -> 1 | DA16: {=IF(DA$5<=$CX16,INDEX($AS16:$BD16,1,_xlfn.XMATCH(DA$5,$BS16:$CD16)),"na")} -> 45658 | DB16: {=IF(DB$5<=$CY16,INDEX($BF16:$BQ16,1,_xlfn.XMATCH(DB$5,$CF16:$CQ16)),"na")} -> 46022 | DC16: =_xlfn.XLOOKUP($CU16&"-"&$CV16&$C16,REF!$K$2:$K$90,REF!B$2:B$90) -> PRIVATE PAY | DD16: =_xlfn.XLOOKUP($CU16&"-"&$CV16&$C16,REF!$K$2:$K$90,REF!C$2:C$90) -> PRIVATE PAY | DE16: =_xlfn.XLOOKUP($CU16&"-"&$CV16&$C16,REF!$K$2:$K$90,REF!D$2:D$90) -> ASBURY METHODIST VILLAGE | DF16: =_xlfn.XLOOKUP($CU16&"-"&$CV16&$C16,REF!$K$2:$K$90,REF!E$2:E$90) -> SKILLED NURSING - Household | DG16: =_xlfn.XLOOKUP($CU16&"-"&$CV16&$C16,REF!$K$2:$K$90,REF!F$2:F$90) -> AMV - WILSON HEALTH CARE CENTER | DH16: {=IF(DH$5<=$CX16,INDEX($AF16:$AQ16,1,_xlfn.XMATCH(DH$5,$BS16:$CD16)),"na")} -> 0 | DI16: {=IF(DI$5<=$CX16,INDEX($AS16:$BD16,1,_xlfn.XMATCH(DI$5,$BS16:$CD16)),"na")} -> na | DJ16: {=IF(DJ$5<=$CY16,INDEX($BF16:$BQ16,1,_xlfn.XMATCH(DJ$5,$CF16:$CQ16)),"na")} -> na | DK16: =DC16 -> PRIVATE PAY | DL16: =DD16 -> PRIVATE PAY | DM16: =DE16 -> ASBURY METHODIST VILLAGE | DN16: =DF16 -> SKILLED NURSING - Household | DO16: =DG16 -> AMV - WILSON HEALTH CARE CENTER | DP16: {=IF(DP$5<=$CX16,INDEX($AF16:$AQ16,1,_xlfn.XMATCH(DP$5,$BS16:$CD16)),"na")} -> na | DQ16: {=IF(DQ$5<=$CX16,INDEX($AS16:$BD16,1,_xlfn.XMATCH(DQ$5,$BS16:$CD16)),"na")} -> na | DR16: {=IF(DR$5<=$CY16,INDEX($BF16:$BQ16,1,_xlfn.XMATCH(DR$5,$CF16:$CQ16)),"na")} -> na | DS16: =DK16 -> PRIVATE PAY | DT16: =DL16 -> PRIVATE PAY | DU16: =DM16 -> ASBURY METHODIST VILLAGE | DV16: =DN16 -> SKILLED NURSING - Household | DW16: =DO16 -> AMV - WILSON HEALTH CARE CENTER | DX16: {=IF(DX$5<=$CX16,INDEX($AF16:$AQ16,1,_xlfn.XMATCH(DX$5,$BS16:$CD16)),"na")} -> na | DY16: {=IF(DY$5<=$CX16,INDEX($AS16:$BD16,1,_xlfn.XMATCH(DY$5,$BS16:$CD16)),"na")} -> na | DZ16: {=IF(DZ$5<=$CY16,INDEX($BF16:$BQ16,1,_xlfn.XMATCH(DZ$5,$CF16:$CQ16)),"na")} -> na | EA16: =DS16 -> PRIVATE PAY | EB16: =DT16 -> PRIVATE PAY | EC16: =DU16 -> ASBURY METHODIST VILLAGE | ED16: =DV16 -> SKILLED NURSING - Household | EE16: =DW16 -> AMV - WILSON HEALTH CARE CENTER | EF16: {=IF(EF$5<=$CX16,INDEX($AF16:$AQ16,1,_xlfn.XMATCH(EF$5,$BS16:$CD16)),"na")} -> na | EG16: {=IF(EG$5<=$CX16,INDEX($AS16:$BD16,1,_xlfn.XMATCH(EG$5,$BS16:$CD16)),"na")} -> na | EH16: {=IF(EH$5<=$CY16,INDEX($BF16:$BQ16,1,_xlfn.XMATCH(EH$5,$CF16:$CQ16)),"na")} -> na | EI16: =EA16 -> PRIVATE PAY | EJ16: =EB16 -> PRIVATE PAY | EK16: =EC16 -> ASBURY METHODIST VILLAGE | EL16: =ED16 -> SKILLED NURSING - Household | EM16: =EE16 -> AMV - WILSON HEALTH CARE CENTER | EN16: {=IF(EN$5<=$CX16,INDEX($AF16:$AQ16,1,_xlfn.XMATCH(EN$5,$BS16:$CD16)),"na")} -> na | EO16: {=IF(EO$5<=$CX16,INDEX($AS16:$BD16,1,_xlfn.XMATCH(EO$5,$BS16:$CD16)),"na")} -> na | EP16: {=IF(EP$5<=$CY16,INDEX($BF16:$BQ16,1,_xlfn.XMATCH(EP$5,$CF16:$CQ16)),"na")} -> na | EQ16: =EI16 -> PRIVATE PAY | ER16: =EJ16 -> PRIVATE PAY | ES16: =EK16 -> ASBURY METHODIST VILLAGE | ET16: =EL16 -> SKILLED NURSING - Household | EU16: =EM16 -> AMV - WILSON HEALTH CARE CENTER | EV16: {=IF(EV$5<=$CX16,INDEX($AF16:$AQ16,1,_xlfn.XMATCH(EV$5,$BS16:$CD16)),"na")} -> na
A17: 100-62 Skilled Nursing - TCU | B17: Rev_Asm_SNF_Payer_Mix.SNF_Ancillary_Hospice | C17: Hospice | D17: 0 | E17: 0 | F17: 0 | G17: 0 | H17: 0 | I17: 0 | J17: 0 | K17: 0 | L17: 0 | M17: 0 | N17: 0 | O17: 0 | Q17: 324-61 Skilled Nursing Facility | R17: Res Days | S17: =SUMIFS('OC-Res Days'!B$6:B$75,'OC-Res Days'!$A$6:$A$75,$Q17) -> 2263 | T17: =SUMIFS('OC-Res Days'!C$6:C$75,'OC-Res Days'!$A$6:$A$75,$Q17) -> 2044 | U17: =SUMIFS('OC-Res Days'!D$6:D$75,'OC-Res Days'!$A$6:$A$75,$Q17) -> 2263 | V17: =SUMIFS('OC-Res Days'!E$6:E$75,'OC-Res Days'!$A$6:$A$75,$Q17) -> 2190 | W17: =SUMIFS('OC-Res Days'!F$6:F$75,'OC-Res Days'!$A$6:$A$75,$Q17) -> 2263 | X17: =SUMIFS('OC-Res Days'!G$6:G$75,'OC-Res Days'!$A$6:$A$75,$Q17) -> 2190 | Y17: =SUMIFS('OC-Res Days'!H$6:H$75,'OC-Res Days'!$A$6:$A$75,$Q17) -> 2263 | Z17: =SUMIFS('OC-Res Days'!I$6:I$75,'OC-Res Days'!$A$6:$A$75,$Q17) -> 2263 | ... AD17: =SUMIFS('OC-Res Days'!M$6:M$75,'OC-Res Days'!$A$6:$A$75,$Q17) -> 2263 | AF17: =D17/D$1 -> 0 | AG17: =E17/E$1 -> 0 | AH17: =F17/F$1 -> 0 | AI17: =G17/G$1 -> 0 | AJ17: =H17/H$1 -> 0 | AK17: =I17/I$1 -> 0 | AL17: =J17/J$1 -> 0 | AM17: =K17/K$1 -> 0 | ... AQ17: =O17/O$1 -> 0 | AS17: =_xlfn.XLOOKUP(AS$5,'OC-Days'!$G:$G,'OC-Days'!$F:$F) -> 45658 | AT17: =IF(AG17=AF17,"na",_xlfn.XLOOKUP(AT$5,'OC-Days'!$G:$G,'OC-Days'!$F:$F)) -> na | AU17: =IF(AH17=AG17,"na",_xlfn.XLOOKUP(AU$5,'OC-Days'!$G:$G,'OC-Days'!$F:$F)) -> na | AV17: =IF(AI17=AH17,"na",_xlfn.XLOOKUP(AV$5,'OC-Days'!$G:$G,'OC-Days'!$F:$F)) -> na | AW17: =IF(AJ17=AI17,"na",_xlfn.XLOOKUP(AW$5,'OC-Days'!$G:$G,'OC-Days'!$F:$F)) -> na | AX17: =IF(AK17=AJ17,"na",_xlfn.XLOOKUP(AX$5,'OC-Days'!$G:$G,'OC-Days'!$F:$F)) -> na | AY17: =IF(AL17=AK17,"na",_xlfn.XLOOKUP(AY$5,'OC-Days'!$G:$G,'OC-Days'!$F:$F)) -> na | AZ17: =IF(AM17=AL17,"na",_xlfn.XLOOKUP(AZ$5,'OC-Days'!$G:$G,'OC-Days'!$F:$F)) -> na | BA17: =IF(AN17=AM17,"na",_xlfn.XLOOKUP(BA$5,'OC-Days'!$G:$G,'OC-Days'!$F:$F)) -> na | ... BD17: =IF(AQ17=AP17,"na",_xlfn.XLOOKUP(BD$5,'OC-Days'!$G:$G,'OC-Days'!$F:$F)) -> na | BF17: =IF(AT17="na",AT17,AT17-1) -> na | BG17: =IF(AU17="na",AU17,AU17-1) -> na | BH17: =IF(AV17="na",AV17,AV17-1) -> na | BI17: =IF(AW17="na",AW17,AW17-1) -> na | BJ17: =IF(AX17="na",AX17,AX17-1) -> na | BK17: =IF(AY17="na",AY17,AY17-1) -> na | BL17: =IF(AZ17="na",AZ17,AZ17-1) -> na | BM17: =IF(BA17="na",BA17,BA17-1) -> na | ... BP17: =IF(BD17="na",BD17,BD17-1) -> na | BQ17: =DATE(VALUE(RIGHT($BQ$5,4)),12,31) -> 46022 | BS17: =COUNT($AS17:AS17) -> 1 | BT17: =COUNT($AS17:AT17) -> 1 | BU17: =COUNT($AS17:AU17) -> 1 | BV17: =COUNT($AS17:AV17) -> 1 | BW17: =COUNT($AS17:AW17) -> 1 | BX17: =COUNT($AS17:AX17) -> 1 | BY17: =COUNT($AS17:AY17) -> 1 | BZ17: =COUNT($AS17:AZ17) -> 1 | ... CD17: =COUNT($AS17:BD17) -> 1 | CF17: =COUNT($BF17:BF17) -> 0 | CG17: =COUNT($BF17:BG17) -> 0 | CH17: =COUNT($BF17:BH17) -> 0 | CI17: =COUNT($BF17:BI17) -> 0 | CJ17: =COUNT($BF17:BJ17) -> 0 | CK17: =COUNT($BF17:BK17) -> 0 | CL17: =COUNT($BF17:BL17) -> 0 | CM17: =COUNT($BF17:BM17) -> 0 | ... CQ17: =COUNT($BF17:BQ17) -> 1 | CS17: =IF(SUM(D17:O17)=0,0,1) -> 0 | CT17: =CU17&CV17&C17 -> 10062Hospice | CU17: =VALUE(LEFT(A17,3)) -> 100 | CV17: =VALUE(MID(A17,5,2)) -> 62 | CX17: =COUNT(AS17:BD17) -> 1 | CY17: =COUNT(BF17:BQ17) -> 1 | DA17: {=IF(DA$5<=$CX17,INDEX($AS17:$BD17,1,_xlfn.XMATCH(DA$5,$BS17:$CD17)),"na")} -> 45658 | DB17: {=IF(DB$5<=$CY17,INDEX($BF17:$BQ17,1,_xlfn.XMATCH(DB$5,$CF17:$CQ17)),"na")} -> 46022 | DC17: =_xlfn.XLOOKUP($CU17&"-"&$CV17&$C17,REF!$K$2:$K$90,REF!B$2:B$90) -> Hospice | DD17: =_xlfn.XLOOKUP($CU17&"-"&$CV17&$C17,REF!$K$2:$K$90,REF!C$2:C$90) -> Hospice - Private Pay | DE17: =_xlfn.XLOOKUP($CU17&"-"&$CV17&$C17,REF!$K$2:$K$90,REF!D$2:D$90) -> ASBURY METHODIST VILLAGE | DF17: =_xlfn.XLOOKUP($CU17&"-"&$CV17&$C17,REF!$K$2:$K$90,REF!E$2:E$90) -> SKILLED NURSING - Household | DG17: =_xlfn.XLOOKUP($CU17&"-"&$CV17&$C17,REF!$K$2:$K$90,REF!F$2:F$90) -> AMV - WILSON HEALTH CARE CENTER | DH17: {=IF(DH$5<=$CX17,INDEX($AF17:$AQ17,1,_xlfn.XMATCH(DH$5,$BS17:$CD17)),"na")} -> 0 | DI17: {=IF(DI$5<=$CX17,INDEX($AS17:$BD17,1,_xlfn.XMATCH(DI$5,$BS17:$CD17)),"na")} -> na | DJ17: {=IF(DJ$5<=$CY17,INDEX($BF17:$BQ17,1,_xlfn.XMATCH(DJ$5,$CF17:$CQ17)),"na")} -> na | DK17: =DC17 -> Hospice | DL17: =DD17 -> Hospice - Private Pay | DM17: =DE17 -> ASBURY METHODIST VILLAGE | DN17: =DF17 -> SKILLED NURSING - Household | DO17: =DG17 -> AMV - WILSON HEALTH CARE CENTER | DP17: {=IF(DP$5<=$CX17,INDEX($AF17:$AQ17,1,_xlfn.XMATCH(DP$5,$BS17:$CD17)),"na")} -> na | DQ17: {=IF(DQ$5<=$CX17,INDEX($AS17:$BD17,1,_xlfn.XMATCH(DQ$5,$BS17:$CD17)),"na")} -> na | DR17: {=IF(DR$5<=$CY17,INDEX($BF17:$BQ17,1,_xlfn.XMATCH(DR$5,$CF17:$CQ17)),"na")} -> na | DS17: =DK17 -> Hospice | DT17: =DL17 -> Hospice - Private Pay | DU17: =DM17 -> ASBURY METHODIST VILLAGE | DV17: =DN17 -> SKILLED NURSING - Household | DW17: =DO17 -> AMV - WILSON HEALTH CARE CENTER | DX17: {=IF(DX$5<=$CX17,INDEX($AF17:$AQ17,1,_xlfn.XMATCH(DX$5,$BS17:$CD17)),"na")} -> na | DY17: {=IF(DY$5<=$CX17,INDEX($AS17:$BD17,1,_xlfn.XMATCH(DY$5,$BS17:$CD17)),"na")} -> na | DZ17: {=IF(DZ$5<=$CY17,INDEX($BF17:$BQ17,1,_xlfn.XMATCH(DZ$5,$CF17:$CQ17)),"na")} -> na | EA17: =DS17 -> Hospice | EB17: =DT17 -> Hospice - Private Pay | EC17: =DU17 -> ASBURY METHODIST VILLAGE | ED17: =DV17 -> SKILLED NURSING - Household | EE17: =DW17 -> AMV - WILSON HEALTH CARE CENTER | EF17: {=IF(EF$5<=$CX17,INDEX($AF17:$AQ17,1,_xlfn.XMATCH(EF$5,$BS17:$CD17)),"na")} -> na | EG17: {=IF(EG$5<=$CX17,INDEX($AS17:$BD17,1,_xlfn.XMATCH(EG$5,$BS17:$CD17)),"na")} -> na | EH17: {=IF(EH$5<=$CY17,INDEX($BF17:$BQ17,1,_xlfn.XMATCH(EH$5,$CF17:$CQ17)),"na")} -> na | EI17: =EA17 -> Hospice | EJ17: =EB17 -> Hospice - Private Pay | EK17: =EC17 -> ASBURY METHODIST VILLAGE | EL17: =ED17 -> SKILLED NURSING - Household | EM17: =EE17 -> AMV - WILSON HEALTH CARE CENTER | EN17: {=IF(EN$5<=$CX17,INDEX($AF17:$AQ17,1,_xlfn.XMATCH(EN$5,$BS17:$CD17)),"na")} -> na | EO17: {=IF(EO$5<=$CX17,INDEX($AS17:$BD17,1,_xlfn.XMATCH(EO$5,$BS17:$CD17)),"na")} -> na | EP17: {=IF(EP$5<=$CY17,INDEX($BF17:$BQ17,1,_xlfn.XMATCH(EP$5,$CF17:$CQ17)),"na")} -> na | EQ17: =EI17 -> Hospice | ER17: =EJ17 -> Hospice - Private Pay | ES17: =EK17 -> ASBURY METHODIST VILLAGE | ET17: =EL17 -> SKILLED NURSING - Household | EU17: =EM17 -> AMV - WILSON HEALTH CARE CENTER | EV17: {=IF(EV$5<=$CX17,INDEX($AF17:$AQ17,1,_xlfn.XMATCH(EV$5,$BS17:$CD17)),"na")} -> na
A18: 200-61 Skilled Nursing Facility | B18: Rev_Asm_SNF_Payer_Mix.SNF_Ancillary_Medicare_A | C18: Medicare A | D18: 166.62461 | E18: 150.49965 | F18: 166.62461 | G18: 161.24962 | H18: 166.62461 | I18: 161.24962 | J18: 166.62461 | K18: 166.62461 | L18: 161.24962 | M18: 166.62461 | N18: 161.24962 | O18: 166.62461 | Q18: 810-61 Skilled Nursing Facility | R18: Res Days | S18: =SUMIFS('OC-Res Days'!B$6:B$75,'OC-Res Days'!$A$6:$A$75,$Q18) -> 2046 | T18: =SUMIFS('OC-Res Days'!C$6:C$75,'OC-Res Days'!$A$6:$A$75,$Q18) -> 1848 | U18: =SUMIFS('OC-Res Days'!D$6:D$75,'OC-Res Days'!$A$6:$A$75,$Q18) -> 2046 | V18: =SUMIFS('OC-Res Days'!E$6:E$75,'OC-Res Days'!$A$6:$A$75,$Q18) -> 1980 | W18: =SUMIFS('OC-Res Days'!F$6:F$75,'OC-Res Days'!$A$6:$A$75,$Q18) -> 2046 | X18: =SUMIFS('OC-Res Days'!G$6:G$75,'OC-Res Days'!$A$6:$A$75,$Q18) -> 1980 | Y18: =SUMIFS('OC-Res Days'!H$6:H$75,'OC-Res Days'!$A$6:$A$75,$Q18) -> 2046 | Z18: =SUMIFS('OC-Res Days'!I$6:I$75,'OC-Res Days'!$A$6:$A$75,$Q18) -> 2046 | ... AD18: =SUMIFS('OC-Res Days'!M$6:M$75,'OC-Res Days'!$A$6:$A$75,$Q18) -> 2046 | AF18: =D18/D$1 -> 5.3749875 | AG18: =E18/E$1 -> 5.3749875 | AH18: =F18/F$1 -> 5.3749875 | AI18: =G18/G$1 -> 5.3749875 | AJ18: =H18/H$1 -> 5.3749875 | AK18: =I18/I$1 -> 5.3749875 | AL18: =J18/J$1 -> 5.3749875 | AM18: =K18/K$1 -> 5.3749875 | ... AQ18: =O18/O$1 -> 5.3749875 | AS18: =_xlfn.XLOOKUP(AS$5,'OC-Days'!$G:$G,'OC-Days'!$F:$F) -> 45658 | AT18: =IF(AG18=AF18,"na",_xlfn.XLOOKUP(AT$5,'OC-Days'!$G:$G,'OC-Days'!$F:$F)) -> na | AU18: =IF(AH18=AG18,"na",_xlfn.XLOOKUP(AU$5,'OC-Days'!$G:$G,'OC-Days'!$F:$F)) -> na | AV18: =IF(AI18=AH18,"na",_xlfn.XLOOKUP(AV$5,'OC-Days'!$G:$G,'OC-Days'!$F:$F)) -> na | AW18: =IF(AJ18=AI18,"na",_xlfn.XLOOKUP(AW$5,'OC-Days'!$G:$G,'OC-Days'!$F:$F)) -> na | AX18: =IF(AK18=AJ18,"na",_xlfn.XLOOKUP(AX$5,'OC-Days'!$G:$G,'OC-Days'!$F:$F)) -> na | AY18: =IF(AL18=AK18,"na",_xlfn.XLOOKUP(AY$5,'OC-Days'!$G:$G,'OC-Days'!$F:$F)) -> na | AZ18: =IF(AM18=AL18,"na",_xlfn.XLOOKUP(AZ$5,'OC-Days'!$G:$G,'OC-Days'!$F:$F)) -> na | BA18: =IF(AN18=AM18,"na",_xlfn.XLOOKUP(BA$5,'OC-Days'!$G:$G,'OC-Days'!$F:$F)) -> na | ... BD18: =IF(AQ18=AP18,"na",_xlfn.XLOOKUP(BD$5,'OC-Days'!$G:$G,'OC-Days'!$F:$F)) -> na | BF18: =IF(AT18="na",AT18,AT18-1) -> na | BG18: =IF(AU18="na",AU18,AU18-1) -> na | BH18: =IF(AV18="na",AV18,AV18-1) -> na | BI18: =IF(AW18="na",AW18,AW18-1) -> na | BJ18: =IF(AX18="na",AX18,AX18-1) -> na | BK18: =IF(AY18="na",AY18,AY18-1) -> na | BL18: =IF(AZ18="na",AZ18,AZ18-1) -> na | BM18: =IF(BA18="na",BA18,BA18-1) -> na | ... BP18: =IF(BD18="na",BD18,BD18-1) -> na | BQ18: =DATE(VALUE(RIGHT($BQ$5,4)),12,31) -> 46022 | BS18: =COUNT($AS18:AS18) -> 1 | BT18: =COUNT($AS18:AT18) -> 1 | BU18: =COUNT($AS18:AU18) -> 1 | BV18: =COUNT($AS18:AV18) -> 1 | BW18: =COUNT($AS18:AW18) -> 1 | BX18: =COUNT($AS18:AX18) -> 1 | BY18: =COUNT($AS18:AY18) -> 1 | BZ18: =COUNT($AS18:AZ18) -> 1 | ... CD18: =COUNT($AS18:BD18) -> 1 | CF18: =COUNT($BF18:BF18) -> 0 | CG18: =COUNT($BF18:BG18) -> 0 | CH18: =COUNT($BF18:BH18) -> 0 | CI18: =COUNT($BF18:BI18) -> 0 | CJ18: =COUNT($BF18:BJ18) -> 0 | CK18: =COUNT($BF18:BK18) -> 0 | CL18: =COUNT($BF18:BL18) -> 0 | CM18: =COUNT($BF18:BM18) -> 0 | ... CQ18: =COUNT($BF18:BQ18) -> 1 | CS18: =IF(SUM(D18:O18)=0,0,1) -> 1 | CT18: =CU18&CV18&C18 -> 20061Medicare A | CU18: =VALUE(LEFT(A18,3)) -> 200 | CV18: =VALUE(MID(A18,5,2)) -> 61 | CX18: =COUNT(AS18:BD18) -> 1 | CY18: =COUNT(BF18:BQ18) -> 1 | DA18: {=IF(DA$5<=$CX18,INDEX($AS18:$BD18,1,_xlfn.XMATCH(DA$5,$BS18:$CD18)),"na")} -> 45658 | DB18: {=IF(DB$5<=$CY18,INDEX($BF18:$BQ18,1,_xlfn.XMATCH(DB$5,$CF18:$CQ18)),"na")} -> 46022 | DC18: =_xlfn.XLOOKUP($CU18&"-"&$CV18&$C18,REF!$K$2:$K$90,REF!B$2:B$90) -> MEDICAREA/MC HMO | DD18: =_xlfn.XLOOKUP($CU18&"-"&$CV18&$C18,REF!$K$2:$K$90,REF!C$2:C$90) -> MEDICARE A HIGHMARK | DE18: =_xlfn.XLOOKUP($CU18&"-"&$CV18&$C18,REF!$K$2:$K$90,REF!D$2:D$90) -> ASBURY SOLOMONS | DF18: =_xlfn.XLOOKUP($CU18&"-"&$CV18&$C18,REF!$K$2:$K$90,REF!E$2:E$90) -> SKILLED NURSING | DG18: =_xlfn.XLOOKUP($CU18&"-"&$CV18&$C18,REF!$K$2:$K$90,REF!F$2:F$90) -> ASBURY SOLOMONS SKILLED NURSING | DH18: {=IF(DH$5<=$CX18,INDEX($AF18:$AQ18,1,_xlfn.XMATCH(DH$5,$BS18:$CD18)),"na")} -> 5.3749875 | DI18: {=IF(DI$5<=$CX18,INDEX($AS18:$BD18,1,_xlfn.XMATCH(DI$5,$BS18:$CD18)),"na")} -> na | DJ18: {=IF(DJ$5<=$CY18,INDEX($BF18:$BQ18,1,_xlfn.XMATCH(DJ$5,$CF18:$CQ18)),"na")} -> na | DK18: =DC18 -> MEDICAREA/MC HMO | DL18: =DD18 -> MEDICARE A HIGHMARK | DM18: =DE18 -> ASBURY SOLOMONS | DN18: =DF18 -> SKILLED NURSING | DO18: =DG18 -> ASBURY SOLOMONS SKILLED NURSING | DP18: {=IF(DP$5<=$CX18,INDEX($AF18:$AQ18,1,_xlfn.XMATCH(DP$5,$BS18:$CD18)),"na")} -> na | DQ18: {=IF(DQ$5<=$CX18,INDEX($AS18:$BD18,1,_xlfn.XMATCH(DQ$5,$BS18:$CD18)),"na")} -> na | DR18: {=IF(DR$5<=$CY18,INDEX($BF18:$BQ18,1,_xlfn.XMATCH(DR$5,$CF18:$CQ18)),"na")} -> na | DS18: =DK18 -> MEDICAREA/MC HMO | DT18: =DL18 -> MEDICARE A HIGHMARK | DU18: =DM18 -> ASBURY SOLOMONS | DV18: =DN18 -> SKILLED NURSING | DW18: =DO18 -> ASBURY SOLOMONS SKILLED NURSING | DX18: {=IF(DX$5<=$CX18,INDEX($AF18:$AQ18,1,_xlfn.XMATCH(DX$5,$BS18:$CD18)),"na")} -> na | DY18: {=IF(DY$5<=$CX18,INDEX($AS18:$BD18,1,_xlfn.XMATCH(DY$5,$BS18:$CD18)),"na")} -> na | DZ18: {=IF(DZ$5<=$CY18,INDEX($BF18:$BQ18,1,_xlfn.XMATCH(DZ$5,$CF18:$CQ18)),"na")} -> na | EA18: =DS18 -> MEDICAREA/MC HMO | EB18: =DT18 -> MEDICARE A HIGHMARK | EC18: =DU18 -> ASBURY SOLOMONS | ED18: =DV18 -> SKILLED NURSING | EE18: =DW18 -> ASBURY SOLOMONS SKILLED NURSING | EF18: {=IF(EF$5<=$CX18,INDEX($AF18:$AQ18,1,_xlfn.XMATCH(EF$5,$BS18:$CD18)),"na")} -> na | EG18: {=IF(EG$5<=$CX18,INDEX($AS18:$BD18,1,_xlfn.XMATCH(EG$5,$BS18:$CD18)),"na")} -> na | EH18: {=IF(EH$5<=$CY18,INDEX($BF18:$BQ18,1,_xlfn.XMATCH(EH$5,$CF18:$CQ18)),"na")} -> na | EI18: =EA18 -> MEDICAREA/MC HMO | EJ18: =EB18 -> MEDICARE A HIGHMARK | EK18: =EC18 -> ASBURY SOLOMONS | EL18: =ED18 -> SKILLED NURSING | EM18: =EE18 -> ASBURY SOLOMONS SKILLED NURSING | EN18: {=IF(EN$5<=$CX18,INDEX($AF18:$AQ18,1,_xlfn.XMATCH(EN$5,$BS18:$CD18)),"na")} -> na | EO18: {=IF(EO$5<=$CX18,INDEX($AS18:$BD18,1,_xlfn.XMATCH(EO$5,$BS18:$CD18)),"na")} -> na | EP18: {=IF(EP$5<=$CY18,INDEX($BF18:$BQ18,1,_xlfn.XMATCH(EP$5,$CF18:$CQ18)),"na")} -> na | EQ18: =EI18 -> MEDICAREA/MC HMO | ER18: =EJ18 -> MEDICARE A HIGHMARK | ES18: =EK18 -> ASBURY SOLOMONS | ET18: =EL18 -> SKILLED NURSING | EU18: =EM18 -> ASBURY SOLOMONS SKILLED NURSING | EV18: {=IF(EV$5<=$CX18,INDEX($AF18:$AQ18,1,_xlfn.XMATCH(EV$5,$BS18:$CD18)),"na")} -> na
A19: 200-61 Skilled Nursing Facility | B19: Rev_Asm_SNF_Payer_Mix.SNF_Ancillary_Medicare_Adv | C19: Medicare Advantage | D19: 16.275 | E19: 14.7 | F19: 16.275 | G19: 15.75 | H19: 16.275 | I19: 15.75 | J19: 16.275 | K19: 16.275 | L19: 15.75 | M19: 16.275 | N19: 15.75 | O19: 16.275 | Q19: 840-61 Skilled Nursing Facility | R19: Res Days | S19: =SUMIFS('OC-Res Days'!B$6:B$75,'OC-Res Days'!$A$6:$A$75,$Q19) -> 1891 | T19: =SUMIFS('OC-Res Days'!C$6:C$75,'OC-Res Days'!$A$6:$A$75,$Q19) -> 1708 | U19: =SUMIFS('OC-Res Days'!D$6:D$75,'OC-Res Days'!$A$6:$A$75,$Q19) -> 1891 | V19: =SUMIFS('OC-Res Days'!E$6:E$75,'OC-Res Days'!$A$6:$A$75,$Q19) -> 1830 | W19: =SUMIFS('OC-Res Days'!F$6:F$75,'OC-Res Days'!$A$6:$A$75,$Q19) -> 1891 | X19: =SUMIFS('OC-Res Days'!G$6:G$75,'OC-Res Days'!$A$6:$A$75,$Q19) -> 1830 | Y19: =SUMIFS('OC-Res Days'!H$6:H$75,'OC-Res Days'!$A$6:$A$75,$Q19) -> 1891 | Z19: =SUMIFS('OC-Res Days'!I$6:I$75,'OC-Res Days'!$A$6:$A$75,$Q19) -> 1891 | ... AD19: =SUMIFS('OC-Res Days'!M$6:M$75,'OC-Res Days'!$A$6:$A$75,$Q19) -> 1891 | AF19: =D19/D$1 -> 0.525 | AG19: =E19/E$1 -> 0.525 | AH19: =F19/F$1 -> 0.525 | AI19: =G19/G$1 -> 0.525 | AJ19: =H19/H$1 -> 0.525 | AK19: =I19/I$1 -> 0.525 | AL19: =J19/J$1 -> 0.525 | AM19: =K19/K$1 -> 0.525 | ... AQ19: =O19/O$1 -> 0.525 | AS19: =_xlfn.XLOOKUP(AS$5,'OC-Days'!$G:$G,'OC-Days'!$F:$F) -> 45658 | AT19: =IF(AG19=AF19,"na",_xlfn.XLOOKUP(AT$5,'OC-Days'!$G:$G,'OC-Days'!$F:$F)) -> na | AU19: =IF(AH19=AG19,"na",_xlfn.XLOOKUP(AU$5,'OC-Days'!$G:$G,'OC-Days'!$F:$F)) -> na | AV19: =IF(AI19=AH19,"na",_xlfn.XLOOKUP(AV$5,'OC-Days'!$G:$G,'OC-Days'!$F:$F)) -> na | AW19: =IF(AJ19=AI19,"na",_xlfn.XLOOKUP(AW$5,'OC-Days'!$G:$G,'OC-Days'!$F:$F)) -> na | AX19: =IF(AK19=AJ19,"na",_xlfn.XLOOKUP(AX$5,'OC-Days'!$G:$G,'OC-Days'!$F:$F)) -> na | AY19: =IF(AL19=AK19,"na",_xlfn.XLOOKUP(AY$5,'OC-Days'!$G:$G,'OC-Days'!$F:$F)) -> na | AZ19: =IF(AM19=AL19,"na",_xlfn.XLOOKUP(AZ$5,'OC-Days'!$G:$G,'OC-Days'!$F:$F)) -> na | BA19: =IF(AN19=AM19,"na",_xlfn.XLOOKUP(BA$5,'OC-Days'!$G:$G,'OC-Days'!$F:$F)) -> na | ... BD19: =IF(AQ19=AP19,"na",_xlfn.XLOOKUP(BD$5,'OC-Days'!$G:$G,'OC-Days'!$F:$F)) -> na | BF19: =IF(AT19="na",AT19,AT19-1) -> na | BG19: =IF(AU19="na",AU19,AU19-1) -> na | BH19: =IF(AV19="na",AV19,AV19-1) -> na | BI19: =IF(AW19="na",AW19,AW19-1) -> na | BJ19: =IF(AX19="na",AX19,AX19-1) -> na | BK19: =IF(AY19="na",AY19,AY19-1) -> na | BL19: =IF(AZ19="na",AZ19,AZ19-1) -> na | BM19: =IF(BA19="na",BA19,BA19-1) -> na | ... BP19: =IF(BD19="na",BD19,BD19-1) -> na | BQ19: =DATE(VALUE(RIGHT($BQ$5,4)),12,31) -> 46022 | BS19: =COUNT($AS19:AS19) -> 1 | BT19: =COUNT($AS19:AT19) -> 1 | BU19: =COUNT($AS19:AU19) -> 1 | BV19: =COUNT($AS19:AV19) -> 1 | BW19: =COUNT($AS19:AW19) -> 1 | BX19: =COUNT($AS19:AX19) -> 1 | BY19: =COUNT($AS19:AY19) -> 1 | BZ19: =COUNT($AS19:AZ19) -> 1 | ... CD19: =COUNT($AS19:BD19) -> 1 | CF19: =COUNT($BF19:BF19) -> 0 | CG19: =COUNT($BF19:BG19) -> 0 | CH19: =COUNT($BF19:BH19) -> 0 | CI19: =COUNT($BF19:BI19) -> 0 | CJ19: =COUNT($BF19:BJ19) -> 0 | CK19: =COUNT($BF19:BK19) -> 0 | CL19: =COUNT($BF19:BL19) -> 0 | CM19: =COUNT($BF19:BM19) -> 0 | ... CQ19: =COUNT($BF19:BQ19) -> 1 | CS19: =IF(SUM(D19:O19)=0,0,1) -> 1 | CT19: =CU19&CV19&C19 -> 20061Medicare Advantage | CU19: =VALUE(LEFT(A19,3)) -> 200 | CV19: =VALUE(MID(A19,5,2)) -> 61 | CX19: =COUNT(AS19:BD19) -> 1 | CY19: =COUNT(BF19:BQ19) -> 1 | DA19: {=IF(DA$5<=$CX19,INDEX($AS19:$BD19,1,_xlfn.XMATCH(DA$5,$BS19:$CD19)),"na")} -> 45658 | DB19: {=IF(DB$5<=$CY19,INDEX($BF19:$BQ19,1,_xlfn.XMATCH(DB$5,$CF19:$CQ19)),"na")} -> 46022 | DC19: =_xlfn.XLOOKUP($CU19&"-"&$CV19&$C19,REF!$K$2:$K$90,REF!B$2:B$90) -> Medicare Advantage | DD19: =_xlfn.XLOOKUP($CU19&"-"&$CV19&$C19,REF!$K$2:$K$90,REF!C$2:C$90) -> Med Adv HMO A | DE19: =_xlfn.XLOOKUP($CU19&"-"&$CV19&$C19,REF!$K$2:$K$90,REF!D$2:D$90) -> ASBURY SOLOMONS | DF19: =_xlfn.XLOOKUP($CU19&"-"&$CV19&$C19,REF!$K$2:$K$90,REF!E$2:E$90) -> SKILLED NURSING | DG19: =_xlfn.XLOOKUP($CU19&"-"&$CV19&$C19,REF!$K$2:$K$90,REF!F$2:F$90) -> ASBURY SOLOMONS SKILLED NURSING | DH19: {=IF(DH$5<=$CX19,INDEX($AF19:$AQ19,1,_xlfn.XMATCH(DH$5,$BS19:$CD19)),"na")} -> 0.525 | DI19: {=IF(DI$5<=$CX19,INDEX($AS19:$BD19,1,_xlfn.XMATCH(DI$5,$BS19:$CD19)),"na")} -> na | DJ19: {=IF(DJ$5<=$CY19,INDEX($BF19:$BQ19,1,_xlfn.XMATCH(DJ$5,$CF19:$CQ19)),"na")} -> na | DK19: =DC19 -> Medicare Advantage | DL19: =DD19 -> Med Adv HMO A | DM19: =DE19 -> ASBURY SOLOMONS | DN19: =DF19 -> SKILLED NURSING | DO19: =DG19 -> ASBURY SOLOMONS SKILLED NURSING | DP19: {=IF(DP$5<=$CX19,INDEX($AF19:$AQ19,1,_xlfn.XMATCH(DP$5,$BS19:$CD19)),"na")} -> na | DQ19: {=IF(DQ$5<=$CX19,INDEX($AS19:$BD19,1,_xlfn.XMATCH(DQ$5,$BS19:$CD19)),"na")} -> na | DR19: {=IF(DR$5<=$CY19,INDEX($BF19:$BQ19,1,_xlfn.XMATCH(DR$5,$CF19:$CQ19)),"na")} -> na | DS19: =DK19 -> Medicare Advantage | DT19: =DL19 -> Med Adv HMO A | DU19: =DM19 -> ASBURY SOLOMONS | DV19: =DN19 -> SKILLED NURSING | DW19: =DO19 -> ASBURY SOLOMONS SKILLED NURSING | DX19: {=IF(DX$5<=$CX19,INDEX($AF19:$AQ19,1,_xlfn.XMATCH(DX$5,$BS19:$CD19)),"na")} -> na | DY19: {=IF(DY$5<=$CX19,INDEX($AS19:$BD19,1,_xlfn.XMATCH(DY$5,$BS19:$CD19)),"na")} -> na | DZ19: {=IF(DZ$5<=$CY19,INDEX($BF19:$BQ19,1,_xlfn.XMATCH(DZ$5,$CF19:$CQ19)),"na")} -> na | EA19: =DS19 -> Medicare Advantage | EB19: =DT19 -> Med Adv HMO A | EC19: =DU19 -> ASBURY SOLOMONS | ED19: =DV19 -> SKILLED NURSING | EE19: =DW19 -> ASBURY SOLOMONS SKILLED NURSING | EF19: {=IF(EF$5<=$CX19,INDEX($AF19:$AQ19,1,_xlfn.XMATCH(EF$5,$BS19:$CD19)),"na")} -> na | EG19: {=IF(EG$5<=$CX19,INDEX($AS19:$BD19,1,_xlfn.XMATCH(EG$5,$BS19:$CD19)),"na")} -> na | EH19: {=IF(EH$5<=$CY19,INDEX($BF19:$BQ19,1,_xlfn.XMATCH(EH$5,$CF19:$CQ19)),"na")} -> na | EI19: =EA19 -> Medicare Advantage | EJ19: =EB19 -> Med Adv HMO A | EK19: =EC19 -> ASBURY SOLOMONS | EL19: =ED19 -> SKILLED NURSING | EM19: =EE19 -> ASBURY SOLOMONS SKILLED NURSING | EN19: {=IF(EN$5<=$CX19,INDEX($AF19:$AQ19,1,_xlfn.XMATCH(EN$5,$BS19:$CD19)),"na")} -> na | EO19: {=IF(EO$5<=$CX19,INDEX($AS19:$BD19,1,_xlfn.XMATCH(EO$5,$BS19:$CD19)),"na")} -> na | EP19: {=IF(EP$5<=$CY19,INDEX($BF19:$BQ19,1,_xlfn.XMATCH(EP$5,$CF19:$CQ19)),"na")} -> na | EQ19: =EI19 -> Medicare Advantage | ER19: =EJ19 -> Med Adv HMO A | ES19: =EK19 -> ASBURY SOLOMONS | ET19: =EL19 -> SKILLED NURSING | EU19: =EM19 -> ASBURY SOLOMONS SKILLED NURSING | EV19: {=IF(EV$5<=$CX19,INDEX($AF19:$AQ19,1,_xlfn.XMATCH(EV$5,$BS19:$CD19)),"na")} -> na
A20: 200-61 Skilled Nursing Facility | B20: Rev_Asm_SNF_Payer_Mix.SNF_Ancillary_Medicaid | C20: Medicaid | D20: 421.60039 | E20: 380.80035 | F20: 421.60039 | G20: 408.00038 | H20: 421.60039 | I20: 408.00038 | J20: 421.60039 | K20: 421.60039 | L20: 408.00038 | M20: 421.60039 | N20: 408.00038 | O20: 421.60039 | AF20: =D20/D$1 -> 13.600013 | AG20: =E20/E$1 -> 13.600013 | AH20: =F20/F$1 -> 13.600013 | AI20: =G20/G$1 -> 13.600013 | AJ20: =H20/H$1 -> 13.600013 | AK20: =I20/I$1 -> 13.600013 | AL20: =J20/J$1 -> 13.600013 | AM20: =K20/K$1 -> 13.600013 | ... AQ20: =O20/O$1 -> 13.600013 | AS20: =_xlfn.XLOOKUP(AS$5,'OC-Days'!$G:$G,'OC-Days'!$F:$F) -> 45658 | AT20: =IF(AG20=AF20,"na",_xlfn.XLOOKUP(AT$5,'OC-Days'!$G:$G,'OC-Days'!$F:$F)) -> na | AU20: =IF(AH20=AG20,"na",_xlfn.XLOOKUP(AU$5,'OC-Days'!$G:$G,'OC-Days'!$F:$F)) -> na | AV20: =IF(AI20=AH20,"na",_xlfn.XLOOKUP(AV$5,'OC-Days'!$G:$G,'OC-Days'!$F:$F)) -> na | AW20: =IF(AJ20=AI20,"na",_xlfn.XLOOKUP(AW$5,'OC-Days'!$G:$G,'OC-Days'!$F:$F)) -> na | AX20: =IF(AK20=AJ20,"na",_xlfn.XLOOKUP(AX$5,'OC-Days'!$G:$G,'OC-Days'!$F:$F)) -> na | AY20: =IF(AL20=AK20,"na",_xlfn.XLOOKUP(AY$5,'OC-Days'!$G:$G,'OC-Days'!$F:$F)) -> na | AZ20: =IF(AM20=AL20,"na",_xlfn.XLOOKUP(AZ$5,'OC-Days'!$G:$G,'OC-Days'!$F:$F)) -> na | BA20: =IF(AN20=AM20,"na",_xlfn.XLOOKUP(BA$5,'OC-Days'!$G:$G,'OC-Days'!$F:$F)) -> na | ... BD20: =IF(AQ20=AP20,"na",_xlfn.XLOOKUP(BD$5,'OC-Days'!$G:$G,'OC-Days'!$F:$F)) -> na | BF20: =IF(AT20="na",AT20,AT20-1) -> na | BG20: =IF(AU20="na",AU20,AU20-1) -> na | BH20: =IF(AV20="na",AV20,AV20-1) -> na | BI20: =IF(AW20="na",AW20,AW20-1) -> na | BJ20: =IF(AX20="na",AX20,AX20-1) -> na | BK20: =IF(AY20="na",AY20,AY20-1) -> na | BL20: =IF(AZ20="na",AZ20,AZ20-1) -> na | BM20: =IF(BA20="na",BA20,BA20-1) -> na | ... BP20: =IF(BD20="na",BD20,BD20-1) -> na | BQ20: =DATE(VALUE(RIGHT($BQ$5,4)),12,31) -> 46022 | BS20: =COUNT($AS20:AS20) -> 1 | BT20: =COUNT($AS20:AT20) -> 1 | BU20: =COUNT($AS20:AU20) -> 1 | BV20: =COUNT($AS20:AV20) -> 1 | BW20: =COUNT($AS20:AW20) -> 1 | BX20: =COUNT($AS20:AX20) -> 1 | BY20: =COUNT($AS20:AY20) -> 1 | BZ20: =COUNT($AS20:AZ20) -> 1 | ... CD20: =COUNT($AS20:BD20) -> 1 | CF20: =COUNT($BF20:BF20) -> 0 | CG20: =COUNT($BF20:BG20) -> 0 | CH20: =COUNT($BF20:BH20) -> 0 | CI20: =COUNT($BF20:BI20) -> 0 | CJ20: =COUNT($BF20:BJ20) -> 0 | CK20: =COUNT($BF20:BK20) -> 0 | CL20: =COUNT($BF20:BL20) -> 0 | CM20: =COUNT($BF20:BM20) -> 0 | ... CQ20: =COUNT($BF20:BQ20) -> 1 | CS20: =IF(SUM(D20:O20)=0,0,1) -> 1 | CT20: =CU20&CV20&C20 -> 20061Medicaid | CU20: =VALUE(LEFT(A20,3)) -> 200 | CV20: =VALUE(MID(A20,5,2)) -> 61 | CX20: =COUNT(AS20:BD20) -> 1 | CY20: =COUNT(BF20:BQ20) -> 1 | DA20: {=IF(DA$5<=$CX20,INDEX($AS20:$BD20,1,_xlfn.XMATCH(DA$5,$BS20:$CD20)),"na")} -> 45658 | DB20: {=IF(DB$5<=$CY20,INDEX($BF20:$BQ20,1,_xlfn.XMATCH(DB$5,$CF20:$CQ20)),"na")} -> 46022 | DC20: =_xlfn.XLOOKUP($CU20&"-"&$CV20&$C20,REF!$K$2:$K$90,REF!B$2:B$90) -> MEDICAID | DD20: =_xlfn.XLOOKUP($CU20&"-"&$CV20&$C20,REF!$K$2:$K$90,REF!C$2:C$90) -> MARYLAND MEDICAID | DE20: =_xlfn.XLOOKUP($CU20&"-"&$CV20&$C20,REF!$K$2:$K$90,REF!D$2:D$90) -> ASBURY SOLOMONS | DF20: =_xlfn.XLOOKUP($CU20&"-"&$CV20&$C20,REF!$K$2:$K$90,REF!E$2:E$90) -> SKILLED NURSING | DG20: =_xlfn.XLOOKUP($CU20&"-"&$CV20&$C20,REF!$K$2:$K$90,REF!F$2:F$90) -> ASBURY SOLOMONS SKILLED NURSING | DH20: {=IF(DH$5<=$CX20,INDEX($AF20:$AQ20,1,_xlfn.XMATCH(DH$5,$BS20:$CD20)),"na")} -> 13.600013 | DI20: {=IF(DI$5<=$CX20,INDEX($AS20:$BD20,1,_xlfn.XMATCH(DI$5,$BS20:$CD20)),"na")} -> na | DJ20: {=IF(DJ$5<=$CY20,INDEX($BF20:$BQ20,1,_xlfn.XMATCH(DJ$5,$CF20:$CQ20)),"na")} -> na | DK20: =DC20 -> MEDICAID | DL20: =DD20 -> MARYLAND MEDICAID | DM20: =DE20 -> ASBURY SOLOMONS | DN20: =DF20 -> SKILLED NURSING | DO20: =DG20 -> ASBURY SOLOMONS SKILLED NURSING | DP20: {=IF(DP$5<=$CX20,INDEX($AF20:$AQ20,1,_xlfn.XMATCH(DP$5,$BS20:$CD20)),"na")} -> na | DQ20: {=IF(DQ$5<=$CX20,INDEX($AS20:$BD20,1,_xlfn.XMATCH(DQ$5,$BS20:$CD20)),"na")} -> na | DR20: {=IF(DR$5<=$CY20,INDEX($BF20:$BQ20,1,_xlfn.XMATCH(DR$5,$CF20:$CQ20)),"na")} -> na | DS20: =DK20 -> MEDICAID | DT20: =DL20 -> MARYLAND MEDICAID | DU20: =DM20 -> ASBURY SOLOMONS | DV20: =DN20 -> SKILLED NURSING | DW20: =DO20 -> ASBURY SOLOMONS SKILLED NURSING | DX20: {=IF(DX$5<=$CX20,INDEX($AF20:$AQ20,1,_xlfn.XMATCH(DX$5,$BS20:$CD20)),"na")} -> na | DY20: {=IF(DY$5<=$CX20,INDEX($AS20:$BD20,1,_xlfn.XMATCH(DY$5,$BS20:$CD20)),"na")} -> na | DZ20: {=IF(DZ$5<=$CY20,INDEX($BF20:$BQ20,1,_xlfn.XMATCH(DZ$5,$CF20:$CQ20)),"na")} -> na | EA20: =DS20 -> MEDICAID | EB20: =DT20 -> MARYLAND MEDICAID | EC20: =DU20 -> ASBURY SOLOMONS | ED20: =DV20 -> SKILLED NURSING | EE20: =DW20 -> ASBURY SOLOMONS SKILLED NURSING | EF20: {=IF(EF$5<=$CX20,INDEX($AF20:$AQ20,1,_xlfn.XMATCH(EF$5,$BS20:$CD20)),"na")} -> na | EG20: {=IF(EG$5<=$CX20,INDEX($AS20:$BD20,1,_xlfn.XMATCH(EG$5,$BS20:$CD20)),"na")} -> na | EH20: {=IF(EH$5<=$CY20,INDEX($BF20:$BQ20,1,_xlfn.XMATCH(EH$5,$CF20:$CQ20)),"na")} -> na | EI20: =EA20 -> MEDICAID | EJ20: =EB20 -> MARYLAND MEDICAID | EK20: =EC20 -> ASBURY SOLOMONS | EL20: =ED20 -> SKILLED NURSING | EM20: =EE20 -> ASBURY SOLOMONS SKILLED NURSING | EN20: {=IF(EN$5<=$CX20,INDEX($AF20:$AQ20,1,_xlfn.XMATCH(EN$5,$BS20:$CD20)),"na")} -> na | EO20: {=IF(EO$5<=$CX20,INDEX($AS20:$BD20,1,_xlfn.XMATCH(EO$5,$BS20:$CD20)),"na")} -> na | EP20: {=IF(EP$5<=$CY20,INDEX($BF20:$BQ20,1,_xlfn.XMATCH(EP$5,$CF20:$CQ20)),"na")} -> na | EQ20: =EI20 -> MEDICAID | ER20: =EJ20 -> MARYLAND MEDICAID | ES20: =EK20 -> ASBURY SOLOMONS | ET20: =EL20 -> SKILLED NURSING | EU20: =EM20 -> ASBURY SOLOMONS SKILLED NURSING | EV20: {=IF(EV$5<=$CX20,INDEX($AF20:$AQ20,1,_xlfn.XMATCH(EV$5,$BS20:$CD20)),"na")} -> na
A21: 200-61 Skilled Nursing Facility | B21: Rev_Asm_SNF_Payer_Mix.SNF_Ancillary_Insurance | C21: Insurance | D21: 0 | E21: 0 | F21: 0 | G21: 0 | H21: 0 | I21: 0 | J21: 0 | K21: 0 | L21: 0 | M21: 0 | N21: 0 | O21: 0 | AF21: =D21/D$1 -> 0 | AG21: =E21/E$1 -> 0 | AH21: =F21/F$1 -> 0 | AI21: =G21/G$1 -> 0 | AJ21: =H21/H$1 -> 0 | AK21: =I21/I$1 -> 0 | AL21: =J21/J$1 -> 0 | AM21: =K21/K$1 -> 0 | ... AQ21: =O21/O$1 -> 0 | AS21: =_xlfn.XLOOKUP(AS$5,'OC-Days'!$G:$G,'OC-Days'!$F:$F) -> 45658 | AT21: =IF(AG21=AF21,"na",_xlfn.XLOOKUP(AT$5,'OC-Days'!$G:$G,'OC-Days'!$F:$F)) -> na | AU21: =IF(AH21=AG21,"na",_xlfn.XLOOKUP(AU$5,'OC-Days'!$G:$G,'OC-Days'!$F:$F)) -> na | AV21: =IF(AI21=AH21,"na",_xlfn.XLOOKUP(AV$5,'OC-Days'!$G:$G,'OC-Days'!$F:$F)) -> na | AW21: =IF(AJ21=AI21,"na",_xlfn.XLOOKUP(AW$5,'OC-Days'!$G:$G,'OC-Days'!$F:$F)) -> na | AX21: =IF(AK21=AJ21,"na",_xlfn.XLOOKUP(AX$5,'OC-Days'!$G:$G,'OC-Days'!$F:$F)) -> na | AY21: =IF(AL21=AK21,"na",_xlfn.XLOOKUP(AY$5,'OC-Days'!$G:$G,'OC-Days'!$F:$F)) -> na | AZ21: =IF(AM21=AL21,"na",_xlfn.XLOOKUP(AZ$5,'OC-Days'!$G:$G,'OC-Days'!$F:$F)) -> na | BA21: =IF(AN21=AM21,"na",_xlfn.XLOOKUP(BA$5,'OC-Days'!$G:$G,'OC-Days'!$F:$F)) -> na | ... BD21: =IF(AQ21=AP21,"na",_xlfn.XLOOKUP(BD$5,'OC-Days'!$G:$G,'OC-Days'!$F:$F)) -> na | BF21: =IF(AT21="na",AT21,AT21-1) -> na | BG21: =IF(AU21="na",AU21,AU21-1) -> na | BH21: =IF(AV21="na",AV21,AV21-1) -> na | BI21: =IF(AW21="na",AW21,AW21-1) -> na | BJ21: =IF(AX21="na",AX21,AX21-1) -> na | BK21: =IF(AY21="na",AY21,AY21-1) -> na | BL21: =IF(AZ21="na",AZ21,AZ21-1) -> na | BM21: =IF(BA21="na",BA21,BA21-1) -> na | ... BP21: =IF(BD21="na",BD21,BD21-1) -> na | BQ21: =DATE(VALUE(RIGHT($BQ$5,4)),12,31) -> 46022 | BS21: =COUNT($AS21:AS21) -> 1 | BT21: =COUNT($AS21:AT21) -> 1 | BU21: =COUNT($AS21:AU21) -> 1 | BV21: =COUNT($AS21:AV21) -> 1 | BW21: =COUNT($AS21:AW21) -> 1 | BX21: =COUNT($AS21:AX21) -> 1 | BY21: =COUNT($AS21:AY21) -> 1 | BZ21: =COUNT($AS21:AZ21) -> 1 | ... CD21: =COUNT($AS21:BD21) -> 1 | CF21: =COUNT($BF21:BF21) -> 0 | CG21: =COUNT($BF21:BG21) -> 0 | CH21: =COUNT($BF21:BH21) -> 0 | CI21: =COUNT($BF21:BI21) -> 0 | CJ21: =COUNT($BF21:BJ21) -> 0 | CK21: =COUNT($BF21:BK21) -> 0 | CL21: =COUNT($BF21:BL21) -> 0 | CM21: =COUNT($BF21:BM21) -> 0 | ... CQ21: =COUNT($BF21:BQ21) -> 1 | CS21: =IF(SUM(D21:O21)=0,0,1) -> 0 | CT21: =CU21&CV21&C21 -> 20061Insurance | CU21: =VALUE(LEFT(A21,3)) -> 200 | CV21: =VALUE(MID(A21,5,2)) -> 61 | CX21: =COUNT(AS21:BD21) -> 1 | CY21: =COUNT(BF21:BQ21) -> 1 | DA21: {=IF(DA$5<=$CX21,INDEX($AS21:$BD21,1,_xlfn.XMATCH(DA$5,$BS21:$CD21)),"na")} -> 45658 | DB21: {=IF(DB$5<=$CY21,INDEX($BF21:$BQ21,1,_xlfn.XMATCH(DB$5,$CF21:$CQ21)),"na")} -> 46022 | DC21: =_xlfn.XLOOKUP($CU21&"-"&$CV21&$C21,REF!$K$2:$K$90,REF!B$2:B$90) -> MANAGED CARE | DD21: =_xlfn.XLOOKUP($CU21&"-"&$CV21&$C21,REF!$K$2:$K$90,REF!C$2:C$90) -> MGCARE LEVEL OF CARE | DE21: =_xlfn.XLOOKUP($CU21&"-"&$CV21&$C21,REF!$K$2:$K$90,REF!D$2:D$90) -> ASBURY SOLOMONS | DF21: =_xlfn.XLOOKUP($CU21&"-"&$CV21&$C21,REF!$K$2:$K$90,REF!E$2:E$90) -> SKILLED NURSING | DG21: =_xlfn.XLOOKUP($CU21&"-"&$CV21&$C21,REF!$K$2:$K$90,REF!F$2:F$90) -> ASBURY SOLOMONS SKILLED NURSING | DH21: {=IF(DH$5<=$CX21,INDEX($AF21:$AQ21,1,_xlfn.XMATCH(DH$5,$BS21:$CD21)),"na")} -> 0 | DI21: {=IF(DI$5<=$CX21,INDEX($AS21:$BD21,1,_xlfn.XMATCH(DI$5,$BS21:$CD21)),"na")} -> na | DJ21: {=IF(DJ$5<=$CY21,INDEX($BF21:$BQ21,1,_xlfn.XMATCH(DJ$5,$CF21:$CQ21)),"na")} -> na | DK21: =DC21 -> MANAGED CARE | DL21: =DD21 -> MGCARE LEVEL OF CARE | DM21: =DE21 -> ASBURY SOLOMONS | DN21: =DF21 -> SKILLED NURSING | DO21: =DG21 -> ASBURY SOLOMONS SKILLED NURSING | DP21: {=IF(DP$5<=$CX21,INDEX($AF21:$AQ21,1,_xlfn.XMATCH(DP$5,$BS21:$CD21)),"na")} -> na | DQ21: {=IF(DQ$5<=$CX21,INDEX($AS21:$BD21,1,_xlfn.XMATCH(DQ$5,$BS21:$CD21)),"na")} -> na | DR21: {=IF(DR$5<=$CY21,INDEX($BF21:$BQ21,1,_xlfn.XMATCH(DR$5,$CF21:$CQ21)),"na")} -> na | DS21: =DK21 -> MANAGED CARE | DT21: =DL21 -> MGCARE LEVEL OF CARE | DU21: =DM21 -> ASBURY SOLOMONS | DV21: =DN21 -> SKILLED NURSING | DW21: =DO21 -> ASBURY SOLOMONS SKILLED NURSING | DX21: {=IF(DX$5<=$CX21,INDEX($AF21:$AQ21,1,_xlfn.XMATCH(DX$5,$BS21:$CD21)),"na")} -> na | DY21: {=IF(DY$5<=$CX21,INDEX($AS21:$BD21,1,_xlfn.XMATCH(DY$5,$BS21:$CD21)),"na")} -> na | DZ21: {=IF(DZ$5<=$CY21,INDEX($BF21:$BQ21,1,_xlfn.XMATCH(DZ$5,$CF21:$CQ21)),"na")} -> na | EA21: =DS21 -> MANAGED CARE | EB21: =DT21 -> MGCARE LEVEL OF CARE | EC21: =DU21 -> ASBURY SOLOMONS | ED21: =DV21 -> SKILLED NURSING | EE21: =DW21 -> ASBURY SOLOMONS SKILLED NURSING | EF21: {=IF(EF$5<=$CX21,INDEX($AF21:$AQ21,1,_xlfn.XMATCH(EF$5,$BS21:$CD21)),"na")} -> na | EG21: {=IF(EG$5<=$CX21,INDEX($AS21:$BD21,1,_xlfn.XMATCH(EG$5,$BS21:$CD21)),"na")} -> na | EH21: {=IF(EH$5<=$CY21,INDEX($BF21:$BQ21,1,_xlfn.XMATCH(EH$5,$CF21:$CQ21)),"na")} -> na | EI21: =EA21 -> MANAGED CARE | EJ21: =EB21 -> MGCARE LEVEL OF CARE | EK21: =EC21 -> ASBURY SOLOMONS | EL21: =ED21 -> SKILLED NURSING | EM21: =EE21 -> ASBURY SOLOMONS SKILLED NURSING | EN21: {=IF(EN$5<=$CX21,INDEX($AF21:$AQ21,1,_xlfn.XMATCH(EN$5,$BS21:$CD21)),"na")} -> na | EO21: {=IF(EO$5<=$CX21,INDEX($AS21:$BD21,1,_xlfn.XMATCH(EO$5,$BS21:$CD21)),"na")} -> na | EP21: {=IF(EP$5<=$CY21,INDEX($BF21:$BQ21,1,_xlfn.XMATCH(EP$5,$CF21:$CQ21)),"na")} -> na | EQ21: =EI21 -> MANAGED CARE | ER21: =EJ21 -> MGCARE LEVEL OF CARE | ES21: =EK21 -> ASBURY SOLOMONS | ET21: =EL21 -> SKILLED NURSING | EU21: =EM21 -> ASBURY SOLOMONS SKILLED NURSING | EV21: {=IF(EV$5<=$CX21,INDEX($AF21:$AQ21,1,_xlfn.XMATCH(EV$5,$BS21:$CD21)),"na")} -> na
A22: 200-61 Skilled Nursing Facility | B22: Rev_Asm_SNF_Payer_Mix.SNF_Ancillary_Private_Pay | C22: Private Pay | D22: 558 | E22: 504 | F22: 558 | G22: 540 | H22: 558 | I22: 540 | J22: 558 | K22: 558 | L22: 540 | M22: 558 | N22: 540 | O22: 558 | Q22: 100-61 Skilled Nursing Facility | R22: Delta | S22: =S6-S14 -> 0 | T22: =T6-T14 -> 0 | U22: =U6-U14 -> 0 | V22: =V6-V14 -> 0 | W22: =W6-W14 -> 0 | X22: =X6-X14 -> 0 | Y22: =Y6-Y14 -> 0 | Z22: =Z6-Z14 -> 0 | ... AD22: =AD6-AD14 -> 0 | AF22: =D22/D$1 -> 18 | AG22: =E22/E$1 -> 18 | AH22: =F22/F$1 -> 18 | AI22: =G22/G$1 -> 18 | AJ22: =H22/H$1 -> 18 | AK22: =I22/I$1 -> 18 | AL22: =J22/J$1 -> 18 | AM22: =K22/K$1 -> 18 | ... AQ22: =O22/O$1 -> 18 | AS22: =_xlfn.XLOOKUP(AS$5,'OC-Days'!$G:$G,'OC-Days'!$F:$F) -> 45658 | AT22: =IF(AG22=AF22,"na",_xlfn.XLOOKUP(AT$5,'OC-Days'!$G:$G,'OC-Days'!$F:$F)) -> na | AU22: =IF(AH22=AG22,"na",_xlfn.XLOOKUP(AU$5,'OC-Days'!$G:$G,'OC-Days'!$F:$F)) -> na | AV22: =IF(AI22=AH22,"na",_xlfn.XLOOKUP(AV$5,'OC-Days'!$G:$G,'OC-Days'!$F:$F)) -> na | AW22: =IF(AJ22=AI22,"na",_xlfn.XLOOKUP(AW$5,'OC-Days'!$G:$G,'OC-Days'!$F:$F)) -> na | AX22: =IF(AK22=AJ22,"na",_xlfn.XLOOKUP(AX$5,'OC-Days'!$G:$G,'OC-Days'!$F:$F)) -> na | AY22: =IF(AL22=AK22,"na",_xlfn.XLOOKUP(AY$5,'OC-Days'!$G:$G,'OC-Days'!$F:$F)) -> na | AZ22: =IF(AM22=AL22,"na",_xlfn.XLOOKUP(AZ$5,'OC-Days'!$G:$G,'OC-Days'!$F:$F)) -> na | BA22: =IF(AN22=AM22,"na",_xlfn.XLOOKUP(BA$5,'OC-Days'!$G:$G,'OC-Days'!$F:$F)) -> na | ... BD22: =IF(AQ22=AP22,"na",_xlfn.XLOOKUP(BD$5,'OC-Days'!$G:$G,'OC-Days'!$F:$F)) -> na | BF22: =IF(AT22="na",AT22,AT22-1) -> na | BG22: =IF(AU22="na",AU22,AU22-1) -> na | BH22: =IF(AV22="na",AV22,AV22-1) -> na | BI22: =IF(AW22="na",AW22,AW22-1) -> na | BJ22: =IF(AX22="na",AX22,AX22-1) -> na | BK22: =IF(AY22="na",AY22,AY22-1) -> na | BL22: =IF(AZ22="na",AZ22,AZ22-1) -> na | BM22: =IF(BA22="na",BA22,BA22-1) -> na | ... BP22: =IF(BD22="na",BD22,BD22-1) -> na | BQ22: =DATE(VALUE(RIGHT($BQ$5,4)),12,31) -> 46022 | BS22: =COUNT($AS22:AS22) -> 1 | BT22: =COUNT($AS22:AT22) -> 1 | BU22: =COUNT($AS22:AU22) -> 1 | BV22: =COUNT($AS22:AV22) -> 1 | BW22: =COUNT($AS22:AW22) -> 1 | BX22: =COUNT($AS22:AX22) -> 1 | BY22: =COUNT($AS22:AY22) -> 1 | BZ22: =COUNT($AS22:AZ22) -> 1 | ... CD22: =COUNT($AS22:BD22) -> 1 | CF22: =COUNT($BF22:BF22) -> 0 | CG22: =COUNT($BF22:BG22) -> 0 | CH22: =COUNT($BF22:BH22) -> 0 | CI22: =COUNT($BF22:BI22) -> 0 | CJ22: =COUNT($BF22:BJ22) -> 0 | CK22: =COUNT($BF22:BK22) -> 0 | CL22: =COUNT($BF22:BL22) -> 0 | CM22: =COUNT($BF22:BM22) -> 0 | ... CQ22: =COUNT($BF22:BQ22) -> 1 | CS22: =IF(SUM(D22:O22)=0,0,1) -> 1 | CT22: =CU22&CV22&C22 -> 20061Private Pay | CU22: =VALUE(LEFT(A22,3)) -> 200 | CV22: =VALUE(MID(A22,5,2)) -> 61 | CX22: =COUNT(AS22:BD22) -> 1 | CY22: =COUNT(BF22:BQ22) -> 1 | DA22: {=IF(DA$5<=$CX22,INDEX($AS22:$BD22,1,_xlfn.XMATCH(DA$5,$BS22:$CD22)),"na")} -> 45658 | DB22: {=IF(DB$5<=$CY22,INDEX($BF22:$BQ22,1,_xlfn.XMATCH(DB$5,$CF22:$CQ22)),"na")} -> 46022 | DC22: =_xlfn.XLOOKUP($CU22&"-"&$CV22&$C22,REF!$K$2:$K$90,REF!B$2:B$90) -> PRIVATE PAY | DD22: =_xlfn.XLOOKUP($CU22&"-"&$CV22&$C22,REF!$K$2:$K$90,REF!C$2:C$90) -> PRIVATE PAY | DE22: =_xlfn.XLOOKUP($CU22&"-"&$CV22&$C22,REF!$K$2:$K$90,REF!D$2:D$90) -> ASBURY SOLOMONS | DF22: =_xlfn.XLOOKUP($CU22&"-"&$CV22&$C22,REF!$K$2:$K$90,REF!E$2:E$90) -> SKILLED NURSING | DG22: =_xlfn.XLOOKUP($CU22&"-"&$CV22&$C22,REF!$K$2:$K$90,REF!F$2:F$90) -> ASBURY SOLOMONS SKILLED NURSING | DH22: {=IF(DH$5<=$CX22,INDEX($AF22:$AQ22,1,_xlfn.XMATCH(DH$5,$BS22:$CD22)),"na")} -> 18 | DI22: {=IF(DI$5<=$CX22,INDEX($AS22:$BD22,1,_xlfn.XMATCH(DI$5,$BS22:$CD22)),"na")} -> na | DJ22: {=IF(DJ$5<=$CY22,INDEX($BF22:$BQ22,1,_xlfn.XMATCH(DJ$5,$CF22:$CQ22)),"na")} -> na | DK22: =DC22 -> PRIVATE PAY | DL22: =DD22 -> PRIVATE PAY | DM22: =DE22 -> ASBURY SOLOMONS | DN22: =DF22 -> SKILLED NURSING | DO22: =DG22 -> ASBURY SOLOMONS SKILLED NURSING | DP22: {=IF(DP$5<=$CX22,INDEX($AF22:$AQ22,1,_xlfn.XMATCH(DP$5,$BS22:$CD22)),"na")} -> na | DQ22: {=IF(DQ$5<=$CX22,INDEX($AS22:$BD22,1,_xlfn.XMATCH(DQ$5,$BS22:$CD22)),"na")} -> na | DR22: {=IF(DR$5<=$CY22,INDEX($BF22:$BQ22,1,_xlfn.XMATCH(DR$5,$CF22:$CQ22)),"na")} -> na | DS22: =DK22 -> PRIVATE PAY | DT22: =DL22 -> PRIVATE PAY | DU22: =DM22 -> ASBURY SOLOMONS | DV22: =DN22 -> SKILLED NURSING | DW22: =DO22 -> ASBURY SOLOMONS SKILLED NURSING | DX22: {=IF(DX$5<=$CX22,INDEX($AF22:$AQ22,1,_xlfn.XMATCH(DX$5,$BS22:$CD22)),"na")} -> na | DY22: {=IF(DY$5<=$CX22,INDEX($AS22:$BD22,1,_xlfn.XMATCH(DY$5,$BS22:$CD22)),"na")} -> na | DZ22: {=IF(DZ$5<=$CY22,INDEX($BF22:$BQ22,1,_xlfn.XMATCH(DZ$5,$CF22:$CQ22)),"na")} -> na | EA22: =DS22 -> PRIVATE PAY | EB22: =DT22 -> PRIVATE PAY | EC22: =DU22 -> ASBURY SOLOMONS | ED22: =DV22 -> SKILLED NURSING | EE22: =DW22 -> ASBURY SOLOMONS SKILLED NURSING | EF22: {=IF(EF$5<=$CX22,INDEX($AF22:$AQ22,1,_xlfn.XMATCH(EF$5,$BS22:$CD22)),"na")} -> na | EG22: {=IF(EG$5<=$CX22,INDEX($AS22:$BD22,1,_xlfn.XMATCH(EG$5,$BS22:$CD22)),"na")} -> na | EH22: {=IF(EH$5<=$CY22,INDEX($BF22:$BQ22,1,_xlfn.XMATCH(EH$5,$CF22:$CQ22)),"na")} -> na | EI22: =EA22 -> PRIVATE PAY | EJ22: =EB22 -> PRIVATE PAY | EK22: =EC22 -> ASBURY SOLOMONS | EL22: =ED22 -> SKILLED NURSING | EM22: =EE22 -> ASBURY SOLOMONS SKILLED NURSING | EN22: {=IF(EN$5<=$CX22,INDEX($AF22:$AQ22,1,_xlfn.XMATCH(EN$5,$BS22:$CD22)),"na")} -> na | EO22: {=IF(EO$5<=$CX22,INDEX($AS22:$BD22,1,_xlfn.XMATCH(EO$5,$BS22:$CD22)),"na")} -> na | EP22: {=IF(EP$5<=$CY22,INDEX($BF22:$BQ22,1,_xlfn.XMATCH(EP$5,$CF22:$CQ22)),"na")} -> na | EQ22: =EI22 -> PRIVATE PAY | ER22: =EJ22 -> PRIVATE PAY | ES22: =EK22 -> ASBURY SOLOMONS | ET22: =EL22 -> SKILLED NURSING | EU22: =EM22 -> ASBURY SOLOMONS SKILLED NURSING | EV22: {=IF(EV$5<=$CX22,INDEX($AF22:$AQ22,1,_xlfn.XMATCH(EV$5,$BS22:$CD22)),"na")} -> na
A23: 200-61 Skilled Nursing Facility | B23: Rev_Asm_SNF_Payer_Mix.SNF_Ancillary_Hospice | C23: Hospice | D23: 0 | E23: 0 | F23: 0 | G23: 0 | H23: 0 | I23: 0 | J23: 0 | K23: 0 | L23: 0 | M23: 0 | N23: 0 | O23: 0 | Q23: 100-62 Skilled Nursing - TCU | R23: Delta | S23: =S7-S15 -> 0 | T23: =T7-T15 -> 0 | U23: =U7-U15 -> 0 | V23: =V7-V15 -> 0 | W23: =W7-W15 -> 0 | X23: =X7-X15 -> 0 | Y23: =Y7-Y15 -> 0 | Z23: =Z7-Z15 -> 0 | ... AD23: =AD7-AD15 -> 0 | AF23: =D23/D$1 -> 0 | AG23: =E23/E$1 -> 0 | AH23: =F23/F$1 -> 0 | AI23: =G23/G$1 -> 0 | AJ23: =H23/H$1 -> 0 | AK23: =I23/I$1 -> 0 | AL23: =J23/J$1 -> 0 | AM23: =K23/K$1 -> 0 | ... AQ23: =O23/O$1 -> 0 | AS23: =_xlfn.XLOOKUP(AS$5,'OC-Days'!$G:$G,'OC-Days'!$F:$F) -> 45658 | AT23: =IF(AG23=AF23,"na",_xlfn.XLOOKUP(AT$5,'OC-Days'!$G:$G,'OC-Days'!$F:$F)) -> na | AU23: =IF(AH23=AG23,"na",_xlfn.XLOOKUP(AU$5,'OC-Days'!$G:$G,'OC-Days'!$F:$F)) -> na | AV23: =IF(AI23=AH23,"na",_xlfn.XLOOKUP(AV$5,'OC-Days'!$G:$G,'OC-Days'!$F:$F)) -> na | AW23: =IF(AJ23=AI23,"na",_xlfn.XLOOKUP(AW$5,'OC-Days'!$G:$G,'OC-Days'!$F:$F)) -> na | AX23: =IF(AK23=AJ23,"na",_xlfn.XLOOKUP(AX$5,'OC-Days'!$G:$G,'OC-Days'!$F:$F)) -> na | AY23: =IF(AL23=AK23,"na",_xlfn.XLOOKUP(AY$5,'OC-Days'!$G:$G,'OC-Days'!$F:$F)) -> na | AZ23: =IF(AM23=AL23,"na",_xlfn.XLOOKUP(AZ$5,'OC-Days'!$G:$G,'OC-Days'!$F:$F)) -> na | BA23: =IF(AN23=AM23,"na",_xlfn.XLOOKUP(BA$5,'OC-Days'!$G:$G,'OC-Days'!$F:$F)) -> na | ... BD23: =IF(AQ23=AP23,"na",_xlfn.XLOOKUP(BD$5,'OC-Days'!$G:$G,'OC-Days'!$F:$F)) -> na | BF23: =IF(AT23="na",AT23,AT23-1) -> na | BG23: =IF(AU23="na",AU23,AU23-1) -> na | BH23: =IF(AV23="na",AV23,AV23-1) -> na | BI23: =IF(AW23="na",AW23,AW23-1) -> na | BJ23: =IF(AX23="na",AX23,AX23-1) -> na | BK23: =IF(AY23="na",AY23,AY23-1) -> na | BL23: =IF(AZ23="na",AZ23,AZ23-1) -> na | BM23: =IF(BA23="na",BA23,BA23-1) -> na | ... BP23: =IF(BD23="na",BD23,BD23-1) -> na | BQ23: =DATE(VALUE(RIGHT($BQ$5,4)),12,31) -> 46022 | BS23: =COUNT($AS23:AS23) -> 1 | BT23: =COUNT($AS23:AT23) -> 1 | BU23: =COUNT($AS23:AU23) -> 1 | BV23: =COUNT($AS23:AV23) -> 1 | BW23: =COUNT($AS23:AW23) -> 1 | BX23: =COUNT($AS23:AX23) -> 1 | BY23: =COUNT($AS23:AY23) -> 1 | BZ23: =COUNT($AS23:AZ23) -> 1 | ... CD23: =COUNT($AS23:BD23) -> 1 | CF23: =COUNT($BF23:BF23) -> 0 | CG23: =COUNT($BF23:BG23) -> 0 | CH23: =COUNT($BF23:BH23) -> 0 | CI23: =COUNT($BF23:BI23) -> 0 | CJ23: =COUNT($BF23:BJ23) -> 0 | CK23: =COUNT($BF23:BK23) -> 0 | CL23: =COUNT($BF23:BL23) -> 0 | CM23: =COUNT($BF23:BM23) -> 0 | ... CQ23: =COUNT($BF23:BQ23) -> 1 | CS23: =IF(SUM(D23:O23)=0,0,1) -> 0 | CT23: =CU23&CV23&C23 -> 20061Hospice | CU23: =VALUE(LEFT(A23,3)) -> 200 | CV23: =VALUE(MID(A23,5,2)) -> 61 | CX23: =COUNT(AS23:BD23) -> 1 | CY23: =COUNT(BF23:BQ23) -> 1 | DA23: {=IF(DA$5<=$CX23,INDEX($AS23:$BD23,1,_xlfn.XMATCH(DA$5,$BS23:$CD23)),"na")} -> 45658 | DB23: {=IF(DB$5<=$CY23,INDEX($BF23:$BQ23,1,_xlfn.XMATCH(DB$5,$CF23:$CQ23)),"na")} -> 46022 | DC23: =_xlfn.XLOOKUP($CU23&"-"&$CV23&$C23,REF!$K$2:$K$90,REF!B$2:B$90) -> Hospice | DD23: =_xlfn.XLOOKUP($CU23&"-"&$CV23&$C23,REF!$K$2:$K$90,REF!C$2:C$90) -> Hospice - Private Pay | DE23: =_xlfn.XLOOKUP($CU23&"-"&$CV23&$C23,REF!$K$2:$K$90,REF!D$2:D$90) -> ASBURY SOLOMONS | DF23: =_xlfn.XLOOKUP($CU23&"-"&$CV23&$C23,REF!$K$2:$K$90,REF!E$2:E$90) -> SKILLED NURSING | DG23: =_xlfn.XLOOKUP($CU23&"-"&$CV23&$C23,REF!$K$2:$K$90,REF!F$2:F$90) -> ASBURY SOLOMONS SKILLED NURSING | DH23: {=IF(DH$5<=$CX23,INDEX($AF23:$AQ23,1,_xlfn.XMATCH(DH$5,$BS23:$CD23)),"na")} -> 0 | DI23: {=IF(DI$5<=$CX23,INDEX($AS23:$BD23,1,_xlfn.XMATCH(DI$5,$BS23:$CD23)),"na")} -> na | DJ23: {=IF(DJ$5<=$CY23,INDEX($BF23:$BQ23,1,_xlfn.XMATCH(DJ$5,$CF23:$CQ23)),"na")} -> na | DK23: =DC23 -> Hospice | DL23: =DD23 -> Hospice - Private Pay | DM23: =DE23 -> ASBURY SOLOMONS | DN23: =DF23 -> SKILLED NURSING | DO23: =DG23 -> ASBURY SOLOMONS SKILLED NURSING | DP23: {=IF(DP$5<=$CX23,INDEX($AF23:$AQ23,1,_xlfn.XMATCH(DP$5,$BS23:$CD23)),"na")} -> na | DQ23: {=IF(DQ$5<=$CX23,INDEX($AS23:$BD23,1,_xlfn.XMATCH(DQ$5,$BS23:$CD23)),"na")} -> na | DR23: {=IF(DR$5<=$CY23,INDEX($BF23:$BQ23,1,_xlfn.XMATCH(DR$5,$CF23:$CQ23)),"na")} -> na | DS23: =DK23 -> Hospice | DT23: =DL23 -> Hospice - Private Pay | DU23: =DM23 -> ASBURY SOLOMONS | DV23: =DN23 -> SKILLED NURSING | DW23: =DO23 -> ASBURY SOLOMONS SKILLED NURSING | DX23: {=IF(DX$5<=$CX23,INDEX($AF23:$AQ23,1,_xlfn.XMATCH(DX$5,$BS23:$CD23)),"na")} -> na | DY23: {=IF(DY$5<=$CX23,INDEX($AS23:$BD23,1,_xlfn.XMATCH(DY$5,$BS23:$CD23)),"na")} -> na | DZ23: {=IF(DZ$5<=$CY23,INDEX($BF23:$BQ23,1,_xlfn.XMATCH(DZ$5,$CF23:$CQ23)),"na")} -> na | EA23: =DS23 -> Hospice | EB23: =DT23 -> Hospice - Private Pay | EC23: =DU23 -> ASBURY SOLOMONS | ED23: =DV23 -> SKILLED NURSING | EE23: =DW23 -> ASBURY SOLOMONS SKILLED NURSING | EF23: {=IF(EF$5<=$CX23,INDEX($AF23:$AQ23,1,_xlfn.XMATCH(EF$5,$BS23:$CD23)),"na")} -> na | EG23: {=IF(EG$5<=$CX23,INDEX($AS23:$BD23,1,_xlfn.XMATCH(EG$5,$BS23:$CD23)),"na")} -> na | EH23: {=IF(EH$5<=$CY23,INDEX($BF23:$BQ23,1,_xlfn.XMATCH(EH$5,$CF23:$CQ23)),"na")} -> na | EI23: =EA23 -> Hospice | EJ23: =EB23 -> Hospice - Private Pay | EK23: =EC23 -> ASBURY SOLOMONS | EL23: =ED23 -> SKILLED NURSING | EM23: =EE23 -> ASBURY SOLOMONS SKILLED NURSING | EN23: {=IF(EN$5<=$CX23,INDEX($AF23:$AQ23,1,_xlfn.XMATCH(EN$5,$BS23:$CD23)),"na")} -> na | EO23: {=IF(EO$5<=$CX23,INDEX($AS23:$BD23,1,_xlfn.XMATCH(EO$5,$BS23:$CD23)),"na")} -> na | EP23: {=IF(EP$5<=$CY23,INDEX($BF23:$BQ23,1,_xlfn.XMATCH(EP$5,$CF23:$CQ23)),"na")} -> na | EQ23: =EI23 -> Hospice | ER23: =EJ23 -> Hospice - Private Pay | ES23: =EK23 -> ASBURY SOLOMONS | ET23: =EL23 -> SKILLED NURSING | EU23: =EM23 -> ASBURY SOLOMONS SKILLED NURSING | EV23: {=IF(EV$5<=$CX23,INDEX($AF23:$AQ23,1,_xlfn.XMATCH(EV$5,$BS23:$CD23)),"na")} -> na
A24: 324-61 Skilled Nursing Facility | B24: Rev_Asm_SNF_Payer_Mix.SNF_Ancillary_Medicare_A | C24: Medicare A | D24: 61.999411 | E24: 55.999468 | F24: 61.999411 | G24: 59.99943 | H24: 61.999411 | I24: 59.99943 | J24: 61.999411 | K24: 61.999411 | L24: 59.99943 | M24: 61.999411 | N24: 59.99943 | O24: 61.999411 | Q24: 200-61 Skilled Nursing Facility | R24: Delta | S24: =S8-S16 -> 0 | T24: =T8-T16 -> 0 | U24: =U8-U16 -> 0 | V24: =V8-V16 -> 0 | W24: =W8-W16 -> 0 | X24: =X8-X16 -> 0 | Y24: =Y8-Y16 -> 0 | Z24: =Z8-Z16 -> 0 | ... AD24: =AD8-AD16 -> 0 | AF24: =D24/D$1 -> 1.999981 | AG24: =E24/E$1 -> 1.999981 | AH24: =F24/F$1 -> 1.999981 | AI24: =G24/G$1 -> 1.999981 | AJ24: =H24/H$1 -> 1.999981 | AK24: =I24/I$1 -> 1.999981 | AL24: =J24/J$1 -> 1.999981 | AM24: =K24/K$1 -> 1.999981 | ... AQ24: =O24/O$1 -> 1.999981 | AS24: =_xlfn.XLOOKUP(AS$5,'OC-Days'!$G:$G,'OC-Days'!$F:$F) -> 45658 | AT24: =IF(AG24=AF24,"na",_xlfn.XLOOKUP(AT$5,'OC-Days'!$G:$G,'OC-Days'!$F:$F)) -> na | AU24: =IF(AH24=AG24,"na",_xlfn.XLOOKUP(AU$5,'OC-Days'!$G:$G,'OC-Days'!$F:$F)) -> na | AV24: =IF(AI24=AH24,"na",_xlfn.XLOOKUP(AV$5,'OC-Days'!$G:$G,'OC-Days'!$F:$F)) -> na | AW24: =IF(AJ24=AI24,"na",_xlfn.XLOOKUP(AW$5,'OC-Days'!$G:$G,'OC-Days'!$F:$F)) -> na | AX24: =IF(AK24=AJ24,"na",_xlfn.XLOOKUP(AX$5,'OC-Days'!$G:$G,'OC-Days'!$F:$F)) -> na | AY24: =IF(AL24=AK24,"na",_xlfn.XLOOKUP(AY$5,'OC-Days'!$G:$G,'OC-Days'!$F:$F)) -> na | AZ24: =IF(AM24=AL24,"na",_xlfn.XLOOKUP(AZ$5,'OC-Days'!$G:$G,'OC-Days'!$F:$F)) -> na | BA24: =IF(AN24=AM24,"na",_xlfn.XLOOKUP(BA$5,'OC-Days'!$G:$G,'OC-Days'!$F:$F)) -> na | ... BD24: =IF(AQ24=AP24,"na",_xlfn.XLOOKUP(BD$5,'OC-Days'!$G:$G,'OC-Days'!$F:$F)) -> na | BF24: =IF(AT24="na",AT24,AT24-1) -> na | BG24: =IF(AU24="na",AU24,AU24-1) -> na | BH24: =IF(AV24="na",AV24,AV24-1) -> na | BI24: =IF(AW24="na",AW24,AW24-1) -> na | BJ24: =IF(AX24="na",AX24,AX24-1) -> na | BK24: =IF(AY24="na",AY24,AY24-1) -> na | BL24: =IF(AZ24="na",AZ24,AZ24-1) -> na | BM24: =IF(BA24="na",BA24,BA24-1) -> na | ... BP24: =IF(BD24="na",BD24,BD24-1) -> na | BQ24: =DATE(VALUE(RIGHT($BQ$5,4)),12,31) -> 46022 | BS24: =COUNT($AS24:AS24) -> 1 | BT24: =COUNT($AS24:AT24) -> 1 | BU24: =COUNT($AS24:AU24) -> 1 | BV24: =COUNT($AS24:AV24) -> 1 | BW24: =COUNT($AS24:AW24) -> 1 | BX24: =COUNT($AS24:AX24) -> 1 | BY24: =COUNT($AS24:AY24) -> 1 | BZ24: =COUNT($AS24:AZ24) -> 1 | ... CD24: =COUNT($AS24:BD24) -> 1 | CF24: =COUNT($BF24:BF24) -> 0 | CG24: =COUNT($BF24:BG24) -> 0 | CH24: =COUNT($BF24:BH24) -> 0 | CI24: =COUNT($BF24:BI24) -> 0 | CJ24: =COUNT($BF24:BJ24) -> 0 | CK24: =COUNT($BF24:BK24) -> 0 | CL24: =COUNT($BF24:BL24) -> 0 | CM24: =COUNT($BF24:BM24) -> 0 | ... CQ24: =COUNT($BF24:BQ24) -> 1 | CS24: =IF(SUM(D24:O24)=0,0,1) -> 1 | CT24: =CU24&CV24&C24 -> 32461Medicare A | CU24: =VALUE(LEFT(A24,3)) -> 324 | CV24: =VALUE(MID(A24,5,2)) -> 61 | CX24: =COUNT(AS24:BD24) -> 1 | CY24: =COUNT(BF24:BQ24) -> 1 | DA24: {=IF(DA$5<=$CX24,INDEX($AS24:$BD24,1,_xlfn.XMATCH(DA$5,$BS24:$CD24)),"na")} -> 45658 | DB24: {=IF(DB$5<=$CY24,INDEX($BF24:$BQ24,1,_xlfn.XMATCH(DB$5,$CF24:$CQ24)),"na")} -> 46022 | DC24: =_xlfn.XLOOKUP($CU24&"-"&$CV24&$C24,REF!$K$2:$K$90,REF!B$2:B$90) -> MEDICAREA/MC HMO | DD24: =_xlfn.XLOOKUP($CU24&"-"&$CV24&$C24,REF!$K$2:$K$90,REF!C$2:C$90) -> MEDICARE A HIGHMARK | DE24: =_xlfn.XLOOKUP($CU24&"-"&$CV24&$C24,REF!$K$2:$K$90,REF!D$2:D$90) -> SPRINGHILL | DF24: =_xlfn.XLOOKUP($CU24&"-"&$CV24&$C24,REF!$K$2:$K$90,REF!E$2:E$90) -> SKILLED NURSING | DG24: =_xlfn.XLOOKUP($CU24&"-"&$CV24&$C24,REF!$K$2:$K$90,REF!F$2:F$90) -> Forest View | DH24: {=IF(DH$5<=$CX24,INDEX($AF24:$AQ24,1,_xlfn.XMATCH(DH$5,$BS24:$CD24)),"na")} -> 1.999981 | DI24: {=IF(DI$5<=$CX24,INDEX($AS24:$BD24,1,_xlfn.XMATCH(DI$5,$BS24:$CD24)),"na")} -> na | DJ24: {=IF(DJ$5<=$CY24,INDEX($BF24:$BQ24,1,_xlfn.XMATCH(DJ$5,$CF24:$CQ24)),"na")} -> na | DK24: =DC24 -> MEDICAREA/MC HMO | DL24: =DD24 -> MEDICARE A HIGHMARK | DM24: =DE24 -> SPRINGHILL | DN24: =DF24 -> SKILLED NURSING | DO24: =DG24 -> Forest View | DP24: {=IF(DP$5<=$CX24,INDEX($AF24:$AQ24,1,_xlfn.XMATCH(DP$5,$BS24:$CD24)),"na")} -> na | DQ24: {=IF(DQ$5<=$CX24,INDEX($AS24:$BD24,1,_xlfn.XMATCH(DQ$5,$BS24:$CD24)),"na")} -> na | DR24: {=IF(DR$5<=$CY24,INDEX($BF24:$BQ24,1,_xlfn.XMATCH(DR$5,$CF24:$CQ24)),"na")} -> na | DS24: =DK24 -> MEDICAREA/MC HMO | DT24: =DL24 -> MEDICARE A HIGHMARK | DU24: =DM24 -> SPRINGHILL | DV24: =DN24 -> SKILLED NURSING | DW24: =DO24 -> Forest View | DX24: {=IF(DX$5<=$CX24,INDEX($AF24:$AQ24,1,_xlfn.XMATCH(DX$5,$BS24:$CD24)),"na")} -> na | DY24: {=IF(DY$5<=$CX24,INDEX($AS24:$BD24,1,_xlfn.XMATCH(DY$5,$BS24:$CD24)),"na")} -> na | DZ24: {=IF(DZ$5<=$CY24,INDEX($BF24:$BQ24,1,_xlfn.XMATCH(DZ$5,$CF24:$CQ24)),"na")} -> na | EA24: =DS24 -> MEDICAREA/MC HMO | EB24: =DT24 -> MEDICARE A HIGHMARK | EC24: =DU24 -> SPRINGHILL | ED24: =DV24 -> SKILLED NURSING | EE24: =DW24 -> Forest View | EF24: {=IF(EF$5<=$CX24,INDEX($AF24:$AQ24,1,_xlfn.XMATCH(EF$5,$BS24:$CD24)),"na")} -> na | EG24: {=IF(EG$5<=$CX24,INDEX($AS24:$BD24,1,_xlfn.XMATCH(EG$5,$BS24:$CD24)),"na")} -> na | EH24: {=IF(EH$5<=$CY24,INDEX($BF24:$BQ24,1,_xlfn.XMATCH(EH$5,$CF24:$CQ24)),"na")} -> na | EI24: =EA24 -> MEDICAREA/MC HMO | EJ24: =EB24 -> MEDICARE A HIGHMARK | EK24: =EC24 -> SPRINGHILL | EL24: =ED24 -> SKILLED NURSING | EM24: =EE24 -> Forest View | EN24: {=IF(EN$5<=$CX24,INDEX($AF24:$AQ24,1,_xlfn.XMATCH(EN$5,$BS24:$CD24)),"na")} -> na | EO24: {=IF(EO$5<=$CX24,INDEX($AS24:$BD24,1,_xlfn.XMATCH(EO$5,$BS24:$CD24)),"na")} -> na | EP24: {=IF(EP$5<=$CY24,INDEX($BF24:$BQ24,1,_xlfn.XMATCH(EP$5,$CF24:$CQ24)),"na")} -> na | EQ24: =EI24 -> MEDICAREA/MC HMO | ER24: =EJ24 -> MEDICARE A HIGHMARK | ES24: =EK24 -> SPRINGHILL | ET24: =EL24 -> SKILLED NURSING | EU24: =EM24 -> Forest View | EV24: {=IF(EV$5<=$CX24,INDEX($AF24:$AQ24,1,_xlfn.XMATCH(EV$5,$BS24:$CD24)),"na")} -> na
