Workbook
Name _P: #REF!
Name basic: #REF!
Name Company: #REF!
Name CurrYr: [1]HQ!$B$19
Name CurrYr: [2]HQ!$B$19
Name CurrYrFCVersion: [1]HQ!$B$20
Name CurrYrFCVersion: [2]HQ!$B$20
Name dental: #REF!
Name dentcode: #REF!
Name Depart: #REF!
Name Facility: #REF!
Name FillColMatch: '[1]OC-Fill'!$B$1:$NB$1
Name FillColMatch: '[2]OC-Fill'!$B$1:$NB$1
Name FillDataArray: INDIRECT(RIGHT('[1]OC-Fill'!$NI$6,LEN('[1]OC-Fill'!$NI$6)-1))
Name FillDataArray: INDIRECT(RIGHT('[2]OC-Fill'!$NI$6,LEN('[2]OC-Fill'!$NI$6)-1))
Name FillRowMatch: INDIRECT(RIGHT('[1]OC-Fill'!$NI$7,LEN('[1]OC-Fill'!$NI$7)-1))
Name FillRowMatch: INDIRECT(RIGHT('[2]OC-Fill'!$NI$7,LEN('[2]OC-Fill'!$NI$7)-1))
Name FillSNFColMatch: '[1]OC-SNF Fill'!$B$1:$CX$1
Name FillSNFColMatch: '[2]OC-SNF Fill'!$B$1:$ET$1
Name FillSNFDataArray: '[1]OC-SNF Fill'!$B$9:$CX$15
Name FillSNFDataArray: '[2]OC-SNF Fill'!$B$9:$ET$30
Name FillSNFRowMatch: '[1]OC-SNF Fill'!$CZ$9:$CZ$15
Name FillSNFRowMatch: '[2]OC-SNF Fill'!$EV$9:$EV$30
Name health: #REF!
Name jobcode: #REF!
Name MainColMatch: '[1]OC-Main'!$B$1:$LD$1
Name MainColMatch: '[2]OC-Main'!$B$1:$LS$1
Name MainDataArray: '[1]OC-Main'!$B$9:$LD$74
Name MainDataArray: '[2]OC-Main'!$B$9:$LS$74
Name MainRowMatch: '[1]OC-Main'!$LE$9:$LE$74
Name MainRowMatch: '[2]OC-Main'!$LT$9:$LT$74
Name medcode: #REF!
Name NextYr: [1]HQ!$B$21
Name NextYr: [2]HQ!$B$21
Name parttm: #REF!
Name pension: #REF!
Name RaiseColMatch: '[1]OC-Raise'!$B$1:$D$1
Name RaiseColMatch: '[2]OC-Raise'!$B$1:$D$1
Name RaiseDataArray: INDIRECT(RIGHT('[1]OC-Raise'!$I$2,LEN('[1]OC-Raise'!$I$2)-1))
Name RaiseDataArray: INDIRECT(RIGHT('[2]OC-Raise'!$I$2,LEN('[2]OC-Raise'!$I$2)-1))
Name RaiseRowMatch: INDIRECT(RIGHT('[1]OC-Raise'!$I$3,LEN('[1]OC-Raise'!$I$3)-1))
Name RaiseRowMatch: INDIRECT(RIGHT('[2]OC-Raise'!$I$3,LEN('[2]OC-Raise'!$I$3)-1))
Name vachrs: #REF!
Name WASbasic: #REF!
Name WASmeddent: #REF!
Name workcomp: #REF!
Name workcompclass: #REF!

Sheet CrossfireHiddenWorksheet
A3: c6d463ac-99dd-4e17-9213-ada598534116 | B3: 34864750-36d0-48eb-b30f-296de4ba20f4
A4: 7 | B4: 13
G5: =OC!$6:$6 -> 2263 | H5: 1 | I5: =OC!$C:$C -> Jan-2025 | J5: 67 | K5: =OC!$C$3 -> Budget 2025 | L5: 91 | M5: ='OC-Days'!$14:$14 -> 0 | N5: 1 | O5: ='OC-Days'!$B:$B -> 31 | P5: 37
G6: =OC!$7:$7 -> 1333 | H6: 2 | I6: =OC!$D:$D -> 2044 | J6: 68 | K6: =OC!$D$3 -> Budget 2025 | L6: 92 | M6: ='OC-Days'!$13:$13 -> 0 | N6: 2
G7: =OC!$8:$8 -> 3379 | H7: 3 | I7: =OC!$E:$E -> 1333 | J7: 69 | K7: =OC!$E$3 -> Budget 2025 | L7: 93 | M7: ='OC-Days'!$12:$12 -> 0 | N7: 3
G8: =OC!$9:$9 -> 5704 | H8: 4 | I8: =OC!$F:$F -> 3270 | J8: 70 | K8: =OC!$F$3 -> Budget 2025 | L8: 94 | M8: ='OC-Days'!$11:$11 -> 0 | N8: 4
G9: =OC!$10:$10 -> 3069 | H9: 5 | I9: =OC!$G:$G -> 5704 | J9: 71 | K9: =OC!$G$3 -> Budget 2025 | L9: 95 | M9: ='OC-Days'!$10:$10 -> 0 | N9: 5
G10: =OC!$11:$11 -> 2015 | H10: 6 | I10: =OC!$H:$H -> 2970 | J10: 72 | K10: =OC!$H$3 -> Budget 2025 | L10: 96 | M10: ='OC-Days'!$9:$9 -> 0 | N10: 6
G11: =OC!$12:$12 -> 3906 | H11: 7 | I11: =OC!$I:$I -> 2015 | J11: 73 | K11: =OC!$I$3 -> Budget 2025 | L11: 97 | M11: ='OC-Days'!$8:$8 -> 0 | N11: 7
G12: =OC!$13:$13 -> 3906 | H12: 8 | I12: =OC!$J:$J -> 3906 | J12: 74 | K12: =OC!$J$3 -> Budget 2025 | L12: 98 | M12: ='OC-Days'!$7:$7 -> 0 | N12: 8
G13: =OC!$14:$14 -> 4123 | H13: 9 | I13: =OC!$K:$K -> 3780 | J13: 75 | K13: =OC!$K$3 -> Budget 2025 | L13: 99 | M13: ='OC-Days'!$6:$6 -> 0 | N13: 9
G14: =OC!$15:$15 -> 4309 | H14: 10 | I14: =OC!$L:$L -> 4123 | J14: 76 | K14: =OC!$L$3 -> Budget 2025 | L14: 100 | M14: ='OC-Days'!$5:$5 -> 0 | N14: 10
G15: =OC!$16:$16 -> 1426 | H15: 11 | I15: =OC!$M:$M -> 4170 | J15: 77 | K15: =OC!$M$3 -> Budget 2025 | L15: 101 | M15: ='OC-Days'!$4:$4 -> 0 | N15: 11
G16: =OC!$17:$17 -> 35433 | H16: 12 | I16: =OC!$N:$N -> 1426 | J16: 78 | K16: =OC!$N$3 -> Budget 2025 | L16: 102 | M16: ='OC-Days'!$3:$3 -> 0 | N16: 12
G17: =OC!$18:$18 -> 2232 | H17: 13 | I17: =OC!$P:$P -> 29713.5 | J17: 79 | K17: =OC!$P$3 -> Budget 2025 | L17: 104 | M17: ='OC-Days'!$26:$26 -> 0 | N17: 13
G18: =OC!$19:$19 -> 4402 | H18: 14 | I18: =OC!$Q:$Q -> 1988 | J18: 80 | K18: =OC!$Q$3 -> Budget 2025 | L18: 105 | M18: ='OC-Days'!$25:$25 -> 0 | N18: 14
G19: =OC!$20:$20 -> 2666 | H19: 15 | I19: =OC!$R:$R -> 4154 | J19: 81 | K19: =OC!$R$3 -> Budget 2025 | L19: 106 | M19: ='OC-Days'!$24:$24 -> 0 | N19: 15
G20: =OC!$21:$21 -> 744 | H20: 16 | I20: =OC!$S:$S -> 2490 | J20: 82 | K20: =OC!$S$3 -> Budget 2025 | L20: 107 | M20: ='OC-Days'!$23:$23 -> 0 | N20: 16
G21: =OC!$22:$22 -> 1488 | H21: 17 | I21: =OC!$T:$T -> 728.5 | J21: 83 | K21: =OC!$T$3 -> Budget 2025 | L21: 108 | M21: ='OC-Days'!$22:$22 -> 0 | N21: 17
G22: =OC!$23:$23 -> 11532 | H22: 18 | I22: =OC!$U:$U -> 1125 | J22: 84 | K22: =OC!$U$3 -> Budget 2025 | L22: 109 | M22: ='OC-Days'!$21:$21 -> 0 | N22: 18
G23: =OC!$24:$24 -> 1116 | H23: 19 | I23: =OC!$V:$V -> 10819 | J23: 85 | K23: =OC!$V$3 -> Budget 2025 | L23: 110 | M23: ='OC-Days'!$20:$20 -> 0 | N23: 19
G24: =OC!$25:$25 -> 3813 | H24: 20 | I24: =OC!$W:$W -> 1085 | J24: 86 | K24: =OC!$W$3 -> Budget 2025 | L24: 111 | M24: ='OC-Days'!$19:$19 -> 0 | N24: 20
G25: =OC!$26:$26 -> 1085 | H25: 21 | I25: =OC!$X:$X -> 3390 | J25: 87 | K25: =OC!$X$3 -> Budget 2025 | L25: 112 | M25: ='OC-Days'!$18:$18 -> 0 | N25: 21
G26: =OC!$27:$27 -> 2356 | H26: 22 | I26: =OC!$Y:$Y -> 1023 | J26: 88 | K26: =OC!$Y$3 -> Budget 2025 | L26: 113 | M26: ='OC-Days'!$17:$17 -> 0 | N26: 22
G27: =OC!$28:$28 -> 8370 | H27: 23 | I27: =OC!$Z:$Z -> 2190 | J27: 89 | K27: =OC!$Z$3 -> Budget 2025 | L27: 114 | M27: ='OC-Days'!$16:$16 -> 0 | N27: 23
G28: =OC!$32:$32 -> 2945 | H28: 24 | I28: =OC!$AA:$AA -> 7874 | J28: 90 | K28: =OC!$AA$3 -> Budget 2025 | L28: 115 | M28: ='OC-Days'!$15:$15 -> 0 | N28: 24
G29: =OC!$35:$35 -> 1612 | H29: 25 | K29: =OC!$C$4 -> Maximum Resident Days | L29: 116 | M29: ='OC-Days'!$30:$30 -> 0 | N29: 25
G30: =OC!$36:$36 -> 2945 | H30: 28 | K30: =OC!$D$4 -> Maximum Resident Days | L30: 117 | M30: ='OC-Days'!$27:$27 -> 0 | N30: 26
G31: =OC!$37:$37 -> 1457 | H31: 29 | K31: =OC!$E$4 -> Maximum Resident Days | L31: 118 | M31: ='OC-Days'!$28:$28 -> 0 | N31: 27
G32: =OC!$38:$38 -> 527 | H32: 30 | K32: =OC!$F$4 -> Maximum Resident Days | L32: 119 | M32: ='OC-Days'!$29:$29 -> 0 | N32: 28
G33: =OC!$39:$39 -> 2914 | H33: 31 | K33: =OC!$G$4 -> Maximum Resident Days | L33: 120 | M33: ='OC-Days'!$31:$31 -> 0 | N33: 29
G34: =OC!$40:$40 -> 4278 | H34: 32 | K34: =OC!$H$4 -> Maximum Resident Days | L34: 121 | M34: ='OC-Days'!$32:$32 -> 0 | N34: 30
G35: =OC!$41:$41 -> 3100 | H35: 33 | K35: =OC!$I$4 -> Maximum Resident Days | L35: 122 | M35: ='OC-Days'!$33:$33 -> 0 | N35: 31
G36: =OC!$42:$42 -> 2139 | H36: 34 | K36: =OC!$J$4 -> Maximum Resident Days | L36: 123 | M36: ='OC-Days'!$34:$34 -> 0 | N36: 32
G37: =OC!$43:$43 -> 17360 | H37: 35 | K37: =OC!$K$4 -> Maximum Resident Days | L37: 124 | M37: ='OC-Days'!$35:$35 -> 0 | N37: 33
G38: =OC!$44:$44 -> 961 | H38: 36 | K38: =OC!$L$4 -> Maximum Resident Days | L38: 125 | M38: ='OC-Days'!$36:$36 -> 0 | N38: 34
G39: =OC!$45:$45 -> 1116 | H39: 37 | K39: =OC!$M$4 -> Maximum Resident Days | L39: 126 | M39: ='OC-Days'!$37:$37 -> 0 | N39: 35
G40: =OC!$46:$46 -> 1209 | H40: 38 | K40: =OC!$N$4 -> Maximum Resident Days | L40: 127 | M40: ='OC-Days'!$38:$38 -> 0 | N40: 36
G41: =OC!$47:$47 -> 3286 | H41: 39 | K41: =OC!$P$4 -> Forecasted Resident Days | L41: 129 | M41: ='OC-Days'!$39:$39 -> 0 | N41: 38
G42: =OC!$48:$48 -> 80538 | H42: 40 | K42: =OC!$Q$4 -> Forecasted Resident Days | L42: 130 | M42: ='OC-Days'!$40:$40 -> 0 | N42: 39
G43: =OC!$49:$49 -> 80538 | H43: 41 | K43: =OC!$R$4 -> Forecasted Resident Days | L43: 131 | M43: ='OC-Days'!$41:$41 -> 0 | N43: 40
G44: =OC!$50:$50 -> 1581 | H44: 42 | K44: =OC!$S$4 -> Forecasted Resident Days | L44: 132 | M44: ='OC-Days'!$42:$42 -> 0 | N44: 41
G45: =OC!$51:$51 -> 2418 | H45: 43 | K45: =OC!$T$4 -> Forecasted Resident Days | L45: 133 | M45: ='OC-Days'!$43:$43 -> 0 | N45: 42
G46: =OC!$52:$52 -> 1178 | H46: 44 | K46: =OC!$U$4 -> Forecasted Resident Days | L46: 134 | M46: ='OC-Days'!$44:$44 -> 0 | N46: 43
G47: =OC!$53:$53 -> 0 | H47: 45 | K47: =OC!$V$4 -> Forecasted Resident Days | L47: 135 | M47: ='OC-Days'!$45:$45 -> 0 | N47: 44
G48: =OC!$54:$54 -> 5177 | H48: 46 | K48: =OC!$W$4 -> Forecasted Resident Days | L48: 136 | M48: ='OC-Days'!$46:$46 -> 0 | N48: 45
G49: =OC!$55:$55 -> 2046 | H49: 47 | K49: =OC!$X$4 -> Forecasted Resident Days | L49: 137 | M49: ='OC-Days'!$47:$47 -> 0 | N49: 46
G50: =OC!$56:$56 -> 2728 | H50: 48 | K50: =OC!$Y$4 -> Forecasted Resident Days | L50: 138 | M50: ='OC-Days'!$48:$48 -> 0 | N50: 47
G51: =OC!$57:$57 -> 279 | H51: 49 | K51: =OC!$Z$4 -> Forecasted Resident Days | L51: 139 | M51: ='OC-Days'!$49:$49 -> 0 | N51: 48
G52: =OC!$58:$58 -> 496 | H52: 50 | K52: =OC!$AA$4 -> Forecasted Resident Days | L52: 140 | M52: ='OC-Days'!$50:$50 -> 0 | N52: 49
G53: =OC!$59:$59 -> 1984 | H53: 51 | K53: =OC!$C$5 -> Jan-2025 | L53: 141
G54: =OC!$60:$60 -> 7533 | H54: 52 | K54: =OC!$D$5 -> Feb-2025 | L54: 142
G55: =OC!$61:$61 -> 12710 | H55: 53 | K55: =OC!$E$5 -> Mar-2025 | L55: 143
G56: =OC!$62:$62 -> 12710 | H56: 54 | K56: =OC!$F$5 -> Apr-2025 | L56: 144
G57: =OC!$63:$63 -> 0 | H57: 57 | K57: =OC!$G$5 -> May-2025 | L57: 145
G58: =OC!$29:$29 -> 403 | H58: 59 | K58: =OC!$H$5 -> Jun-2025 | L58: 146
G59: =OC!$30:$30 -> 2170 | H59: 60 | K59: =OC!$I$5 -> Jul-2025 | L59: 147
G60: =OC!$31:$31 -> 372 | H60: 61 | K60: =OC!$J$5 -> Aug-2025 | L60: 148
G61: =OC!$33:$33 -> 1333 | H61: 64 | K61: =OC!$K$5 -> Sep-2025 | L61: 149
G62: =OC!$34:$34 -> 279 | H62: 65 | K62: =OC!$L$5 -> Oct-2025 | L62: 150
K63: =OC!$M$5 -> Nov-2025 | L63: 151
K64: =OC!$N$5 -> Dec-2025 | L64: 152
K65: =OC!$P$5 -> Jan-2025 | L65: 154
K66: =OC!$Q$5 -> Feb-2025 | L66: 155
K67: =OC!$R$5 -> Mar-2025 | L67: 156
K68: =OC!$S$5 -> Apr-2025 | L68: 157
K69: =OC!$T$5 -> May-2025 | L69: 158
K70: =OC!$U$5 -> Jun-2025 | L70: 159
K71: =OC!$V$5 -> Jul-2025 | L71: 160
K72: =OC!$W$5 -> Aug-2025 | L72: 161
K73: =OC!$X$5 -> Sep-2025 | L73: 162
K74: =OC!$Y$5 -> Oct-2025 | L74: 163
K75: =OC!$Z$5 -> Nov-2025 | L75: 164
K76: =OC!$AA$5 -> Dec-2025 | L76: 165
K77: =OC!$B$6 -> 100-21 Villas/Cottages | L77: 166
K78: =OC!$B$7 -> 100-22 Villas/Cottages B (AMV=Courtyard Homes, BV=BV West, APKS=Patio Homes) | L78: 167
K79: =OC!$B$8 -> 100-31 Apartment A (AMV=Trott, BV=Center, All others) | L79: 168
K80: =OC!$B$9 -> 100-32 Apartment B (AMV=Diamond, BV=Court) | L80: 169
K81: =OC!$B$10 -> 100-33 Apartment C (AMV=419 Wallace, BV=BVWest) | L81: 170
K82: =OC!$B$11 -> 100-34 Apartment D (AMV=ParkView) | L82: 171
K83: =OC!$B$12 -> 100-35 Apartment E (AMV=Edwards Fisher) | L83: 172
K84: =OC!$B$13 -> 100-36 Apartment F (AMV=Mund) | L84: 173
K85: =OC!$B$14 -> 100-51 AL/PC A | L85: 174
K86: =OC!$B$15 -> 100-61 Skilled Nursing Facility | L86: 175
K87: =OC!$B$16 -> 100-62 Skilled Nursing - TCU | L87: 176
K88: =OC!$B$17 -> 100 Asbury Methodist Village | L88: 177
K89: =OC!$B$18 -> 200-21 Villas/Cottages | L89: 178
K90: =OC!$B$19 -> 200-31 Apartment A (AMV=Trott, BV=Center, AS=North Apts.) | L90: 179
K91: =OC!$B$20 -> 200-32 Apartment B (AS=South Apts.) | L91: 180
K92: =OC!$B$21 -> 200-51 AL/PC A | L92: 181
K93: =OC!$B$22 -> 200-61 Skilled Nursing Facility | L93: 182
K94: =OC!$B$23 -> 200 Asbury Solomons | L94: 183
K95: =OC!$B$24 -> 324-21 Villas/Cottages | L95: 184
K96: =OC!$B$25 -> 324-31 Apartment A (AMV=Trott, BV=Center, All others) | L96: 185
K97: =OC!$B$26 -> 324-51 AL/PC A | L97: 186
K98: =OC!$B$27 -> 324-61 Skilled Nursing Facility | L98: 187
K99: =OC!$B$28 -> 324 Springhill | L99: 188
K100: =OC!$B$32 -> 350 Grace Park | L100: 189
K101: =OC!$B$35 -> 360 Ivy Gables | L101: 190
K102: =OC!$B$36 -> 810-21 Villas/Cottages | L102: 193
...

Sheet OfficeConnectCellHighlights

Sheet Nuance
A4: Note, data for GP/IG facilities 51 and 52 go into the same FullOrgDesc for each (this how it is currently structured in Qlik I think).
B5: Ent | C5: Fac
B6: 350 | C6: 51 | D6: AComm\AComm LTC\PA\GP\AL GP\GP PC
B7: 350 | C7: 52 | D7: AComm\AComm LTC\PA\GP\AL GP\GP PC
B9: 360 | C9: 51 | D9: AComm\AComm LTC\DE\IG\AL IG\IG AL
B10: 360 | C10: 52 | D10: AComm\AComm LTC\DE\IG\AL IG\IG AL

Sheet 2025 Load
A1: Qlik Load | D1: Qlik Load | F1: Qlik Load | I1: Processing | L1: Processing | O1: Check
A2: f(x) | B2: f(x) | C2: text | D2: text | E2: f(x) | F2: f(x) | G2: f(x) | I2: f(x) | N2: Row Counts
A3: StartDate | B3: EndDate | C3: EntityCode | D3: FacilityCode | E3: FullOrgDesc | F3: BudgetAvailablePerDay | G3: BudgetResidentDaysPerDay | I3: # Ent-Fac | L3: Ent | M3: Fac | N3: Should be | O3: Is | P3: Delta
A4: {=INDEX(OC!$DJ$6:$FE$62,_xlfn.XMATCH($C4&"-"&$D4,OC!$DE$6:$DE$62),_xlfn.XMATCH(A$3&$I4,OC!$DJ$3:$FE$3))} -> 45658 | B4: {=INDEX(OC!$DJ$6:$FE$62,_xlfn.XMATCH($C4&"-"&$D4,OC!$DE$6:$DE$62),_xlfn.XMATCH(B$3&$I4,OC!$DJ$3:$FE$3))} -> 46022 | C4: 100 | D4: 21 | E4: =_xlfn.XLOOKUP(C4&"-"&D4,REF!$A$3:$A$47,REF!$D$3:$D$47) -> AComm\AComm LTC\MD\AMV\IL AMV\Villas | F4: {=INDEX(OC!$DJ$6:$FE$62,_xlfn.XMATCH($C4&"-"&$D4,OC!$DE$6:$DE$62),_xlfn.XMATCH(F$3&$I4,OC!$DJ$3:$FE$3))} -> 73 | G4: {=INDEX(OC!$DJ$6:$FE$62,_xlfn.XMATCH($C4&"-"&$D4,OC!$DE$6:$DE$62),_xlfn.XMATCH(G$3&$I4,OC!$DJ$3:$FE$3))} -> 70.5 | I4: =COUNTIFS($C$4:C4,C4,$D$4:D4,D4) -> 1 | L4: 100 | M4: 21 | N4: 1 | O4: =COUNTIFS($C$4:$C$75,L4,$D$4:$D$75,M4) -> 1 | P4: =N4-O4 -> 0
A5: {=INDEX(OC!$DJ$6:$FE$62,_xlfn.XMATCH($C5&"-"&$D5,OC!$DE$6:$DE$62),_xlfn.XMATCH(A$3&$I5,OC!$DJ$3:$FE$3))} -> 45658 | B5: {=INDEX(OC!$DJ$6:$FE$62,_xlfn.XMATCH($C5&"-"&$D5,OC!$DE$6:$DE$62),_xlfn.XMATCH(B$3&$I5,OC!$DJ$3:$FE$3))} -> 46022 | C5: 100 | D5: 22 | E5: =_xlfn.XLOOKUP(C5&"-"&D5,REF!$A$3:$A$47,REF!$D$3:$D$47) -> AComm\AComm LTC\MD\AMV\IL AMV\CH | F5: {=INDEX(OC!$DJ$6:$FE$62,_xlfn.XMATCH($C5&"-"&$D5,OC!$DE$6:$DE$62),_xlfn.XMATCH(F$3&$I5,OC!$DJ$3:$FE$3))} -> 43 | G5: {=INDEX(OC!$DJ$6:$FE$62,_xlfn.XMATCH($C5&"-"&$D5,OC!$DE$6:$DE$62),_xlfn.XMATCH(G$3&$I5,OC!$DJ$3:$FE$3))} -> 42 | I5: =COUNTIFS($C$4:C5,C5,$D$4:D5,D5) -> 1 | L5: 100 | M5: 22 | N5: 1 | O5: =COUNTIFS($C$4:$C$75,L5,$D$4:$D$75,M5) -> 1 | P5: =N5-O5 -> 0
A6: {=INDEX(OC!$DJ$6:$FE$62,_xlfn.XMATCH($C6&"-"&$D6,OC!$DE$6:$DE$62),_xlfn.XMATCH(A$3&$I6,OC!$DJ$3:$FE$3))} -> 45658 | B6: {=INDEX(OC!$DJ$6:$FE$62,_xlfn.XMATCH($C6&"-"&$D6,OC!$DE$6:$DE$62),_xlfn.XMATCH(B$3&$I6,OC!$DJ$3:$FE$3))} -> 45716 | C6: 100 | D6: 31 | E6: =_xlfn.XLOOKUP(C6&"-"&D6,REF!$A$3:$A$47,REF!$D$3:$D$47) -> AComm\AComm LTC\MD\AMV\IL AMV\Trott Apt | F6: {=INDEX(OC!$DJ$6:$FE$62,_xlfn.XMATCH($C6&"-"&$D6,OC!$DE$6:$DE$62),_xlfn.XMATCH(F$3&$I6,OC!$DJ$3:$FE$3))} -> 109 | G6: {=INDEX(OC!$DJ$6:$FE$62,_xlfn.XMATCH($C6&"-"&$D6,OC!$DE$6:$DE$62),_xlfn.XMATCH(G$3&$I6,OC!$DJ$3:$FE$3))} -> 61 | I6: =COUNTIFS($C$4:C6,C6,$D$4:D6,D6) -> 1 | L6: 100 | M6: 31 | N6: 6 | O6: =COUNTIFS($C$4:$C$75,L6,$D$4:$D$75,M6) -> 6 | P6: =N6-O6 -> 0
A7: {=INDEX(OC!$DJ$6:$FE$62,_xlfn.XMATCH($C7&"-"&$D7,OC!$DE$6:$DE$62),_xlfn.XMATCH(A$3&$I7,OC!$DJ$3:$FE$3))} -> 45717 | B7: {=INDEX(OC!$DJ$6:$FE$62,_xlfn.XMATCH($C7&"-"&$D7,OC!$DE$6:$DE$62),_xlfn.XMATCH(B$3&$I7,OC!$DJ$3:$FE$3))} -> 45777 | C7: 100 | D7: 31 | E7: =_xlfn.XLOOKUP(C7&"-"&D7,REF!$A$3:$A$47,REF!$D$3:$D$47) -> AComm\AComm LTC\MD\AMV\IL AMV\Trott Apt | F7: {=INDEX(OC!$DJ$6:$FE$62,_xlfn.XMATCH($C7&"-"&$D7,OC!$DE$6:$DE$62),_xlfn.XMATCH(F$3&$I7,OC!$DJ$3:$FE$3))} -> 109 | G7: {=INDEX(OC!$DJ$6:$FE$62,_xlfn.XMATCH($C7&"-"&$D7,OC!$DE$6:$DE$62),_xlfn.XMATCH(G$3&$I7,OC!$DJ$3:$FE$3))} -> 62 | I7: =COUNTIFS($C$4:C7,C7,$D$4:D7,D7) -> 2 | L7: 100 | M7: 32 | N7: 12 | O7: =COUNTIFS($C$4:$C$75,L7,$D$4:$D$75,M7) -> 12 | P7: =N7-O7 -> 0
A8: {=INDEX(OC!$DJ$6:$FE$62,_xlfn.XMATCH($C8&"-"&$D8,OC!$DE$6:$DE$62),_xlfn.XMATCH(A$3&$I8,OC!$DJ$3:$FE$3))} -> 45778 | B8: {=INDEX(OC!$DJ$6:$FE$62,_xlfn.XMATCH($C8&"-"&$D8,OC!$DE$6:$DE$62),_xlfn.XMATCH(B$3&$I8,OC!$DJ$3:$FE$3))} -> 45838 | C8: 100 | D8: 31 | E8: =_xlfn.XLOOKUP(C8&"-"&D8,REF!$A$3:$A$47,REF!$D$3:$D$47) -> AComm\AComm LTC\MD\AMV\IL AMV\Trott Apt | F8: {=INDEX(OC!$DJ$6:$FE$62,_xlfn.XMATCH($C8&"-"&$D8,OC!$DE$6:$DE$62),_xlfn.XMATCH(F$3&$I8,OC!$DJ$3:$FE$3))} -> 109 | G8: {=INDEX(OC!$DJ$6:$FE$62,_xlfn.XMATCH($C8&"-"&$D8,OC!$DE$6:$DE$62),_xlfn.XMATCH(G$3&$I8,OC!$DJ$3:$FE$3))} -> 63 | I8: =COUNTIFS($C$4:C8,C8,$D$4:D8,D8) -> 3 | L8: 100 | M8: 33 | N8: 1 | O8: =COUNTIFS($C$4:$C$75,L8,$D$4:$D$75,M8) -> 1 | P8: =N8-O8 -> 0
A9: {=INDEX(OC!$DJ$6:$FE$62,_xlfn.XMATCH($C9&"-"&$D9,OC!$DE$6:$DE$62),_xlfn.XMATCH(A$3&$I9,OC!$DJ$3:$FE$3))} -> 45839 | B9: {=INDEX(OC!$DJ$6:$FE$62,_xlfn.XMATCH($C9&"-"&$D9,OC!$DE$6:$DE$62),_xlfn.XMATCH(B$3&$I9,OC!$DJ$3:$FE$3))} -> 45900 | C9: 100 | D9: 31 | E9: =_xlfn.XLOOKUP(C9&"-"&D9,REF!$A$3:$A$47,REF!$D$3:$D$47) -> AComm\AComm LTC\MD\AMV\IL AMV\Trott Apt | F9: {=INDEX(OC!$DJ$6:$FE$62,_xlfn.XMATCH($C9&"-"&$D9,OC!$DE$6:$DE$62),_xlfn.XMATCH(F$3&$I9,OC!$DJ$3:$FE$3))} -> 109 | G9: {=INDEX(OC!$DJ$6:$FE$62,_xlfn.XMATCH($C9&"-"&$D9,OC!$DE$6:$DE$62),_xlfn.XMATCH(G$3&$I9,OC!$DJ$3:$FE$3))} -> 65 | I9: =COUNTIFS($C$4:C9,C9,$D$4:D9,D9) -> 4 | L9: 100 | M9: 34 | N9: 2 | O9: =COUNTIFS($C$4:$C$75,L9,$D$4:$D$75,M9) -> 2 | P9: =N9-O9 -> 0
A10: {=INDEX(OC!$DJ$6:$FE$62,_xlfn.XMATCH($C10&"-"&$D10,OC!$DE$6:$DE$62),_xlfn.XMATCH(A$3&$I10,OC!$DJ$3:$FE$3))} -> 45901 | B10: {=INDEX(OC!$DJ$6:$FE$62,_xlfn.XMATCH($C10&"-"&$D10,OC!$DE$6:$DE$62),_xlfn.XMATCH(B$3&$I10,OC!$DJ$3:$FE$3))} -> 45961 | C10: 100 | D10: 31 | E10: =_xlfn.XLOOKUP(C10&"-"&D10,REF!$A$3:$A$47,REF!$D$3:$D$47) -> AComm\AComm LTC\MD\AMV\IL AMV\Trott Apt | F10: {=INDEX(OC!$DJ$6:$FE$62,_xlfn.XMATCH($C10&"-"&$D10,OC!$DE$6:$DE$62),_xlfn.XMATCH(F$3&$I10,OC!$DJ$3:$FE$3))} -> 109 | G10: {=INDEX(OC!$DJ$6:$FE$62,_xlfn.XMATCH($C10&"-"&$D10,OC!$DE$6:$DE$62),_xlfn.XMATCH(G$3&$I10,OC!$DJ$3:$FE$3))} -> 66 | I10: =COUNTIFS($C$4:C10,C10,$D$4:D10,D10) -> 5 | L10: 100 | M10: 35 | N10: 4 | O10: =COUNTIFS($C$4:$C$75,L10,$D$4:$D$75,M10) -> 4 | P10: =N10-O10 -> 0
A11: {=INDEX(OC!$DJ$6:$FE$62,_xlfn.XMATCH($C11&"-"&$D11,OC!$DE$6:$DE$62),_xlfn.XMATCH(A$3&$I11,OC!$DJ$3:$FE$3))} -> 45962 | B11: {=INDEX(OC!$DJ$6:$FE$62,_xlfn.XMATCH($C11&"-"&$D11,OC!$DE$6:$DE$62),_xlfn.XMATCH(B$3&$I11,OC!$DJ$3:$FE$3))} -> 46022 | C11: 100 | D11: 31 | E11: =_xlfn.XLOOKUP(C11&"-"&D11,REF!$A$3:$A$47,REF!$D$3:$D$47) -> AComm\AComm LTC\MD\AMV\IL AMV\Trott Apt | F11: {=INDEX(OC!$DJ$6:$FE$62,_xlfn.XMATCH($C11&"-"&$D11,OC!$DE$6:$DE$62),_xlfn.XMATCH(F$3&$I11,OC!$DJ$3:$FE$3))} -> 109 | G11: {=INDEX(OC!$DJ$6:$FE$62,_xlfn.XMATCH($C11&"-"&$D11,OC!$DE$6:$DE$62),_xlfn.XMATCH(G$3&$I11,OC!$DJ$3:$FE$3))} -> 67 | I11: =COUNTIFS($C$4:C11,C11,$D$4:D11,D11) -> 6 | L11: 100 | M11: 36 | N11: 6 | O11: =COUNTIFS($C$4:$C$75,L11,$D$4:$D$75,M11) -> 6 | P11: =N11-O11 -> 0
A12: {=INDEX(OC!$DJ$6:$FE$62,_xlfn.XMATCH($C12&"-"&$D12,OC!$DE$6:$DE$62),_xlfn.XMATCH(A$3&$I12,OC!$DJ$3:$FE$3))} -> 45658 | B12: {=INDEX(OC!$DJ$6:$FE$62,_xlfn.XMATCH($C12&"-"&$D12,OC!$DE$6:$DE$62),_xlfn.XMATCH(B$3&$I12,OC!$DJ$3:$FE$3))} -> 45688 | C12: 100 | D12: 32 | E12: =_xlfn.XLOOKUP(C12&"-"&D12,REF!$A$3:$A$47,REF!$D$3:$D$47) -> AComm\AComm LTC\MD\AMV\IL AMV\DM Apt | F12: {=INDEX(OC!$DJ$6:$FE$62,_xlfn.XMATCH($C12&"-"&$D12,OC!$DE$6:$DE$62),_xlfn.XMATCH(F$3&$I12,OC!$DJ$3:$FE$3))} -> 184 | G12: {=INDEX(OC!$DJ$6:$FE$62,_xlfn.XMATCH($C12&"-"&$D12,OC!$DE$6:$DE$62),_xlfn.XMATCH(G$3&$I12,OC!$DJ$3:$FE$3))} -> 159 | I12: =COUNTIFS($C$4:C12,C12,$D$4:D12,D12) -> 1 | L12: 100 | M12: 51 | N12: 1 | O12: =COUNTIFS($C$4:$C$75,L12,$D$4:$D$75,M12) -> 1 | P12: =N12-O12 -> 0
A13: {=INDEX(OC!$DJ$6:$FE$62,_xlfn.XMATCH($C13&"-"&$D13,OC!$DE$6:$DE$62),_xlfn.XMATCH(A$3&$I13,OC!$DJ$3:$FE$3))} -> 45689 | B13: {=INDEX(OC!$DJ$6:$FE$62,_xlfn.XMATCH($C13&"-"&$D13,OC!$DE$6:$DE$62),_xlfn.XMATCH(B$3&$I13,OC!$DJ$3:$FE$3))} -> 45716 | C13: 100 | D13: 32 | E13: =_xlfn.XLOOKUP(C13&"-"&D13,REF!$A$3:$A$47,REF!$D$3:$D$47) -> AComm\AComm LTC\MD\AMV\IL AMV\DM Apt | F13: {=INDEX(OC!$DJ$6:$FE$62,_xlfn.XMATCH($C13&"-"&$D13,OC!$DE$6:$DE$62),_xlfn.XMATCH(F$3&$I13,OC!$DJ$3:$FE$3))} -> 184 | G13: {=INDEX(OC!$DJ$6:$FE$62,_xlfn.XMATCH($C13&"-"&$D13,OC!$DE$6:$DE$62),_xlfn.XMATCH(G$3&$I13,OC!$DJ$3:$FE$3))} -> 160 | I13: =COUNTIFS($C$4:C13,C13,$D$4:D13,D13) -> 2 | L13: 100 | M13: 61 | N13: 1 | O13: =COUNTIFS($C$4:$C$75,L13,$D$4:$D$75,M13) -> 1 | P13: =N13-O13 -> 0
A14: {=INDEX(OC!$DJ$6:$FE$62,_xlfn.XMATCH($C14&"-"&$D14,OC!$DE$6:$DE$62),_xlfn.XMATCH(A$3&$I14,OC!$DJ$3:$FE$3))} -> 45717 | B14: {=INDEX(OC!$DJ$6:$FE$62,_xlfn.XMATCH($C14&"-"&$D14,OC!$DE$6:$DE$62),_xlfn.XMATCH(B$3&$I14,OC!$DJ$3:$FE$3))} -> 45747 | C14: 100 | D14: 32 | E14: =_xlfn.XLOOKUP(C14&"-"&D14,REF!$A$3:$A$47,REF!$D$3:$D$47) -> AComm\AComm LTC\MD\AMV\IL AMV\DM Apt | F14: {=INDEX(OC!$DJ$6:$FE$62,_xlfn.XMATCH($C14&"-"&$D14,OC!$DE$6:$DE$62),_xlfn.XMATCH(F$3&$I14,OC!$DJ$3:$FE$3))} -> 184 | G14: {=INDEX(OC!$DJ$6:$FE$62,_xlfn.XMATCH($C14&"-"&$D14,OC!$DE$6:$DE$62),_xlfn.XMATCH(G$3&$I14,OC!$DJ$3:$FE$3))} -> 161 | I14: =COUNTIFS($C$4:C14,C14,$D$4:D14,D14) -> 3 | L14: 100 | M14: 62 | N14: 1 | O14: =COUNTIFS($C$4:$C$75,L14,$D$4:$D$75,M14) -> 1 | P14: =N14-O14 -> 0
A15: {=INDEX(OC!$DJ$6:$FE$62,_xlfn.XMATCH($C15&"-"&$D15,OC!$DE$6:$DE$62),_xlfn.XMATCH(A$3&$I15,OC!$DJ$3:$FE$3))} -> 45748 | B15: {=INDEX(OC!$DJ$6:$FE$62,_xlfn.XMATCH($C15&"-"&$D15,OC!$DE$6:$DE$62),_xlfn.XMATCH(B$3&$I15,OC!$DJ$3:$FE$3))} -> 45777 | C15: 100 | D15: 32 | E15: =_xlfn.XLOOKUP(C15&"-"&D15,REF!$A$3:$A$47,REF!$D$3:$D$47) -> AComm\AComm LTC\MD\AMV\IL AMV\DM Apt | F15: {=INDEX(OC!$DJ$6:$FE$62,_xlfn.XMATCH($C15&"-"&$D15,OC!$DE$6:$DE$62),_xlfn.XMATCH(F$3&$I15,OC!$DJ$3:$FE$3))} -> 184 | G15: {=INDEX(OC!$DJ$6:$FE$62,_xlfn.XMATCH($C15&"-"&$D15,OC!$DE$6:$DE$62),_xlfn.XMATCH(G$3&$I15,OC!$DJ$3:$FE$3))} -> 162 | I15: =COUNTIFS($C$4:C15,C15,$D$4:D15,D15) -> 4 | L15: 200 | M15: 21 | N15: 1 | O15: =COUNTIFS($C$4:$C$75,L15,$D$4:$D$75,M15) -> 1 | P15: =N15-O15 -> 0
... A47: {=INDEX(OC!$DJ$6:$FE$62,_xlfn.XMATCH($C47&"-"&$D47,OC!$DE$6:$DE$62),_xlfn.XMATCH(A$3&$I47,OC!$DJ$3:$FE$3))} -> 45658 | B47: {=INDEX(OC!$DJ$6:$FE$62,_xlfn.XMATCH($C47&"-"&$D47,OC!$DE$6:$DE$62),_xlfn.XMATCH(B$3&$I47,OC!$DJ$3:$FE$3))} -> 46022 | C47: 324 | D47: 51 | E47: =_xlfn.XLOOKUP(C47&"-"&D47,REF!$A$3:$A$47,REF!$D$3:$D$47) -> AComm\AComm LTC\PA\SPH\AL SPH\SPH PC Apts | F47: {=INDEX(OC!$DJ$6:$FE$62,_xlfn.XMATCH($C47&"-"&$D47,OC!$DE$6:$DE$62),_xlfn.XMATCH(F$3&$I47,OC!$DJ$3:$FE$3))} -> 35 | G47: {=INDEX(OC!$DJ$6:$FE$62,_xlfn.XMATCH($C47&"-"&$D47,OC!$DE$6:$DE$62),_xlfn.XMATCH(G$3&$I47,OC!$DJ$3:$FE$3))} -> 33 | I47: =COUNTIFS($C$4:C47,C47,$D$4:D47,D47) -> 1 | L47: 840 | M47: 61 | N47: 1 | O47: =COUNTIFS($C$4:$C$75,L47,$D$4:$D$75,M47) -> 1 | P47: =N47-O47 -> 0
A48: {=INDEX(OC!$DJ$6:$FE$62,_xlfn.XMATCH($C48&"-"&$D48,OC!$DE$6:$DE$62),_xlfn.XMATCH(A$3&$I48,OC!$DJ$3:$FE$3))} -> 45658 | B48: {=INDEX(OC!$DJ$6:$FE$62,_xlfn.XMATCH($C48&"-"&$D48,OC!$DE$6:$DE$62),_xlfn.XMATCH(B$3&$I48,OC!$DJ$3:$FE$3))} -> 46022 | C48: 324 | D48: 61 | E48: =_xlfn.XLOOKUP(C48&"-"&D48,REF!$A$3:$A$47,REF!$D$3:$D$47) -> AComm\AComm LTC\PA\SPH\SNF SPH | F48: {=INDEX(OC!$DJ$6:$FE$62,_xlfn.XMATCH($C48&"-"&$D48,OC!$DE$6:$DE$62),_xlfn.XMATCH(F$3&$I48,OC!$DJ$3:$FE$3))} -> 76 | G48: {=INDEX(OC!$DJ$6:$FE$62,_xlfn.XMATCH($C48&"-"&$D48,OC!$DE$6:$DE$62),_xlfn.XMATCH(G$3&$I48,OC!$DJ$3:$FE$3))} -> 73 | I48: =COUNTIFS($C$4:C48,C48,$D$4:D48,D48) -> 1
A49: {=INDEX(OC!$DJ$6:$FE$62,_xlfn.XMATCH($C49&"-"&$D49,OC!$DE$6:$DE$62),_xlfn.XMATCH(A$3&$I49,OC!$DJ$3:$FE$3))} -> 45658 | B49: {=INDEX(OC!$DJ$6:$FE$62,_xlfn.XMATCH($C49&"-"&$D49,OC!$DE$6:$DE$62),_xlfn.XMATCH(B$3&$I49,OC!$DJ$3:$FE$3))} -> 46022 | C49: 350 | D49: 21 | E49: AComm\AComm LTC\PA\GP\IL GP\GP Cottage Units | F49: {=INDEX(OC!$DJ$6:$FE$62,_xlfn.XMATCH($C49&"-"&$D49,OC!$DE$6:$DE$62),_xlfn.XMATCH(F$3&$I49,OC!$DJ$3:$FE$3))} -> 13 | G49: {=INDEX(OC!$DJ$6:$FE$62,_xlfn.XMATCH($C49&"-"&$D49,OC!$DE$6:$DE$62),_xlfn.XMATCH(G$3&$I49,OC!$DJ$3:$FE$3))} -> 12 | I49: =COUNTIFS($C$4:C49,C49,$D$4:D49,D49) -> 1
A50: {=INDEX(OC!$DJ$6:$FE$62,_xlfn.XMATCH($C50&"-"&$D50,OC!$DE$6:$DE$62),_xlfn.XMATCH(A$3&$I50,OC!$DJ$3:$FE$3))} -> 45658 | B50: {=INDEX(OC!$DJ$6:$FE$62,_xlfn.XMATCH($C50&"-"&$D50,OC!$DE$6:$DE$62),_xlfn.XMATCH(B$3&$I50,OC!$DJ$3:$FE$3))} -> 46022 | C50: 350 | D50: 51 | E50: AComm\AComm LTC\PA\GP\AL GP\GP PC | F50: {=INDEX(OC!$DJ$6:$FE$62,_xlfn.XMATCH($C50&"-"&$D50,OC!$DE$6:$DE$62),_xlfn.XMATCH(F$3&$I50,OC!$DJ$3:$FE$3))} -> 70 | G50: {=INDEX(OC!$DJ$6:$FE$62,_xlfn.XMATCH($C50&"-"&$D50,OC!$DE$6:$DE$62),_xlfn.XMATCH(G$3&$I50,OC!$DJ$3:$FE$3))} -> 66 | I50: =COUNTIFS($C$4:C50,C50,$D$4:D50,D50) -> 1
A51: {=INDEX(OC!$DJ$6:$FE$62,_xlfn.XMATCH($C51&"-"&$D51,OC!$DE$6:$DE$62),_xlfn.XMATCH(A$3&$I51,OC!$DJ$3:$FE$3))} -> 45658 | B51: {=INDEX(OC!$DJ$6:$FE$62,_xlfn.XMATCH($C51&"-"&$D51,OC!$DE$6:$DE$62),_xlfn.XMATCH(B$3&$I51,OC!$DJ$3:$FE$3))} -> 46022 | C51: 350 | D51: 52 | E51: AComm\AComm LTC\PA\GP\AL GP\GP PC | F51: {=INDEX(OC!$DJ$6:$FE$62,_xlfn.XMATCH($C51&"-"&$D51,OC!$DE$6:$DE$62),_xlfn.XMATCH(F$3&$I51,OC!$DJ$3:$FE$3))} -> 12 | G51: {=INDEX(OC!$DJ$6:$FE$62,_xlfn.XMATCH($C51&"-"&$D51,OC!$DE$6:$DE$62),_xlfn.XMATCH(G$3&$I51,OC!$DJ$3:$FE$3))} -> 11 | I51: =COUNTIFS($C$4:C51,C51,$D$4:D51,D51) -> 1
A52: {=INDEX(OC!$DJ$6:$FE$62,_xlfn.XMATCH($C52&"-"&$D52,OC!$DE$6:$DE$62),_xlfn.XMATCH(A$3&$I52,OC!$DJ$3:$FE$3))} -> 45658 | B52: {=INDEX(OC!$DJ$6:$FE$62,_xlfn.XMATCH($C52&"-"&$D52,OC!$DE$6:$DE$62),_xlfn.XMATCH(B$3&$I52,OC!$DJ$3:$FE$3))} -> 45688 | C52: 360 | D52: 51 | E52: AComm\AComm LTC\DE\IG\AL IG\IG AL | F52: {=INDEX(OC!$DJ$6:$FE$62,_xlfn.XMATCH($C52&"-"&$D52,OC!$DE$6:$DE$62),_xlfn.XMATCH(F$3&$I52,OC!$DJ$3:$FE$3))} -> 43 | G52: {=INDEX(OC!$DJ$6:$FE$62,_xlfn.XMATCH($C52&"-"&$D52,OC!$DE$6:$DE$62),_xlfn.XMATCH(G$3&$I52,OC!$DJ$3:$FE$3))} -> 34 | I52: =COUNTIFS($C$4:C52,C52,$D$4:D52,D52) -> 1
A53: {=INDEX(OC!$DJ$6:$FE$62,_xlfn.XMATCH($C53&"-"&$D53,OC!$DE$6:$DE$62),_xlfn.XMATCH(A$3&$I53,OC!$DJ$3:$FE$3))} -> 45689 | B53: {=INDEX(OC!$DJ$6:$FE$62,_xlfn.XMATCH($C53&"-"&$D53,OC!$DE$6:$DE$62),_xlfn.XMATCH(B$3&$I53,OC!$DJ$3:$FE$3))} -> 45716 | C53: 360 | D53: 51 | E53: AComm\AComm LTC\DE\IG\AL IG\IG AL | F53: {=INDEX(OC!$DJ$6:$FE$62,_xlfn.XMATCH($C53&"-"&$D53,OC!$DE$6:$DE$62),_xlfn.XMATCH(F$3&$I53,OC!$DJ$3:$FE$3))} -> 43 | G53: {=INDEX(OC!$DJ$6:$FE$62,_xlfn.XMATCH($C53&"-"&$D53,OC!$DE$6:$DE$62),_xlfn.XMATCH(G$3&$I53,OC!$DJ$3:$FE$3))} -> 35 | I53: =COUNTIFS($C$4:C53,C53,$D$4:D53,D53) -> 2
A54: {=INDEX(OC!$DJ$6:$FE$62,_xlfn.XMATCH($C54&"-"&$D54,OC!$DE$6:$DE$62),_xlfn.XMATCH(A$3&$I54,OC!$DJ$3:$FE$3))} -> 45717 | B54: {=INDEX(OC!$DJ$6:$FE$62,_xlfn.XMATCH($C54&"-"&$D54,OC!$DE$6:$DE$62),_xlfn.XMATCH(B$3&$I54,OC!$DJ$3:$FE$3))} -> 45747 | C54: 360 | D54: 51 | E54: AComm\AComm LTC\DE\IG\AL IG\IG AL | F54: {=INDEX(OC!$DJ$6:$FE$62,_xlfn.XMATCH($C54&"-"&$D54,OC!$DE$6:$DE$62),_xlfn.XMATCH(F$3&$I54,OC!$DJ$3:$FE$3))} -> 43 | G54: {=INDEX(OC!$DJ$6:$FE$62,_xlfn.XMATCH($C54&"-"&$D54,OC!$DE$6:$DE$62),_xlfn.XMATCH(G$3&$I54,OC!$DJ$3:$FE$3))} -> 36 | I54: =COUNTIFS($C$4:C54,C54,$D$4:D54,D54) -> 3
A55: {=INDEX(OC!$DJ$6:$FE$62,_xlfn.XMATCH($C55&"-"&$D55,OC!$DE$6:$DE$62),_xlfn.XMATCH(A$3&$I55,OC!$DJ$3:$FE$3))} -> 45748 | B55: {=INDEX(OC!$DJ$6:$FE$62,_xlfn.XMATCH($C55&"-"&$D55,OC!$DE$6:$DE$62),_xlfn.XMATCH(B$3&$I55,OC!$DJ$3:$FE$3))} -> 46022 | C55: 360 | D55: 51 | E55: AComm\AComm LTC\DE\IG\AL IG\IG AL | F55: {=INDEX(OC!$DJ$6:$FE$62,_xlfn.XMATCH($C55&"-"&$D55,OC!$DE$6:$DE$62),_xlfn.XMATCH(F$3&$I55,OC!$DJ$3:$FE$3))} -> 43 | G55: {=INDEX(OC!$DJ$6:$FE$62,_xlfn.XMATCH($C55&"-"&$D55,OC!$DE$6:$DE$62),_xlfn.XMATCH(G$3&$I55,OC!$DJ$3:$FE$3))} -> 37 | I55: =COUNTIFS($C$4:C55,C55,$D$4:D55,D55) -> 4
A56: {=INDEX(OC!$DJ$6:$FE$62,_xlfn.XMATCH($C56&"-"&$D56,OC!$DE$6:$DE$62),_xlfn.XMATCH(A$3&$I56,OC!$DJ$3:$FE$3))} -> 45658 | B56: {=INDEX(OC!$DJ$6:$FE$62,_xlfn.XMATCH($C56&"-"&$D56,OC!$DE$6:$DE$62),_xlfn.XMATCH(B$3&$I56,OC!$DJ$3:$FE$3))} -> 46022 | C56: 360 | D56: 52 | E56: AComm\AComm LTC\DE\IG\AL IG\IG AL | F56: {=INDEX(OC!$DJ$6:$FE$62,_xlfn.XMATCH($C56&"-"&$D56,OC!$DE$6:$DE$62),_xlfn.XMATCH(F$3&$I56,OC!$DJ$3:$FE$3))} -> 9 | G56: {=INDEX(OC!$DJ$6:$FE$62,_xlfn.XMATCH($C56&"-"&$D56,OC!$DE$6:$DE$62),_xlfn.XMATCH(G$3&$I56,OC!$DJ$3:$FE$3))} -> 8 | I56: =COUNTIFS($C$4:C56,C56,$D$4:D56,D56) -> 1
A57: {=INDEX(OC!$DJ$6:$FE$62,_xlfn.XMATCH($C57&"-"&$D57,OC!$DE$6:$DE$62),_xlfn.XMATCH(A$3&$I57,OC!$DJ$3:$FE$3))} -> 45658 | B57: {=INDEX(OC!$DJ$6:$FE$62,_xlfn.XMATCH($C57&"-"&$D57,OC!$DE$6:$DE$62),_xlfn.XMATCH(B$3&$I57,OC!$DJ$3:$FE$3))} -> 46022 | C57: 810 | D57: 21 | E57: =_xlfn.XLOOKUP(C57&"-"&D57,REF!$A$3:$A$47,REF!$D$3:$D$47) -> AComm\AComm LTC\PA\BV\IL BV\Cottage East | F57: {=INDEX(OC!$DJ$6:$FE$62,_xlfn.XMATCH($C57&"-"&$D57,OC!$DE$6:$DE$62),_xlfn.XMATCH(F$3&$I57,OC!$DJ$3:$FE$3))} -> 95 | G57: {=INDEX(OC!$DJ$6:$FE$62,_xlfn.XMATCH($C57&"-"&$D57,OC!$DE$6:$DE$62),_xlfn.XMATCH(G$3&$I57,OC!$DJ$3:$FE$3))} -> 93 | I57: =COUNTIFS($C$4:C57,C57,$D$4:D57,D57) -> 1
A58: {=INDEX(OC!$DJ$6:$FE$62,_xlfn.XMATCH($C58&"-"&$D58,OC!$DE$6:$DE$62),_xlfn.XMATCH(A$3&$I58,OC!$DJ$3:$FE$3))} -> 45658 | B58: {=INDEX(OC!$DJ$6:$FE$62,_xlfn.XMATCH($C58&"-"&$D58,OC!$DE$6:$DE$62),_xlfn.XMATCH(B$3&$I58,OC!$DJ$3:$FE$3))} -> 46022 | C58: 810 | D58: 22 | E58: =_xlfn.XLOOKUP(C58&"-"&D58,REF!$A$3:$A$47,REF!$D$3:$D$47) -> AComm\AComm LTC\PA\BV\IL BV\Cottage West | F58: {=INDEX(OC!$DJ$6:$FE$62,_xlfn.XMATCH($C58&"-"&$D58,OC!$DE$6:$DE$62),_xlfn.XMATCH(F$3&$I58,OC!$DJ$3:$FE$3))} -> 47 | G58: {=INDEX(OC!$DJ$6:$FE$62,_xlfn.XMATCH($C58&"-"&$D58,OC!$DE$6:$DE$62),_xlfn.XMATCH(G$3&$I58,OC!$DJ$3:$FE$3))} -> 46 | I58: =COUNTIFS($C$4:C58,C58,$D$4:D58,D58) -> 1
A59: {=INDEX(OC!$DJ$6:$FE$62,_xlfn.XMATCH($C59&"-"&$D59,OC!$DE$6:$DE$62),_xlfn.XMATCH(A$3&$I59,OC!$DJ$3:$FE$3))} -> 45658 | B59: {=INDEX(OC!$DJ$6:$FE$62,_xlfn.XMATCH($C59&"-"&$D59,OC!$DE$6:$DE$62),_xlfn.XMATCH(B$3&$I59,OC!$DJ$3:$FE$3))} -> 46022 | C59: 810 | D59: 31 | E59: =_xlfn.XLOOKUP(C59&"-"&D59,REF!$A$3:$A$47,REF!$D$3:$D$47) -> AComm\AComm LTC\PA\BV\IL BV\Center Apartments | F59: {=INDEX(OC!$DJ$6:$FE$62,_xlfn.XMATCH($C59&"-"&$D59,OC!$DE$6:$DE$62),_xlfn.XMATCH(F$3&$I59,OC!$DJ$3:$FE$3))} -> 17 | G59: {=INDEX(OC!$DJ$6:$FE$62,_xlfn.XMATCH($C59&"-"&$D59,OC!$DE$6:$DE$62),_xlfn.XMATCH(G$3&$I59,OC!$DJ$3:$FE$3))} -> 16 | I59: =COUNTIFS($C$4:C59,C59,$D$4:D59,D59) -> 1
A60: {=INDEX(OC!$DJ$6:$FE$62,_xlfn.XMATCH($C60&"-"&$D60,OC!$DE$6:$DE$62),_xlfn.XMATCH(A$3&$I60,OC!$DJ$3:$FE$3))} -> 45658 | B60: {=INDEX(OC!$DJ$6:$FE$62,_xlfn.XMATCH($C60&"-"&$D60,OC!$DE$6:$DE$62),_xlfn.XMATCH(B$3&$I60,OC!$DJ$3:$FE$3))} -> 46022 | C60: 810 | D60: 32 | E60: =_xlfn.XLOOKUP(C60&"-"&D60,REF!$A$3:$A$47,REF!$D$3:$D$47) -> AComm\AComm LTC\PA\BV\IL BV\Court Apartments | F60: {=INDEX(OC!$DJ$6:$FE$62,_xlfn.XMATCH($C60&"-"&$D60,OC!$DE$6:$DE$62),_xlfn.XMATCH(F$3&$I60,OC!$DJ$3:$FE$3))} -> 94 | G60: {=INDEX(OC!$DJ$6:$FE$62,_xlfn.XMATCH($C60&"-"&$D60,OC!$DE$6:$DE$62),_xlfn.XMATCH(G$3&$I60,OC!$DJ$3:$FE$3))} -> 85.5 | I60: =COUNTIFS($C$4:C60,C60,$D$4:D60,D60) -> 1
A61: {=INDEX(OC!$DJ$6:$FE$62,_xlfn.XMATCH($C61&"-"&$D61,OC!$DE$6:$DE$62),_xlfn.XMATCH(A$3&$I61,OC!$DJ$3:$FE$3))} -> 45658 | B61: {=INDEX(OC!$DJ$6:$FE$62,_xlfn.XMATCH($C61&"-"&$D61,OC!$DE$6:$DE$62),_xlfn.XMATCH(B$3&$I61,OC!$DJ$3:$FE$3))} -> 46022 | C61: 810 | D61: 33 | E61: =_xlfn.XLOOKUP(C61&"-"&D61,REF!$A$3:$A$47,REF!$D$3:$D$47) -> AComm\AComm LTC\PA\BV\IL BV\West Apartments | F61: {=INDEX(OC!$DJ$6:$FE$62,_xlfn.XMATCH($C61&"-"&$D61,OC!$DE$6:$DE$62),_xlfn.XMATCH(F$3&$I61,OC!$DJ$3:$FE$3))} -> 138 | G61: {=INDEX(OC!$DJ$6:$FE$62,_xlfn.XMATCH($C61&"-"&$D61,OC!$DE$6:$DE$62),_xlfn.XMATCH(G$3&$I61,OC!$DJ$3:$FE$3))} -> 132 | I61: =COUNTIFS($C$4:C61,C61,$D$4:D61,D61) -> 1
A62: {=INDEX(OC!$DJ$6:$FE$62,_xlfn.XMATCH($C62&"-"&$D62,OC!$DE$6:$DE$62),_xlfn.XMATCH(A$3&$I62,OC!$DJ$3:$FE$3))} -> 45658 | B62: {=INDEX(OC!$DJ$6:$FE$62,_xlfn.XMATCH($C62&"-"&$D62,OC!$DE$6:$DE$62),_xlfn.XMATCH(B$3&$I62,OC!$DJ$3:$FE$3))} -> 46022 | C62: 810 | D62: 51 | E62: =_xlfn.XLOOKUP(C62&"-"&D62,REF!$A$3:$A$47,REF!$D$3:$D$47) -> AComm\AComm LTC\PA\BV\AL BV\Maplewood | F62: {=INDEX(OC!$DJ$6:$FE$62,_xlfn.XMATCH($C62&"-"&$D62,OC!$DE$6:$DE$62),_xlfn.XMATCH(F$3&$I62,OC!$DJ$3:$FE$3))} -> 100 | G62: {=INDEX(OC!$DJ$6:$FE$62,_xlfn.XMATCH($C62&"-"&$D62,OC!$DE$6:$DE$62),_xlfn.XMATCH(G$3&$I62,OC!$DJ$3:$FE$3))} -> 96.5 | I62: =COUNTIFS($C$4:C62,C62,$D$4:D62,D62) -> 1
A63: {=INDEX(OC!$DJ$6:$FE$62,_xlfn.XMATCH($C63&"-"&$D63,OC!$DE$6:$DE$62),_xlfn.XMATCH(A$3&$I63,OC!$DJ$3:$FE$3))} -> 45658 | B63: {=INDEX(OC!$DJ$6:$FE$62,_xlfn.XMATCH($C63&"-"&$D63,OC!$DE$6:$DE$62),_xlfn.XMATCH(B$3&$I63,OC!$DJ$3:$FE$3))} -> 46022 | C63: 810 | D63: 61 | E63: =_xlfn.XLOOKUP(C63&"-"&D63,REF!$A$3:$A$47,REF!$D$3:$D$47) -> AComm\AComm LTC\PA\BV\SNF BV | F63: {=INDEX(OC!$DJ$6:$FE$62,_xlfn.XMATCH($C63&"-"&$D63,OC!$DE$6:$DE$62),_xlfn.XMATCH(F$3&$I63,OC!$DJ$3:$FE$3))} -> 69 | G63: {=INDEX(OC!$DJ$6:$FE$62,_xlfn.XMATCH($C63&"-"&$D63,OC!$DE$6:$DE$62),_xlfn.XMATCH(G$3&$I63,OC!$DJ$3:$FE$3))} -> 66 | I63: =COUNTIFS($C$4:C63,C63,$D$4:D63,D63) -> 1
A64: {=INDEX(OC!$DJ$6:$FE$62,_xlfn.XMATCH($C64&"-"&$D64,OC!$DE$6:$DE$62),_xlfn.XMATCH(A$3&$I64,OC!$DJ$3:$FE$3))} -> 45658 | B64: {=INDEX(OC!$DJ$6:$FE$62,_xlfn.XMATCH($C64&"-"&$D64,OC!$DE$6:$DE$62),_xlfn.XMATCH(B$3&$I64,OC!$DJ$3:$FE$3))} -> 46022 | C64: 925 | D64: 21 | E64: =_xlfn.XLOOKUP(C64&"-"&D64,REF!$A$3:$A$47,REF!$D$3:$D$47) -> AComm\TAG Services\PA\CE\IL CE\Cottage Units | F64: {=INDEX(OC!$DJ$6:$FE$62,_xlfn.XMATCH($C64&"-"&$D64,OC!$DE$6:$DE$62),_xlfn.XMATCH(F$3&$I64,OC!$DJ$3:$FE$3))} -> 31 | G64: {=INDEX(OC!$DJ$6:$FE$62,_xlfn.XMATCH($C64&"-"&$D64,OC!$DE$6:$DE$62),_xlfn.XMATCH(G$3&$I64,OC!$DJ$3:$FE$3))} -> 30 | I64: =COUNTIFS($C$4:C64,C64,$D$4:D64,D64) -> 1
A65: {=INDEX(OC!$DJ$6:$FE$62,_xlfn.XMATCH($C65&"-"&$D65,OC!$DE$6:$DE$62),_xlfn.XMATCH(A$3&$I65,OC!$DJ$3:$FE$3))} -> 45658 | B65: {=INDEX(OC!$DJ$6:$FE$62,_xlfn.XMATCH($C65&"-"&$D65,OC!$DE$6:$DE$62),_xlfn.XMATCH(B$3&$I65,OC!$DJ$3:$FE$3))} -> 46022 | C65: 925 | D65: 31 | E65: =_xlfn.XLOOKUP(C65&"-"&D65,REF!$A$3:$A$47,REF!$D$3:$D$47) -> AComm\TAG Services\PA\CE\IL CE\Garden Units | F65: {=INDEX(OC!$DJ$6:$FE$62,_xlfn.XMATCH($C65&"-"&$D65,OC!$DE$6:$DE$62),_xlfn.XMATCH(F$3&$I65,OC!$DJ$3:$FE$3))} -> 36 | G65: {=INDEX(OC!$DJ$6:$FE$62,_xlfn.XMATCH($C65&"-"&$D65,OC!$DE$6:$DE$62),_xlfn.XMATCH(G$3&$I65,OC!$DJ$3:$FE$3))} -> 35 | I65: =COUNTIFS($C$4:C65,C65,$D$4:D65,D65) -> 1
A66: {=INDEX(OC!$DJ$6:$FE$62,_xlfn.XMATCH($C66&"-"&$D66,OC!$DE$6:$DE$62),_xlfn.XMATCH(A$3&$I66,OC!$DJ$3:$FE$3))} -> 45658 | B66: {=INDEX(OC!$DJ$6:$FE$62,_xlfn.XMATCH($C66&"-"&$D66,OC!$DE$6:$DE$62),_xlfn.XMATCH(B$3&$I66,OC!$DJ$3:$FE$3))} -> 46022 | C66: 925 | D66: 51 | E66: =_xlfn.XLOOKUP(C66&"-"&D66,REF!$A$3:$A$47,REF!$D$3:$D$47) -> AComm\TAG Services\PA\CE\AL CE\CE PC Units | F66: {=INDEX(OC!$DJ$6:$FE$62,_xlfn.XMATCH($C66&"-"&$D66,OC!$DE$6:$DE$62),_xlfn.XMATCH(F$3&$I66,OC!$DJ$3:$FE$3))} -> 39 | G66: {=INDEX(OC!$DJ$6:$FE$62,_xlfn.XMATCH($C66&"-"&$D66,OC!$DE$6:$DE$62),_xlfn.XMATCH(G$3&$I66,OC!$DJ$3:$FE$3))} -> 37 | I66: =COUNTIFS($C$4:C66,C66,$D$4:D66,D66) -> 1
A67: {=INDEX(OC!$DJ$6:$FE$62,_xlfn.XMATCH($C67&"-"&$D67,OC!$DE$6:$DE$62),_xlfn.XMATCH(A$3&$I67,OC!$DJ$3:$FE$3))} -> 45658 | B67: {=INDEX(OC!$DJ$6:$FE$62,_xlfn.XMATCH($C67&"-"&$D67,OC!$DE$6:$DE$62),_xlfn.XMATCH(B$3&$I67,OC!$DJ$3:$FE$3))} -> 46022 | C67: 835 | D67: 21 | E67: =_xlfn.XLOOKUP(C67&"-"&D67,REF!$A$3:$A$47,REF!$D$3:$D$47) -> AComm\AComm LTC\PA\RW\IL RW\GC | F67: {=INDEX(OC!$DJ$6:$FE$62,_xlfn.XMATCH($C67&"-"&$D67,OC!$DE$6:$DE$62),_xlfn.XMATCH(F$3&$I67,OC!$DJ$3:$FE$3))} -> 51 | G67: {=INDEX(OC!$DJ$6:$FE$62,_xlfn.XMATCH($C67&"-"&$D67,OC!$DE$6:$DE$62),_xlfn.XMATCH(G$3&$I67,OC!$DJ$3:$FE$3))} -> 48 | I67: =COUNTIFS($C$4:C67,C67,$D$4:D67,D67) -> 1
A68: {=INDEX(OC!$DJ$6:$FE$62,_xlfn.XMATCH($C68&"-"&$D68,OC!$DE$6:$DE$62),_xlfn.XMATCH(A$3&$I68,OC!$DJ$3:$FE$3))} -> 45658 | B68: {=INDEX(OC!$DJ$6:$FE$62,_xlfn.XMATCH($C68&"-"&$D68,OC!$DE$6:$DE$62),_xlfn.XMATCH(B$3&$I68,OC!$DJ$3:$FE$3))} -> 46022 | C68: 835 | D68: 31 | E68: =_xlfn.XLOOKUP(C68&"-"&D68,REF!$A$3:$A$47,REF!$D$3:$D$47) -> AComm\AComm LTC\PA\RW\IL RW\RC APT | F68: {=INDEX(OC!$DJ$6:$FE$62,_xlfn.XMATCH($C68&"-"&$D68,OC!$DE$6:$DE$62),_xlfn.XMATCH(F$3&$I68,OC!$DJ$3:$FE$3))} -> 78 | G68: {=INDEX(OC!$DJ$6:$FE$62,_xlfn.XMATCH($C68&"-"&$D68,OC!$DE$6:$DE$62),_xlfn.XMATCH(G$3&$I68,OC!$DJ$3:$FE$3))} -> 72 | I68: =COUNTIFS($C$4:C68,C68,$D$4:D68,D68) -> 1
... A75: {=INDEX(OC!$DJ$6:$FE$62,_xlfn.XMATCH($C75&"-"&$D75,OC!$DE$6:$DE$62),_xlfn.XMATCH(A$3&$I75,OC!$DJ$3:$FE$3))} -> 45658 | B75: {=INDEX(OC!$DJ$6:$FE$62,_xlfn.XMATCH($C75&"-"&$D75,OC!$DE$6:$DE$62),_xlfn.XMATCH(B$3&$I75,OC!$DJ$3:$FE$3))} -> 46022 | C75: 840 | D75: 61 | E75: =_xlfn.XLOOKUP(C75&"-"&D75,REF!$A$3:$A$47,REF!$D$3:$D$47) -> Skilled Nursing Facility | F75: {=INDEX(OC!$DJ$6:$FE$62,_xlfn.XMATCH($C75&"-"&$D75,OC!$DE$6:$DE$62),_xlfn.XMATCH(F$3&$I75,OC!$DJ$3:$FE$3))} -> 64 | G75: {=INDEX(OC!$DJ$6:$FE$62,_xlfn.XMATCH($C75&"-"&$D75,OC!$DE$6:$DE$62),_xlfn.XMATCH(G$3&$I75,OC!$DJ$3:$FE$3))} -> 61 | I75: =COUNTIFS($C$4:C75,C75,$D$4:D75,D75) -> 1

Sheet OC
B1: Office Connect Data | C1: Office Connect Data | F1: Office Connect Data | I1: Office Connect Data | L1: Office Connect Data | P1: Office Connect Data | S1: Office Connect Data | V1: Office Connect Data | Y1: Office Connect Data | AC1: Processing | AF1: Processing | AI1: Processing | AL1: Processing | AP1: Processing | AS1: Processing | AV1: Processing | AY1: Processing | BC1: Processing | BF1: Processing | BI1: Processing | BL1: Processing | BP1: Processing | BS1: Processing | BV1: Processing | BY1: Processing | CC1: Processing | CF1: Processing | CI1: Processing | CL1: Processing | CP1: Processing | CS1: Processing | CV1: Processing | CY1: Processing | DC1: Processing | DG1: Processing | DJ1: Processing | DN1: Processing | DR1: Processing | DV1: Processing | DZ1: Processing | ED1: Processing | EH1: Processing | EL1: Processing | EP1: Processing | ET1: Processing | EX1: Processing | FB1: Processing
AC2: f(x) | AD2: f(x) | AE2: f(x) | AF2: f(x) | AG2: f(x) | AH2: f(x) | AI2: f(x) | AJ2: f(x) | AK2: f(x) | AL2: f(x) | AM2: f(x) | AN2: f(x) | AP2: f(x) | AQ2: f(x) | AR2: f(x) | AS2: f(x) | AT2: f(x) | AU2: f(x) | AV2: f(x) | AW2: f(x) | AX2: f(x) | AY2: f(x) | AZ2: f(x) | BA2: f(x) | BC2: f(x) | BD2: f(x) | BE2: f(x) | BF2: f(x) | BG2: f(x) | BH2: f(x) | BI2: f(x) | BJ2: f(x) | BK2: f(x) | BL2: f(x) | BM2: f(x) | BN2: f(x) | BP2: f(x) | BQ2: f(x) | BR2: f(x) | BS2: f(x) | BT2: f(x) | BU2: f(x) | BV2: f(x) | BW2: f(x) | BX2: f(x) | BY2: f(x) | BZ2: f(x) | CA2: f(x) | CC2: f(x) | CD2: f(x) | CE2: f(x) | CF2: f(x) | CG2: f(x) | CH2: f(x) | CI2: f(x) | CJ2: f(x) | CK2: f(x) | CL2: f(x) | CM2: f(x) | CN2: f(x) | CP2: f(x) | CQ2: f(x) | CR2: f(x) | CS2: f(x) | CT2: f(x) | CU2: f(x) | CV2: f(x) | CW2: f(x) | CX2: f(x) | CY2: f(x) | CZ2: f(x) | DA2: f(x) | DC2: f(x) | DD2: f(x) | DG2: f(x) | DH2: f(x) | DJ2: f(x) | DK2: f(x) | DL2: f(x) | DM2: f(x) | DN2: f(x) | DO2: f(x) | DP2: f(x) | DQ2: f(x) | DR2: f(x) | DS2: f(x) | DT2: f(x) | DU2: f(x) | DV2: f(x) | DW2: f(x) | DX2: f(x) | DY2: f(x) | DZ2: f(x) | EA2: f(x) | EB2: f(x) | EC2: f(x) | ED2: f(x) | EE2: f(x) | EF2: f(x) | EG2: f(x) | EH2: f(x) | EI2: f(x) | EJ2: f(x) | EK2: f(x) | EL2: f(x) | EM2: f(x) | EN2: f(x) | EO2: f(x) | EP2: f(x) | EQ2: f(x) | ER2: f(x) | ES2: f(x) | ET2: f(x) | EU2: f(x) | EV2: f(x) | EW2: f(x) | EX2: f(x) | EY2: f(x) | EZ2: f(x) | FA2: f(x) | FB2: f(x) | FC2: f(x) | FD2: f(x) | FE2: f(x)
C3: Budget 2025 | D3: Budget 2025 | E3: Budget 2025 | F3: Budget 2025 | G3: Budget 2025 | H3: Budget 2025 | I3: Budget 2025 | J3: Budget 2025 | K3: Budget 2025 | L3: Budget 2025 | M3: Budget 2025 | N3: Budget 2025 | P3: Budget 2025 | Q3: Budget 2025 | R3: Budget 2025 | S3: Budget 2025 | T3: Budget 2025 | U3: Budget 2025 | V3: Budget 2025 | W3: Budget 2025 | X3: Budget 2025 | Y3: Budget 2025 | Z3: Budget 2025 | AA3: Budget 2025 | BC3: Calcs based on Census, checked no change in monthly units | BP3: Calcs based on Census, checked no change in monthly units | DJ3: =DJ4&DJ5 -> StartDate1 | DK3: =DK4&DK5 -> EndDate1 | DL3: =DL4&DL5 -> BudgetAvailablePerDay1 | DM3: =DM4&DM5 -> BudgetResidentDaysPerDay1 | DN3: =DN4&DN5 -> StartDate2 | DO3: =DO4&DO5 -> EndDate2 | DP3: =DP4&DP5 -> BudgetAvailablePerDay2 | DQ3: =DQ4&DQ5 -> BudgetResidentDaysPerDay2 | ... FE3: =FE4&FE5 -> BudgetResidentDaysPerDay12
C4: Maximum Resident Days | D4: Maximum Resident Days | E4: Maximum Resident Days | F4: Maximum Resident Days | G4: Maximum Resident Days | H4: Maximum Resident Days | I4: Maximum Resident Days | J4: Maximum Resident Days | K4: Maximum Resident Days | L4: Maximum Resident Days | M4: Maximum Resident Days | N4: Maximum Resident Days | P4: Forecasted Resident Days | Q4: Forecasted Resident Days | R4: Forecasted Resident Days | S4: Forecasted Resident Days | T4: Forecasted Resident Days | U4: Forecasted Resident Days | V4: Forecasted Resident Days | W4: Forecasted Resident Days | X4: Forecasted Resident Days | Y4: Forecasted Resident Days | Z4: Forecasted Resident Days | AA4: Forecasted Resident Days | AC4: Units | AD4: Units | AE4: Units | AF4: Units | AG4: Units | AH4: Units | AI4: Units | AJ4: Units | AK4: Units | AL4: Units | AM4: Units | AN4: Units | AP4: Census | AQ4: Census | AR4: Census | AS4: Census | AT4: Census | AU4: Census | AV4: Census | AW4: Census | AX4: Census | AY4: Census | AZ4: Census | BA4: Census | BC4: Census -Start Date | BD4: Census -Start Date | BE4: Census -Start Date | BF4: Census -Start Date | BG4: Census -Start Date | BH4: Census -Start Date | BI4: Census -Start Date | BJ4: Census -Start Date | BK4: Census -Start Date | BL4: Census -Start Date | BM4: Census -Start Date | BN4: Census -Start Date | BP4: Census - End Date | BQ4: Census - End Date | BR4: Census - End Date | BS4: Census - End Date | BT4: Census - End Date | BU4: Census - End Date | BV4: Census - End Date | BW4: Census - End Date | BX4: Census - End Date | BY4: Census - End Date | BZ4: Census - End Date | CA4: Census - End Date | CC4: Start REF | CD4: Start REF | CE4: Start REF | CF4: Start REF | CG4: Start REF | CH4: Start REF | CI4: Start REF | CJ4: Start REF | CK4: Start REF | CL4: Start REF | CM4: Start REF | CN4: Start REF | CP4: End REF | CQ4: End REF | CR4: End REF | CS4: End REF | CT4: End REF | CU4: End REF | CV4: End REF | CW4: End REF | CX4: End REF | CY4: End REF | CZ4: End REF | DA4: End REF | DG4: Start Date Row Counts | DH4: End Date Row Counts | DJ4: StartDate | DK4: EndDate | DL4: BudgetAvailablePerDay | DM4: BudgetResidentDaysPerDay | DN4: StartDate | DO4: EndDate | DP4: BudgetAvailablePerDay | DQ4: BudgetResidentDaysPerDay | DR4: StartDate | DS4: EndDate | DT4: BudgetAvailablePerDay | DU4: BudgetResidentDaysPerDay | DV4: StartDate | DW4: EndDate | DX4: BudgetAvailablePerDay | DY4: BudgetResidentDaysPerDay | DZ4: StartDate | EA4: EndDate | EB4: BudgetAvailablePerDay | EC4: BudgetResidentDaysPerDay | ED4: StartDate | EE4: EndDate | EF4: BudgetAvailablePerDay | EG4: BudgetResidentDaysPerDay | EH4: StartDate | EI4: EndDate | EJ4: BudgetAvailablePerDay | EK4: BudgetResidentDaysPerDay | EL4: StartDate | EM4: EndDate | EN4: BudgetAvailablePerDay | EO4: BudgetResidentDaysPerDay | EP4: StartDate | EQ4: EndDate | ER4: BudgetAvailablePerDay | ES4: BudgetResidentDaysPerDay | ET4: StartDate | EU4: EndDate | EV4: BudgetAvailablePerDay | EW4: BudgetResidentDaysPerDay | EX4: StartDate | EY4: EndDate | EZ4: BudgetAvailablePerDay | FA4: BudgetResidentDaysPerDay | FB4: StartDate | FC4: EndDate | FD4: BudgetAvailablePerDay | FE4: BudgetResidentDaysPerDay
C5: Jan-2025 | D5: Feb-2025 | E5: Mar-2025 | F5: Apr-2025 | G5: May-2025 | H5: Jun-2025 | I5: Jul-2025 | J5: Aug-2025 | K5: Sep-2025 | L5: Oct-2025 | M5: Nov-2025 | N5: Dec-2025 | P5: Jan-2025 | Q5: Feb-2025 | R5: Mar-2025 | S5: Apr-2025 | T5: May-2025 | U5: Jun-2025 | V5: Jul-2025 | W5: Aug-2025 | X5: Sep-2025 | Y5: Oct-2025 | Z5: Nov-2025 | AA5: Dec-2025 | AC5: =C5 -> Jan-2025 | AD5: =D5 -> Feb-2025 | AE5: =E5 -> Mar-2025 | AF5: =F5 -> Apr-2025 | AG5: =G5 -> May-2025 | AH5: =H5 -> Jun-2025 | AI5: =I5 -> Jul-2025 | AJ5: =J5 -> Aug-2025 | ... AN5: =N5 -> Dec-2025 | AP5: =P5 -> Jan-2025 | AQ5: =Q5 -> Feb-2025 | AR5: =R5 -> Mar-2025 | AS5: =S5 -> Apr-2025 | AT5: =T5 -> May-2025 | AU5: =U5 -> Jun-2025 | AV5: =V5 -> Jul-2025 | AW5: =W5 -> Aug-2025 | ... BA5: =AA5 -> Dec-2025 | BC5: =AC5 -> Jan-2025 | BD5: =AD5 -> Feb-2025 | BE5: =AE5 -> Mar-2025 | BF5: =AF5 -> Apr-2025 | BG5: =AG5 -> May-2025 | BH5: =AH5 -> Jun-2025 | BI5: =AI5 -> Jul-2025 | BJ5: =AJ5 -> Aug-2025 | ... BN5: =AN5 -> Dec-2025 | BP5: =AP5 -> Jan-2025 | BQ5: =AQ5 -> Feb-2025 | BR5: =AR5 -> Mar-2025 | BS5: =AS5 -> Apr-2025 | BT5: =AT5 -> May-2025 | BU5: =AU5 -> Jun-2025 | BV5: =AV5 -> Jul-2025 | BW5: =AW5 -> Aug-2025 | ... CA5: =BA5 -> Dec-2025 | CC5: =BC5 -> Jan-2025 | CD5: =BD5 -> Feb-2025 | CE5: =BE5 -> Mar-2025 | CF5: =BF5 -> Apr-2025 | CG5: =BG5 -> May-2025 | CH5: =BH5 -> Jun-2025 | CI5: =BI5 -> Jul-2025 | CJ5: =BJ5 -> Aug-2025 | ... CN5: =BN5 -> Dec-2025 | CP5: =BP5 -> Jan-2025 | CQ5: =BQ5 -> Feb-2025 | CR5: =BR5 -> Mar-2025 | CS5: =BS5 -> Apr-2025 | CT5: =BT5 -> May-2025 | CU5: =BU5 -> Jun-2025 | CV5: =BV5 -> Jul-2025 | CW5: =BW5 -> Aug-2025 | ... DA5: =CA5 -> Dec-2025 | DC5: Ent | DD5: Fac | DE5: Ent-Fac | DJ5: 1 | DK5: 1 | DL5: 1 | DM5: 1 | DN5: =DJ5+1 -> 2 | DO5: =DK5+1 -> 2 | DP5: =DL5+1 -> 2 | DQ5: =DM5+1 -> 2 | DR5: =DN5+1 -> 3 | DS5: =DO5+1 -> 3 | DT5: =DP5+1 -> 3 | DU5: =DQ5+1 -> 3 | ... FE5: =FA5+1 -> 12
B6: 100-21 Villas/Cottages | C6: 2263 | D6: 2044 | E6: 2263 | F6: 2190 | G6: 2263 | H6: 2190 | I6: 2263 | J6: 2263 | K6: 2190 | L6: 2263 | M6: 2190 | N6: 2263 | P6: 2185.5 | Q6: 1974 | R6: 2185.5 | S6: 2115 | T6: 2185.5 | U6: 2115 | V6: 2185.5 | W6: 2185.5 | X6: 2115 | Y6: 2185.5 | Z6: 2115 | AA6: 2185.5 | AC6: =C6/_xlfn.XLOOKUP(AC$5,'OC-Days'!$G:$G,'OC-Days'!$B:$B) -> 73 | AD6: =D6/_xlfn.XLOOKUP(AD$5,'OC-Days'!$G:$G,'OC-Days'!$B:$B) -> 73 | AE6: =E6/_xlfn.XLOOKUP(AE$5,'OC-Days'!$G:$G,'OC-Days'!$B:$B) -> 73 | AF6: =F6/_xlfn.XLOOKUP(AF$5,'OC-Days'!$G:$G,'OC-Days'!$B:$B) -> 73 | AG6: =G6/_xlfn.XLOOKUP(AG$5,'OC-Days'!$G:$G,'OC-Days'!$B:$B) -> 73 | AH6: =H6/_xlfn.XLOOKUP(AH$5,'OC-Days'!$G:$G,'OC-Days'!$B:$B) -> 73 | AI6: =I6/_xlfn.XLOOKUP(AI$5,'OC-Days'!$G:$G,'OC-Days'!$B:$B) -> 73 | AJ6: =J6/_xlfn.XLOOKUP(AJ$5,'OC-Days'!$G:$G,'OC-Days'!$B:$B) -> 73 | ... AN6: =N6/_xlfn.XLOOKUP(AN$5,'OC-Days'!$G:$G,'OC-Days'!$B:$B) -> 73 | AP6: =P6/_xlfn.XLOOKUP(AP$5,'OC-Days'!$G:$G,'OC-Days'!$B:$B) -> 70.5 | AQ6: =Q6/_xlfn.XLOOKUP(AQ$5,'OC-Days'!$G:$G,'OC-Days'!$B:$B) -> 70.5 | AR6: =R6/_xlfn.XLOOKUP(AR$5,'OC-Days'!$G:$G,'OC-Days'!$B:$B) -> 70.5 | AS6: =S6/_xlfn.XLOOKUP(AS$5,'OC-Days'!$G:$G,'OC-Days'!$B:$B) -> 70.5 | AT6: =T6/_xlfn.XLOOKUP(AT$5,'OC-Days'!$G:$G,'OC-Days'!$B:$B) -> 70.5 | AU6: =U6/_xlfn.XLOOKUP(AU$5,'OC-Days'!$G:$G,'OC-Days'!$B:$B) -> 70.5 | AV6: =V6/_xlfn.XLOOKUP(AV$5,'OC-Days'!$G:$G,'OC-Days'!$B:$B) -> 70.5 | AW6: =W6/_xlfn.XLOOKUP(AW$5,'OC-Days'!$G:$G,'OC-Days'!$B:$B) -> 70.5 | ... BA6: =AA6/_xlfn.XLOOKUP(BA$5,'OC-Days'!$G:$G,'OC-Days'!$B:$B) -> 70.5 | BC6: =_xlfn.XLOOKUP(BC$5,'OC-Days'!$G:$G,'OC-Days'!$F:$F) -> 45658 | BD6: =IF(AQ6=AP6,"na",_xlfn.XLOOKUP(BD$5,'OC-Days'!$G:$G,'OC-Days'!$F:$F)) -> na | BE6: =IF(AR6=AQ6,"na",_xlfn.XLOOKUP(BE$5,'OC-Days'!$G:$G,'OC-Days'!$F:$F)) -> na | BF6: =IF(AS6=AR6,"na",_xlfn.XLOOKUP(BF$5,'OC-Days'!$G:$G,'OC-Days'!$F:$F)) -> na | BG6: =IF(AT6=AS6,"na",_xlfn.XLOOKUP(BG$5,'OC-Days'!$G:$G,'OC-Days'!$F:$F)) -> na | BH6: =IF(AU6=AT6,"na",_xlfn.XLOOKUP(BH$5,'OC-Days'!$G:$G,'OC-Days'!$F:$F)) -> na | BI6: =IF(AV6=AU6,"na",_xlfn.XLOOKUP(BI$5,'OC-Days'!$G:$G,'OC-Days'!$F:$F)) -> na | BJ6: =IF(AW6=AV6,"na",_xlfn.XLOOKUP(BJ$5,'OC-Days'!$G:$G,'OC-Days'!$F:$F)) -> na | BK6: =IF(AX6=AW6,"na",_xlfn.XLOOKUP(BK$5,'OC-Days'!$G:$G,'OC-Days'!$F:$F)) -> na | ... BN6: =IF(BA6=AZ6,"na",_xlfn.XLOOKUP(BN$5,'OC-Days'!$G:$G,'OC-Days'!$F:$F)) -> na | BP6: =IF(BD6="na",BD6,BD6-1) -> na | BQ6: =IF(BE6="na",BE6,BE6-1) -> na | BR6: =IF(BF6="na",BF6,BF6-1) -> na | BS6: =IF(BG6="na",BG6,BG6-1) -> na | BT6: =IF(BH6="na",BH6,BH6-1) -> na | BU6: =IF(BI6="na",BI6,BI6-1) -> na | BV6: =IF(BJ6="na",BJ6,BJ6-1) -> na | BW6: =IF(BK6="na",BK6,BK6-1) -> na | ... BZ6: =IF(BN6="na",BN6,BN6-1) -> na | CA6: =DATE(VALUE(RIGHT($CA$5,4)),12,31) -> 46022 | CC6: =COUNT($BC6:BC6) -> 1 | CD6: =COUNT($BC6:BD6) -> 1 | CE6: =COUNT($BC6:BE6) -> 1 | CF6: =COUNT($BC6:BF6) -> 1 | CG6: =COUNT($BC6:BG6) -> 1 | CH6: =COUNT($BC6:BH6) -> 1 | CI6: =COUNT($BC6:BI6) -> 1 | CJ6: =COUNT($BC6:BJ6) -> 1 | ... CN6: =COUNT($BC6:BN6) -> 1 | CP6: =COUNT($BP6:BP6) -> 0 | CQ6: =COUNT($BP6:BQ6) -> 0 | CR6: =COUNT($BP6:BR6) -> 0 | CS6: =COUNT($BP6:BS6) -> 0 | CT6: =COUNT($BP6:BT6) -> 0 | CU6: =COUNT($BP6:BU6) -> 0 | CV6: =COUNT($BP6:BV6) -> 0 | CW6: =COUNT($BP6:BW6) -> 0 | ... DA6: =COUNT($BP6:CA6) -> 1 | DC6: =IF(ISNUMBER(VALUE(LEFT(B6,3))),VALUE(LEFT(B6,3)),"Entity") -> 100 | DD6: =IF(ISNUMBER(VALUE(MID(B6,5,2))),VALUE(MID(B6,5,2)),"Rollup") -> 21 | DE6: =DC6&"-"&DD6 -> 100-21 | DG6: =COUNT(BC6:BN6) -> 1 | DH6: =COUNT(BP6:CA6) -> 1 | DJ6: {=IF(DJ$5<=$DG6,INDEX($BC6:$BN6,1,_xlfn.XMATCH(DJ$5,$CC6:$CN6)),"na")} -> 45658 | DK6: {=IF(DK$5<=$DH6,INDEX($BP6:$CA6,1,_xlfn.XMATCH(DK$5,$CP6:$DA6)),"na")} -> 46022 | DL6: {=IF(DL$5<=$DG6,INDEX($AC6:$AN6,1,_xlfn.XMATCH(DL$5,$CC6:$CN6)),"na")} -> 73 | DM6: {=IF(DM$5<=$DG6,INDEX($AP6:$BA6,1,_xlfn.XMATCH(DM$5,$CC6:$CN6)),"na")} -> 70.5 | DN6: {=IF(DN$5<=$DG6,INDEX($BC6:$BN6,1,_xlfn.XMATCH(DN$5,$CC6:$CN6)),"na")} -> na | DO6: {=IF(DO$5<=$DH6,INDEX($BP6:$CA6,1,_xlfn.XMATCH(DO$5,$CP6:$DA6)),"na")} -> na | DP6: {=IF(DP$5<=$DG6,INDEX($AC6:$AN6,1,_xlfn.XMATCH(DP$5,$CC6:$CN6)),"na")} -> na | DQ6: {=IF(DQ$5<=$DG6,INDEX($AP6:$BA6,1,_xlfn.XMATCH(DQ$5,$CC6:$CN6)),"na")} -> na | DR6: {=IF(DR$5<=$DG6,INDEX($BC6:$BN6,1,_xlfn.XMATCH(DR$5,$CC6:$CN6)),"na")} -> na | DS6: {=IF(DS$5<=$DH6,INDEX($BP6:$CA6,1,_xlfn.XMATCH(DS$5,$CP6:$DA6)),"na")} -> na | DT6: {=IF(DT$5<=$DG6,INDEX($AC6:$AN6,1,_xlfn.XMATCH(DT$5,$CC6:$CN6)),"na")} -> na | DU6: {=IF(DU$5<=$DG6,INDEX($AP6:$BA6,1,_xlfn.XMATCH(DU$5,$CC6:$CN6)),"na")} -> na | DV6: {=IF(DV$5<=$DG6,INDEX($BC6:$BN6,1,_xlfn.XMATCH(DV$5,$CC6:$CN6)),"na")} -> na | DW6: {=IF(DW$5<=$DH6,INDEX($BP6:$CA6,1,_xlfn.XMATCH(DW$5,$CP6:$DA6)),"na")} -> na | DX6: {=IF(DX$5<=$DG6,INDEX($AC6:$AN6,1,_xlfn.XMATCH(DX$5,$CC6:$CN6)),"na")} -> na | DY6: {=IF(DY$5<=$DG6,INDEX($AP6:$BA6,1,_xlfn.XMATCH(DY$5,$CC6:$CN6)),"na")} -> na | DZ6: {=IF(DZ$5<=$DG6,INDEX($BC6:$BN6,1,_xlfn.XMATCH(DZ$5,$CC6:$CN6)),"na")} -> na | EA6: {=IF(EA$5<=$DH6,INDEX($BP6:$CA6,1,_xlfn.XMATCH(EA$5,$CP6:$DA6)),"na")} -> na | EB6: {=IF(EB$5<=$DG6,INDEX($AC6:$AN6,1,_xlfn.XMATCH(EB$5,$CC6:$CN6)),"na")} -> na | EC6: {=IF(EC$5<=$DG6,INDEX($AP6:$BA6,1,_xlfn.XMATCH(EC$5,$CC6:$CN6)),"na")} -> na | ED6: {=IF(ED$5<=$DG6,INDEX($BC6:$BN6,1,_xlfn.XMATCH(ED$5,$CC6:$CN6)),"na")} -> na | EE6: {=IF(EE$5<=$DH6,INDEX($BP6:$CA6,1,_xlfn.XMATCH(EE$5,$CP6:$DA6)),"na")} -> na | EF6: {=IF(EF$5<=$DG6,INDEX($AC6:$AN6,1,_xlfn.XMATCH(EF$5,$CC6:$CN6)),"na")} -> na | EG6: {=IF(EG$5<=$DG6,INDEX($AP6:$BA6,1,_xlfn.XMATCH(EG$5,$CC6:$CN6)),"na")} -> na | EH6: {=IF(EH$5<=$DG6,INDEX($BC6:$BN6,1,_xlfn.XMATCH(EH$5,$CC6:$CN6)),"na")} -> na | EI6: {=IF(EI$5<=$DH6,INDEX($BP6:$CA6,1,_xlfn.XMATCH(EI$5,$CP6:$DA6)),"na")} -> na | EJ6: {=IF(EJ$5<=$DG6,INDEX($AC6:$AN6,1,_xlfn.XMATCH(EJ$5,$CC6:$CN6)),"na")} -> na | EK6: {=IF(EK$5<=$DG6,INDEX($AP6:$BA6,1,_xlfn.XMATCH(EK$5,$CC6:$CN6)),"na")} -> na | EL6: {=IF(EL$5<=$DG6,INDEX($BC6:$BN6,1,_xlfn.XMATCH(EL$5,$CC6:$CN6)),"na")} -> na | EM6: {=IF(EM$5<=$DH6,INDEX($BP6:$CA6,1,_xlfn.XMATCH(EM$5,$CP6:$DA6)),"na")} -> na | EN6: {=IF(EN$5<=$DG6,INDEX($AC6:$AN6,1,_xlfn.XMATCH(EN$5,$CC6:$CN6)),"na")} -> na | EO6: {=IF(EO$5<=$DG6,INDEX($AP6:$BA6,1,_xlfn.XMATCH(EO$5,$CC6:$CN6)),"na")} -> na | EP6: {=IF(EP$5<=$DG6,INDEX($BC6:$BN6,1,_xlfn.XMATCH(EP$5,$CC6:$CN6)),"na")} -> na | EQ6: {=IF(EQ$5<=$DH6,INDEX($BP6:$CA6,1,_xlfn.XMATCH(EQ$5,$CP6:$DA6)),"na")} -> na | ER6: {=IF(ER$5<=$DG6,INDEX($AC6:$AN6,1,_xlfn.XMATCH(ER$5,$CC6:$CN6)),"na")} -> na | ES6: {=IF(ES$5<=$DG6,INDEX($AP6:$BA6,1,_xlfn.XMATCH(ES$5,$CC6:$CN6)),"na")} -> na | ET6: {=IF(ET$5<=$DG6,INDEX($BC6:$BN6,1,_xlfn.XMATCH(ET$5,$CC6:$CN6)),"na")} -> na | EU6: {=IF(EU$5<=$DH6,INDEX($BP6:$CA6,1,_xlfn.XMATCH(EU$5,$CP6:$DA6)),"na")} -> na | EV6: {=IF(EV$5<=$DG6,INDEX($AC6:$AN6,1,_xlfn.XMATCH(EV$5,$CC6:$CN6)),"na")} -> na | EW6: {=IF(EW$5<=$DG6,INDEX($AP6:$BA6,1,_xlfn.XMATCH(EW$5,$CC6:$CN6)),"na")} -> na | EX6: {=IF(EX$5<=$DG6,INDEX($BC6:$BN6,1,_xlfn.XMATCH(EX$5,$CC6:$CN6)),"na")} -> na | EY6: {=IF(EY$5<=$DH6,INDEX($BP6:$CA6,1,_xlfn.XMATCH(EY$5,$CP6:$DA6)),"na")} -> na | EZ6: {=IF(EZ$5<=$DG6,INDEX($AC6:$AN6,1,_xlfn.XMATCH(EZ$5,$CC6:$CN6)),"na")} -> na | FA6: {=IF(FA$5<=$DG6,INDEX($AP6:$BA6,1,_xlfn.XMATCH(FA$5,$CC6:$CN6)),"na")} -> na | FB6: {=IF(FB$5<=$DG6,INDEX($BC6:$BN6,1,_xlfn.XMATCH(FB$5,$CC6:$CN6)),"na")} -> na | FC6: {=IF(FC$5<=$DH6,INDEX($BP6:$CA6,1,_xlfn.XMATCH(FC$5,$CP6:$DA6)),"na")} -> na | FD6: {=IF(FD$5<=$DG6,INDEX($AC6:$AN6,1,_xlfn.XMATCH(FD$5,$CC6:$CN6)),"na")} -> na | FE6: {=IF(FE$5<=$DG6,INDEX($AP6:$BA6,1,_xlfn.XMATCH(FE$5,$CC6:$CN6)),"na")} -> na
B7: 100-22 Villas/Cottages B (AMV=Courtyard Homes, BV=BV West, APKS=Patio Homes) | C7: 1333 | D7: 1204 | E7: 1333 | F7: 1290 | G7: 1333 | H7: 1290 | I7: 1333 | J7: 1333 | K7: 1290 | L7: 1333 | M7: 1290 | N7: 1333 | P7: 1302 | Q7: 1176 | R7: 1302 | S7: 1260 | T7: 1302 | U7: 1260 | V7: 1302 | W7: 1302 | X7: 1260 | Y7: 1302 | Z7: 1260 | AA7: 1302 | AC7: =C7/_xlfn.XLOOKUP(AC$5,'OC-Days'!$G:$G,'OC-Days'!$B:$B) -> 43 | AD7: =D7/_xlfn.XLOOKUP(AD$5,'OC-Days'!$G:$G,'OC-Days'!$B:$B) -> 43 | AE7: =E7/_xlfn.XLOOKUP(AE$5,'OC-Days'!$G:$G,'OC-Days'!$B:$B) -> 43 | AF7: =F7/_xlfn.XLOOKUP(AF$5,'OC-Days'!$G:$G,'OC-Days'!$B:$B) -> 43 | AG7: =G7/_xlfn.XLOOKUP(AG$5,'OC-Days'!$G:$G,'OC-Days'!$B:$B) -> 43 | AH7: =H7/_xlfn.XLOOKUP(AH$5,'OC-Days'!$G:$G,'OC-Days'!$B:$B) -> 43 | AI7: =I7/_xlfn.XLOOKUP(AI$5,'OC-Days'!$G:$G,'OC-Days'!$B:$B) -> 43 | AJ7: =J7/_xlfn.XLOOKUP(AJ$5,'OC-Days'!$G:$G,'OC-Days'!$B:$B) -> 43 | ... AN7: =N7/_xlfn.XLOOKUP(AN$5,'OC-Days'!$G:$G,'OC-Days'!$B:$B) -> 43 | AP7: =P7/_xlfn.XLOOKUP(AP$5,'OC-Days'!$G:$G,'OC-Days'!$B:$B) -> 42 | AQ7: =Q7/_xlfn.XLOOKUP(AQ$5,'OC-Days'!$G:$G,'OC-Days'!$B:$B) -> 42 | AR7: =R7/_xlfn.XLOOKUP(AR$5,'OC-Days'!$G:$G,'OC-Days'!$B:$B) -> 42 | AS7: =S7/_xlfn.XLOOKUP(AS$5,'OC-Days'!$G:$G,'OC-Days'!$B:$B) -> 42 | AT7: =T7/_xlfn.XLOOKUP(AT$5,'OC-Days'!$G:$G,'OC-Days'!$B:$B) -> 42 | AU7: =U7/_xlfn.XLOOKUP(AU$5,'OC-Days'!$G:$G,'OC-Days'!$B:$B) -> 42 | AV7: =V7/_xlfn.XLOOKUP(AV$5,'OC-Days'!$G:$G,'OC-Days'!$B:$B) -> 42 | AW7: =W7/_xlfn.XLOOKUP(AW$5,'OC-Days'!$G:$G,'OC-Days'!$B:$B) -> 42 | ... BA7: =AA7/_xlfn.XLOOKUP(BA$5,'OC-Days'!$G:$G,'OC-Days'!$B:$B) -> 42 | BC7: =_xlfn.XLOOKUP(BC$5,'OC-Days'!$G:$G,'OC-Days'!$F:$F) -> 45658 | BD7: =IF(AQ7=AP7,"na",_xlfn.XLOOKUP(BD$5,'OC-Days'!$G:$G,'OC-Days'!$F:$F)) -> na | BE7: =IF(AR7=AQ7,"na",_xlfn.XLOOKUP(BE$5,'OC-Days'!$G:$G,'OC-Days'!$F:$F)) -> na | BF7: =IF(AS7=AR7,"na",_xlfn.XLOOKUP(BF$5,'OC-Days'!$G:$G,'OC-Days'!$F:$F)) -> na | BG7: =IF(AT7=AS7,"na",_xlfn.XLOOKUP(BG$5,'OC-Days'!$G:$G,'OC-Days'!$F:$F)) -> na | BH7: =IF(AU7=AT7,"na",_xlfn.XLOOKUP(BH$5,'OC-Days'!$G:$G,'OC-Days'!$F:$F)) -> na | BI7: =IF(AV7=AU7,"na",_xlfn.XLOOKUP(BI$5,'OC-Days'!$G:$G,'OC-Days'!$F:$F)) -> na | BJ7: =IF(AW7=AV7,"na",_xlfn.XLOOKUP(BJ$5,'OC-Days'!$G:$G,'OC-Days'!$F:$F)) -> na | BK7: =IF(AX7=AW7,"na",_xlfn.XLOOKUP(BK$5,'OC-Days'!$G:$G,'OC-Days'!$F:$F)) -> na | ... BN7: =IF(BA7=AZ7,"na",_xlfn.XLOOKUP(BN$5,'OC-Days'!$G:$G,'OC-Days'!$F:$F)) -> na | BP7: =IF(BD7="na",BD7,BD7-1) -> na | BQ7: =IF(BE7="na",BE7,BE7-1) -> na | BR7: =IF(BF7="na",BF7,BF7-1) -> na | BS7: =IF(BG7="na",BG7,BG7-1) -> na | BT7: =IF(BH7="na",BH7,BH7-1) -> na | BU7: =IF(BI7="na",BI7,BI7-1) -> na | BV7: =IF(BJ7="na",BJ7,BJ7-1) -> na | BW7: =IF(BK7="na",BK7,BK7-1) -> na | ... BZ7: =IF(BN7="na",BN7,BN7-1) -> na | CA7: =DATE(VALUE(RIGHT($CA$5,4)),12,31) -> 46022 | CC7: =COUNT($BC7:BC7) -> 1 | CD7: =COUNT($BC7:BD7) -> 1 | CE7: =COUNT($BC7:BE7) -> 1 | CF7: =COUNT($BC7:BF7) -> 1 | CG7: =COUNT($BC7:BG7) -> 1 | CH7: =COUNT($BC7:BH7) -> 1 | CI7: =COUNT($BC7:BI7) -> 1 | CJ7: =COUNT($BC7:BJ7) -> 1 | ... CN7: =COUNT($BC7:BN7) -> 1 | CP7: =COUNT($BP7:BP7) -> 0 | CQ7: =COUNT($BP7:BQ7) -> 0 | CR7: =COUNT($BP7:BR7) -> 0 | CS7: =COUNT($BP7:BS7) -> 0 | CT7: =COUNT($BP7:BT7) -> 0 | CU7: =COUNT($BP7:BU7) -> 0 | CV7: =COUNT($BP7:BV7) -> 0 | CW7: =COUNT($BP7:BW7) -> 0 | ... DA7: =COUNT($BP7:CA7) -> 1 | DC7: =IF(ISNUMBER(VALUE(LEFT(B7,3))),VALUE(LEFT(B7,3)),"Entity") -> 100 | DD7: =IF(ISNUMBER(VALUE(MID(B7,5,2))),VALUE(MID(B7,5,2)),"Rollup") -> 22 | DE7: =DC7&"-"&DD7 -> 100-22 | DG7: =COUNT(BC7:BN7) -> 1 | DH7: =COUNT(BP7:CA7) -> 1 | DJ7: {=IF(DJ$5<=$DG7,INDEX($BC7:$BN7,1,_xlfn.XMATCH(DJ$5,$CC7:$CN7)),"na")} -> 45658 | DK7: {=IF(DK$5<=$DH7,INDEX($BP7:$CA7,1,_xlfn.XMATCH(DK$5,$CP7:$DA7)),"na")} -> 46022 | DL7: {=IF(DL$5<=$DG7,INDEX($AC7:$AN7,1,_xlfn.XMATCH(DL$5,$CC7:$CN7)),"na")} -> 43 | DM7: {=IF(DM$5<=$DG7,INDEX($AP7:$BA7,1,_xlfn.XMATCH(DM$5,$CC7:$CN7)),"na")} -> 42 | DN7: {=IF(DN$5<=$DG7,INDEX($BC7:$BN7,1,_xlfn.XMATCH(DN$5,$CC7:$CN7)),"na")} -> na | DO7: {=IF(DO$5<=$DH7,INDEX($BP7:$CA7,1,_xlfn.XMATCH(DO$5,$CP7:$DA7)),"na")} -> na | DP7: {=IF(DP$5<=$DG7,INDEX($AC7:$AN7,1,_xlfn.XMATCH(DP$5,$CC7:$CN7)),"na")} -> na | DQ7: {=IF(DQ$5<=$DG7,INDEX($AP7:$BA7,1,_xlfn.XMATCH(DQ$5,$CC7:$CN7)),"na")} -> na | DR7: {=IF(DR$5<=$DG7,INDEX($BC7:$BN7,1,_xlfn.XMATCH(DR$5,$CC7:$CN7)),"na")} -> na | DS7: {=IF(DS$5<=$DH7,INDEX($BP7:$CA7,1,_xlfn.XMATCH(DS$5,$CP7:$DA7)),"na")} -> na | DT7: {=IF(DT$5<=$DG7,INDEX($AC7:$AN7,1,_xlfn.XMATCH(DT$5,$CC7:$CN7)),"na")} -> na | DU7: {=IF(DU$5<=$DG7,INDEX($AP7:$BA7,1,_xlfn.XMATCH(DU$5,$CC7:$CN7)),"na")} -> na | DV7: {=IF(DV$5<=$DG7,INDEX($BC7:$BN7,1,_xlfn.XMATCH(DV$5,$CC7:$CN7)),"na")} -> na | DW7: {=IF(DW$5<=$DH7,INDEX($BP7:$CA7,1,_xlfn.XMATCH(DW$5,$CP7:$DA7)),"na")} -> na | DX7: {=IF(DX$5<=$DG7,INDEX($AC7:$AN7,1,_xlfn.XMATCH(DX$5,$CC7:$CN7)),"na")} -> na | DY7: {=IF(DY$5<=$DG7,INDEX($AP7:$BA7,1,_xlfn.XMATCH(DY$5,$CC7:$CN7)),"na")} -> na | DZ7: {=IF(DZ$5<=$DG7,INDEX($BC7:$BN7,1,_xlfn.XMATCH(DZ$5,$CC7:$CN7)),"na")} -> na | EA7: {=IF(EA$5<=$DH7,INDEX($BP7:$CA7,1,_xlfn.XMATCH(EA$5,$CP7:$DA7)),"na")} -> na | EB7: {=IF(EB$5<=$DG7,INDEX($AC7:$AN7,1,_xlfn.XMATCH(EB$5,$CC7:$CN7)),"na")} -> na | EC7: {=IF(EC$5<=$DG7,INDEX($AP7:$BA7,1,_xlfn.XMATCH(EC$5,$CC7:$CN7)),"na")} -> na | ED7: {=IF(ED$5<=$DG7,INDEX($BC7:$BN7,1,_xlfn.XMATCH(ED$5,$CC7:$CN7)),"na")} -> na | EE7: {=IF(EE$5<=$DH7,INDEX($BP7:$CA7,1,_xlfn.XMATCH(EE$5,$CP7:$DA7)),"na")} -> na | EF7: {=IF(EF$5<=$DG7,INDEX($AC7:$AN7,1,_xlfn.XMATCH(EF$5,$CC7:$CN7)),"na")} -> na | EG7: {=IF(EG$5<=$DG7,INDEX($AP7:$BA7,1,_xlfn.XMATCH(EG$5,$CC7:$CN7)),"na")} -> na | EH7: {=IF(EH$5<=$DG7,INDEX($BC7:$BN7,1,_xlfn.XMATCH(EH$5,$CC7:$CN7)),"na")} -> na | EI7: {=IF(EI$5<=$DH7,INDEX($BP7:$CA7,1,_xlfn.XMATCH(EI$5,$CP7:$DA7)),"na")} -> na | EJ7: {=IF(EJ$5<=$DG7,INDEX($AC7:$AN7,1,_xlfn.XMATCH(EJ$5,$CC7:$CN7)),"na")} -> na | EK7: {=IF(EK$5<=$DG7,INDEX($AP7:$BA7,1,_xlfn.XMATCH(EK$5,$CC7:$CN7)),"na")} -> na | EL7: {=IF(EL$5<=$DG7,INDEX($BC7:$BN7,1,_xlfn.XMATCH(EL$5,$CC7:$CN7)),"na")} -> na | EM7: {=IF(EM$5<=$DH7,INDEX($BP7:$CA7,1,_xlfn.XMATCH(EM$5,$CP7:$DA7)),"na")} -> na | EN7: {=IF(EN$5<=$DG7,INDEX($AC7:$AN7,1,_xlfn.XMATCH(EN$5,$CC7:$CN7)),"na")} -> na | EO7: {=IF(EO$5<=$DG7,INDEX($AP7:$BA7,1,_xlfn.XMATCH(EO$5,$CC7:$CN7)),"na")} -> na | EP7: {=IF(EP$5<=$DG7,INDEX($BC7:$BN7,1,_xlfn.XMATCH(EP$5,$CC7:$CN7)),"na")} -> na | EQ7: {=IF(EQ$5<=$DH7,INDEX($BP7:$CA7,1,_xlfn.XMATCH(EQ$5,$CP7:$DA7)),"na")} -> na | ER7: {=IF(ER$5<=$DG7,INDEX($AC7:$AN7,1,_xlfn.XMATCH(ER$5,$CC7:$CN7)),"na")} -> na | ES7: {=IF(ES$5<=$DG7,INDEX($AP7:$BA7,1,_xlfn.XMATCH(ES$5,$CC7:$CN7)),"na")} -> na | ET7: {=IF(ET$5<=$DG7,INDEX($BC7:$BN7,1,_xlfn.XMATCH(ET$5,$CC7:$CN7)),"na")} -> na | EU7: {=IF(EU$5<=$DH7,INDEX($BP7:$CA7,1,_xlfn.XMATCH(EU$5,$CP7:$DA7)),"na")} -> na | EV7: {=IF(EV$5<=$DG7,INDEX($AC7:$AN7,1,_xlfn.XMATCH(EV$5,$CC7:$CN7)),"na")} -> na | EW7: {=IF(EW$5<=$DG7,INDEX($AP7:$BA7,1,_xlfn.XMATCH(EW$5,$CC7:$CN7)),"na")} -> na | EX7: {=IF(EX$5<=$DG7,INDEX($BC7:$BN7,1,_xlfn.XMATCH(EX$5,$CC7:$CN7)),"na")} -> na | EY7: {=IF(EY$5<=$DH7,INDEX($BP7:$CA7,1,_xlfn.XMATCH(EY$5,$CP7:$DA7)),"na")} -> na | EZ7: {=IF(EZ$5<=$DG7,INDEX($AC7:$AN7,1,_xlfn.XMATCH(EZ$5,$CC7:$CN7)),"na")} -> na | FA7: {=IF(FA$5<=$DG7,INDEX($AP7:$BA7,1,_xlfn.XMATCH(FA$5,$CC7:$CN7)),"na")} -> na | FB7: {=IF(FB$5<=$DG7,INDEX($BC7:$BN7,1,_xlfn.XMATCH(FB$5,$CC7:$CN7)),"na")} -> na | FC7: {=IF(FC$5<=$DH7,INDEX($BP7:$CA7,1,_xlfn.XMATCH(FC$5,$CP7:$DA7)),"na")} -> na | FD7: {=IF(FD$5<=$DG7,INDEX($AC7:$AN7,1,_xlfn.XMATCH(FD$5,$CC7:$CN7)),"na")} -> na | FE7: {=IF(FE$5<=$DG7,INDEX($AP7:$BA7,1,_xlfn.XMATCH(FE$5,$CC7:$CN7)),"na")} -> na
B8: 100-31 Apartment A (AMV=Trott, BV=Center, All others) | C8: 3379 | D8: 3052 | E8: 3379 | F8: 3270 | G8: 3379 | H8: 3270 | I8: 3379 | J8: 3379 | K8: 3270 | L8: 3379 | M8: 3270 | N8: 3379 | P8: 1891 | Q8: 1708 | R8: 1922 | S8: 1860 | T8: 1953 | U8: 1890 | V8: 2015 | W8: 2015 | X8: 1980 | Y8: 2046 | Z8: 2010 | AA8: 2077 | AC8: =C8/_xlfn.XLOOKUP(AC$5,'OC-Days'!$G:$G,'OC-Days'!$B:$B) -> 109 | AD8: =D8/_xlfn.XLOOKUP(AD$5,'OC-Days'!$G:$G,'OC-Days'!$B:$B) -> 109 | AE8: =E8/_xlfn.XLOOKUP(AE$5,'OC-Days'!$G:$G,'OC-Days'!$B:$B) -> 109 | AF8: =F8/_xlfn.XLOOKUP(AF$5,'OC-Days'!$G:$G,'OC-Days'!$B:$B) -> 109 | AG8: =G8/_xlfn.XLOOKUP(AG$5,'OC-Days'!$G:$G,'OC-Days'!$B:$B) -> 109 | AH8: =H8/_xlfn.XLOOKUP(AH$5,'OC-Days'!$G:$G,'OC-Days'!$B:$B) -> 109 | AI8: =I8/_xlfn.XLOOKUP(AI$5,'OC-Days'!$G:$G,'OC-Days'!$B:$B) -> 109 | AJ8: =J8/_xlfn.XLOOKUP(AJ$5,'OC-Days'!$G:$G,'OC-Days'!$B:$B) -> 109 | ... AN8: =N8/_xlfn.XLOOKUP(AN$5,'OC-Days'!$G:$G,'OC-Days'!$B:$B) -> 109 | AP8: =P8/_xlfn.XLOOKUP(AP$5,'OC-Days'!$G:$G,'OC-Days'!$B:$B) -> 61 | AQ8: =Q8/_xlfn.XLOOKUP(AQ$5,'OC-Days'!$G:$G,'OC-Days'!$B:$B) -> 61 | AR8: =R8/_xlfn.XLOOKUP(AR$5,'OC-Days'!$G:$G,'OC-Days'!$B:$B) -> 62 | AS8: =S8/_xlfn.XLOOKUP(AS$5,'OC-Days'!$G:$G,'OC-Days'!$B:$B) -> 62 | AT8: =T8/_xlfn.XLOOKUP(AT$5,'OC-Days'!$G:$G,'OC-Days'!$B:$B) -> 63 | AU8: =U8/_xlfn.XLOOKUP(AU$5,'OC-Days'!$G:$G,'OC-Days'!$B:$B) -> 63 | AV8: =V8/_xlfn.XLOOKUP(AV$5,'OC-Days'!$G:$G,'OC-Days'!$B:$B) -> 65 | AW8: =W8/_xlfn.XLOOKUP(AW$5,'OC-Days'!$G:$G,'OC-Days'!$B:$B) -> 65 | ... BA8: =AA8/_xlfn.XLOOKUP(BA$5,'OC-Days'!$G:$G,'OC-Days'!$B:$B) -> 67 | BC8: =_xlfn.XLOOKUP(BC$5,'OC-Days'!$G:$G,'OC-Days'!$F:$F) -> 45658 | BD8: =IF(AQ8=AP8,"na",_xlfn.XLOOKUP(BD$5,'OC-Days'!$G:$G,'OC-Days'!$F:$F)) -> na | BE8: =IF(AR8=AQ8,"na",_xlfn.XLOOKUP(BE$5,'OC-Days'!$G:$G,'OC-Days'!$F:$F)) -> 45717 | BF8: =IF(AS8=AR8,"na",_xlfn.XLOOKUP(BF$5,'OC-Days'!$G:$G,'OC-Days'!$F:$F)) -> na | BG8: =IF(AT8=AS8,"na",_xlfn.XLOOKUP(BG$5,'OC-Days'!$G:$G,'OC-Days'!$F:$F)) -> 45778 | BH8: =IF(AU8=AT8,"na",_xlfn.XLOOKUP(BH$5,'OC-Days'!$G:$G,'OC-Days'!$F:$F)) -> na | BI8: =IF(AV8=AU8,"na",_xlfn.XLOOKUP(BI$5,'OC-Days'!$G:$G,'OC-Days'!$F:$F)) -> 45839 | BJ8: =IF(AW8=AV8,"na",_xlfn.XLOOKUP(BJ$5,'OC-Days'!$G:$G,'OC-Days'!$F:$F)) -> na | BK8: =IF(AX8=AW8,"na",_xlfn.XLOOKUP(BK$5,'OC-Days'!$G:$G,'OC-Days'!$F:$F)) -> 45901 | ... BN8: =IF(BA8=AZ8,"na",_xlfn.XLOOKUP(BN$5,'OC-Days'!$G:$G,'OC-Days'!$F:$F)) -> na | BP8: =IF(BD8="na",BD8,BD8-1) -> na | BQ8: =IF(BE8="na",BE8,BE8-1) -> 45716 | BR8: =IF(BF8="na",BF8,BF8-1) -> na | BS8: =IF(BG8="na",BG8,BG8-1) -> 45777 | BT8: =IF(BH8="na",BH8,BH8-1) -> na | BU8: =IF(BI8="na",BI8,BI8-1) -> 45838 | BV8: =IF(BJ8="na",BJ8,BJ8-1) -> na | BW8: =IF(BK8="na",BK8,BK8-1) -> 45900 | ... BZ8: =IF(BN8="na",BN8,BN8-1) -> na | CA8: =DATE(VALUE(RIGHT($CA$5,4)),12,31) -> 46022 | CC8: =COUNT($BC8:BC8) -> 1 | CD8: =COUNT($BC8:BD8) -> 1 | CE8: =COUNT($BC8:BE8) -> 2 | CF8: =COUNT($BC8:BF8) -> 2 | CG8: =COUNT($BC8:BG8) -> 3 | CH8: =COUNT($BC8:BH8) -> 3 | CI8: =COUNT($BC8:BI8) -> 4 | CJ8: =COUNT($BC8:BJ8) -> 4 | ... CN8: =COUNT($BC8:BN8) -> 6 | CP8: =COUNT($BP8:BP8) -> 0 | CQ8: =COUNT($BP8:BQ8) -> 1 | CR8: =COUNT($BP8:BR8) -> 1 | CS8: =COUNT($BP8:BS8) -> 2 | CT8: =COUNT($BP8:BT8) -> 2 | CU8: =COUNT($BP8:BU8) -> 3 | CV8: =COUNT($BP8:BV8) -> 3 | CW8: =COUNT($BP8:BW8) -> 4 | ... DA8: =COUNT($BP8:CA8) -> 6 | DC8: =IF(ISNUMBER(VALUE(LEFT(B8,3))),VALUE(LEFT(B8,3)),"Entity") -> 100 | DD8: =IF(ISNUMBER(VALUE(MID(B8,5,2))),VALUE(MID(B8,5,2)),"Rollup") -> 31 | DE8: =DC8&"-"&DD8 -> 100-31 | DG8: =COUNT(BC8:BN8) -> 6 | DH8: =COUNT(BP8:CA8) -> 6 | DJ8: {=IF(DJ$5<=$DG8,INDEX($BC8:$BN8,1,_xlfn.XMATCH(DJ$5,$CC8:$CN8)),"na")} -> 45658 | DK8: {=IF(DK$5<=$DH8,INDEX($BP8:$CA8,1,_xlfn.XMATCH(DK$5,$CP8:$DA8)),"na")} -> 45716 | DL8: {=IF(DL$5<=$DG8,INDEX($AC8:$AN8,1,_xlfn.XMATCH(DL$5,$CC8:$CN8)),"na")} -> 109 | DM8: {=IF(DM$5<=$DG8,INDEX($AP8:$BA8,1,_xlfn.XMATCH(DM$5,$CC8:$CN8)),"na")} -> 61 | DN8: {=IF(DN$5<=$DG8,INDEX($BC8:$BN8,1,_xlfn.XMATCH(DN$5,$CC8:$CN8)),"na")} -> 45717 | DO8: {=IF(DO$5<=$DH8,INDEX($BP8:$CA8,1,_xlfn.XMATCH(DO$5,$CP8:$DA8)),"na")} -> 45777 | DP8: {=IF(DP$5<=$DG8,INDEX($AC8:$AN8,1,_xlfn.XMATCH(DP$5,$CC8:$CN8)),"na")} -> 109 | DQ8: {=IF(DQ$5<=$DG8,INDEX($AP8:$BA8,1,_xlfn.XMATCH(DQ$5,$CC8:$CN8)),"na")} -> 62 | DR8: {=IF(DR$5<=$DG8,INDEX($BC8:$BN8,1,_xlfn.XMATCH(DR$5,$CC8:$CN8)),"na")} -> 45778 | DS8: {=IF(DS$5<=$DH8,INDEX($BP8:$CA8,1,_xlfn.XMATCH(DS$5,$CP8:$DA8)),"na")} -> 45838 | DT8: {=IF(DT$5<=$DG8,INDEX($AC8:$AN8,1,_xlfn.XMATCH(DT$5,$CC8:$CN8)),"na")} -> 109 | DU8: {=IF(DU$5<=$DG8,INDEX($AP8:$BA8,1,_xlfn.XMATCH(DU$5,$CC8:$CN8)),"na")} -> 63 | DV8: {=IF(DV$5<=$DG8,INDEX($BC8:$BN8,1,_xlfn.XMATCH(DV$5,$CC8:$CN8)),"na")} -> 45839 | DW8: {=IF(DW$5<=$DH8,INDEX($BP8:$CA8,1,_xlfn.XMATCH(DW$5,$CP8:$DA8)),"na")} -> 45900 | DX8: {=IF(DX$5<=$DG8,INDEX($AC8:$AN8,1,_xlfn.XMATCH(DX$5,$CC8:$CN8)),"na")} -> 109 | DY8: {=IF(DY$5<=$DG8,INDEX($AP8:$BA8,1,_xlfn.XMATCH(DY$5,$CC8:$CN8)),"na")} -> 65 | DZ8: {=IF(DZ$5<=$DG8,INDEX($BC8:$BN8,1,_xlfn.XMATCH(DZ$5,$CC8:$CN8)),"na")} -> 45901 | EA8: {=IF(EA$5<=$DH8,INDEX($BP8:$CA8,1,_xlfn.XMATCH(EA$5,$CP8:$DA8)),"na")} -> 45961 | EB8: {=IF(EB$5<=$DG8,INDEX($AC8:$AN8,1,_xlfn.XMATCH(EB$5,$CC8:$CN8)),"na")} -> 109 | EC8: {=IF(EC$5<=$DG8,INDEX($AP8:$BA8,1,_xlfn.XMATCH(EC$5,$CC8:$CN8)),"na")} -> 66 | ED8: {=IF(ED$5<=$DG8,INDEX($BC8:$BN8,1,_xlfn.XMATCH(ED$5,$CC8:$CN8)),"na")} -> 45962 | EE8: {=IF(EE$5<=$DH8,INDEX($BP8:$CA8,1,_xlfn.XMATCH(EE$5,$CP8:$DA8)),"na")} -> 46022 | EF8: {=IF(EF$5<=$DG8,INDEX($AC8:$AN8,1,_xlfn.XMATCH(EF$5,$CC8:$CN8)),"na")} -> 109 | EG8: {=IF(EG$5<=$DG8,INDEX($AP8:$BA8,1,_xlfn.XMATCH(EG$5,$CC8:$CN8)),"na")} -> 67 | EH8: {=IF(EH$5<=$DG8,INDEX($BC8:$BN8,1,_xlfn.XMATCH(EH$5,$CC8:$CN8)),"na")} -> na | EI8: {=IF(EI$5<=$DH8,INDEX($BP8:$CA8,1,_xlfn.XMATCH(EI$5,$CP8:$DA8)),"na")} -> na | EJ8: {=IF(EJ$5<=$DG8,INDEX($AC8:$AN8,1,_xlfn.XMATCH(EJ$5,$CC8:$CN8)),"na")} -> na | EK8: {=IF(EK$5<=$DG8,INDEX($AP8:$BA8,1,_xlfn.XMATCH(EK$5,$CC8:$CN8)),"na")} -> na | EL8: {=IF(EL$5<=$DG8,INDEX($BC8:$BN8,1,_xlfn.XMATCH(EL$5,$CC8:$CN8)),"na")} -> na | EM8: {=IF(EM$5<=$DH8,INDEX($BP8:$CA8,1,_xlfn.XMATCH(EM$5,$CP8:$DA8)),"na")} -> na | EN8: {=IF(EN$5<=$DG8,INDEX($AC8:$AN8,1,_xlfn.XMATCH(EN$5,$CC8:$CN8)),"na")} -> na | EO8: {=IF(EO$5<=$DG8,INDEX($AP8:$BA8,1,_xlfn.XMATCH(EO$5,$CC8:$CN8)),"na")} -> na | EP8: {=IF(EP$5<=$DG8,INDEX($BC8:$BN8,1,_xlfn.XMATCH(EP$5,$CC8:$CN8)),"na")} -> na | EQ8: {=IF(EQ$5<=$DH8,INDEX($BP8:$CA8,1,_xlfn.XMATCH(EQ$5,$CP8:$DA8)),"na")} -> na | ER8: {=IF(ER$5<=$DG8,INDEX($AC8:$AN8,1,_xlfn.XMATCH(ER$5,$CC8:$CN8)),"na")} -> na | ES8: {=IF(ES$5<=$DG8,INDEX($AP8:$BA8,1,_xlfn.XMATCH(ES$5,$CC8:$CN8)),"na")} -> na | ET8: {=IF(ET$5<=$DG8,INDEX($BC8:$BN8,1,_xlfn.XMATCH(ET$5,$CC8:$CN8)),"na")} -> na | EU8: {=IF(EU$5<=$DH8,INDEX($BP8:$CA8,1,_xlfn.XMATCH(EU$5,$CP8:$DA8)),"na")} -> na | EV8: {=IF(EV$5<=$DG8,INDEX($AC8:$AN8,1,_xlfn.XMATCH(EV$5,$CC8:$CN8)),"na")} -> na | EW8: {=IF(EW$5<=$DG8,INDEX($AP8:$BA8,1,_xlfn.XMATCH(EW$5,$CC8:$CN8)),"na")} -> na | EX8: {=IF(EX$5<=$DG8,INDEX($BC8:$BN8,1,_xlfn.XMATCH(EX$5,$CC8:$CN8)),"na")} -> na | EY8: {=IF(EY$5<=$DH8,INDEX($BP8:$CA8,1,_xlfn.XMATCH(EY$5,$CP8:$DA8)),"na")} -> na | EZ8: {=IF(EZ$5<=$DG8,INDEX($AC8:$AN8,1,_xlfn.XMATCH(EZ$5,$CC8:$CN8)),"na")} -> na | FA8: {=IF(FA$5<=$DG8,INDEX($AP8:$BA8,1,_xlfn.XMATCH(FA$5,$CC8:$CN8)),"na")} -> na | FB8: {=IF(FB$5<=$DG8,INDEX($BC8:$BN8,1,_xlfn.XMATCH(FB$5,$CC8:$CN8)),"na")} -> na | FC8: {=IF(FC$5<=$DH8,INDEX($BP8:$CA8,1,_xlfn.XMATCH(FC$5,$CP8:$DA8)),"na")} -> na | FD8: {=IF(FD$5<=$DG8,INDEX($AC8:$AN8,1,_xlfn.XMATCH(FD$5,$CC8:$CN8)),"na")} -> na | FE8: {=IF(FE$5<=$DG8,INDEX($AP8:$BA8,1,_xlfn.XMATCH(FE$5,$CC8:$CN8)),"na")} -> na
B9: 100-32 Apartment B (AMV=Diamond, BV=Court) | C9: 5704 | D9: 5152 | E9: 5704 | F9: 5520 | G9: 5704 | H9: 5520 | I9: 5704 | J9: 5704 | K9: 5520 | L9: 5704 | M9: 5520 | N9: 5704 | P9: 4929 | Q9: 4480 | R9: 4991 | S9: 4860 | T9: 5053 | U9: 4920 | V9: 5115 | W9: 5146 | X9: 5010 | Y9: 5208 | Z9: 5070 | AA9: 5270 | AC9: =C9/_xlfn.XLOOKUP(AC$5,'OC-Days'!$G:$G,'OC-Days'!$B:$B) -> 184 | AD9: =D9/_xlfn.XLOOKUP(AD$5,'OC-Days'!$G:$G,'OC-Days'!$B:$B) -> 184 | AE9: =E9/_xlfn.XLOOKUP(AE$5,'OC-Days'!$G:$G,'OC-Days'!$B:$B) -> 184 | AF9: =F9/_xlfn.XLOOKUP(AF$5,'OC-Days'!$G:$G,'OC-Days'!$B:$B) -> 184 | AG9: =G9/_xlfn.XLOOKUP(AG$5,'OC-Days'!$G:$G,'OC-Days'!$B:$B) -> 184 | AH9: =H9/_xlfn.XLOOKUP(AH$5,'OC-Days'!$G:$G,'OC-Days'!$B:$B) -> 184 | AI9: =I9/_xlfn.XLOOKUP(AI$5,'OC-Days'!$G:$G,'OC-Days'!$B:$B) -> 184 | AJ9: =J9/_xlfn.XLOOKUP(AJ$5,'OC-Days'!$G:$G,'OC-Days'!$B:$B) -> 184 | ... AN9: =N9/_xlfn.XLOOKUP(AN$5,'OC-Days'!$G:$G,'OC-Days'!$B:$B) -> 184 | AP9: =P9/_xlfn.XLOOKUP(AP$5,'OC-Days'!$G:$G,'OC-Days'!$B:$B) -> 159 | AQ9: =Q9/_xlfn.XLOOKUP(AQ$5,'OC-Days'!$G:$G,'OC-Days'!$B:$B) -> 160 | AR9: =R9/_xlfn.XLOOKUP(AR$5,'OC-Days'!$G:$G,'OC-Days'!$B:$B) -> 161 | AS9: =S9/_xlfn.XLOOKUP(AS$5,'OC-Days'!$G:$G,'OC-Days'!$B:$B) -> 162 | AT9: =T9/_xlfn.XLOOKUP(AT$5,'OC-Days'!$G:$G,'OC-Days'!$B:$B) -> 163 | AU9: =U9/_xlfn.XLOOKUP(AU$5,'OC-Days'!$G:$G,'OC-Days'!$B:$B) -> 164 | AV9: =V9/_xlfn.XLOOKUP(AV$5,'OC-Days'!$G:$G,'OC-Days'!$B:$B) -> 165 | AW9: =W9/_xlfn.XLOOKUP(AW$5,'OC-Days'!$G:$G,'OC-Days'!$B:$B) -> 166 | ... BA9: =AA9/_xlfn.XLOOKUP(BA$5,'OC-Days'!$G:$G,'OC-Days'!$B:$B) -> 170 | BC9: =_xlfn.XLOOKUP(BC$5,'OC-Days'!$G:$G,'OC-Days'!$F:$F) -> 45658 | BD9: =IF(AQ9=AP9,"na",_xlfn.XLOOKUP(BD$5,'OC-Days'!$G:$G,'OC-Days'!$F:$F)) -> 45689 | BE9: =IF(AR9=AQ9,"na",_xlfn.XLOOKUP(BE$5,'OC-Days'!$G:$G,'OC-Days'!$F:$F)) -> 45717 | BF9: =IF(AS9=AR9,"na",_xlfn.XLOOKUP(BF$5,'OC-Days'!$G:$G,'OC-Days'!$F:$F)) -> 45748 | BG9: =IF(AT9=AS9,"na",_xlfn.XLOOKUP(BG$5,'OC-Days'!$G:$G,'OC-Days'!$F:$F)) -> 45778 | BH9: =IF(AU9=AT9,"na",_xlfn.XLOOKUP(BH$5,'OC-Days'!$G:$G,'OC-Days'!$F:$F)) -> 45809 | BI9: =IF(AV9=AU9,"na",_xlfn.XLOOKUP(BI$5,'OC-Days'!$G:$G,'OC-Days'!$F:$F)) -> 45839 | BJ9: =IF(AW9=AV9,"na",_xlfn.XLOOKUP(BJ$5,'OC-Days'!$G:$G,'OC-Days'!$F:$F)) -> 45870 | BK9: =IF(AX9=AW9,"na",_xlfn.XLOOKUP(BK$5,'OC-Days'!$G:$G,'OC-Days'!$F:$F)) -> 45901 | ... BN9: =IF(BA9=AZ9,"na",_xlfn.XLOOKUP(BN$5,'OC-Days'!$G:$G,'OC-Days'!$F:$F)) -> 45992 | BP9: =IF(BD9="na",BD9,BD9-1) -> 45688 | BQ9: =IF(BE9="na",BE9,BE9-1) -> 45716 | BR9: =IF(BF9="na",BF9,BF9-1) -> 45747 | BS9: =IF(BG9="na",BG9,BG9-1) -> 45777 | BT9: =IF(BH9="na",BH9,BH9-1) -> 45808 | BU9: =IF(BI9="na",BI9,BI9-1) -> 45838 | BV9: =IF(BJ9="na",BJ9,BJ9-1) -> 45869 | BW9: =IF(BK9="na",BK9,BK9-1) -> 45900 | ... BZ9: =IF(BN9="na",BN9,BN9-1) -> 45991 | CA9: =DATE(VALUE(RIGHT($CA$5,4)),12,31) -> 46022 | CC9: =COUNT($BC9:BC9) -> 1 | CD9: =COUNT($BC9:BD9) -> 2 | CE9: =COUNT($BC9:BE9) -> 3 | CF9: =COUNT($BC9:BF9) -> 4 | CG9: =COUNT($BC9:BG9) -> 5 | CH9: =COUNT($BC9:BH9) -> 6 | CI9: =COUNT($BC9:BI9) -> 7 | CJ9: =COUNT($BC9:BJ9) -> 8 | ... CN9: =COUNT($BC9:BN9) -> 12 | CP9: =COUNT($BP9:BP9) -> 1 | CQ9: =COUNT($BP9:BQ9) -> 2 | CR9: =COUNT($BP9:BR9) -> 3 | CS9: =COUNT($BP9:BS9) -> 4 | CT9: =COUNT($BP9:BT9) -> 5 | CU9: =COUNT($BP9:BU9) -> 6 | CV9: =COUNT($BP9:BV9) -> 7 | CW9: =COUNT($BP9:BW9) -> 8 | ... DA9: =COUNT($BP9:CA9) -> 12 | DC9: =IF(ISNUMBER(VALUE(LEFT(B9,3))),VALUE(LEFT(B9,3)),"Entity") -> 100 | DD9: =IF(ISNUMBER(VALUE(MID(B9,5,2))),VALUE(MID(B9,5,2)),"Rollup") -> 32 | DE9: =DC9&"-"&DD9 -> 100-32 | DG9: =COUNT(BC9:BN9) -> 12 | DH9: =COUNT(BP9:CA9) -> 12 | DJ9: {=IF(DJ$5<=$DG9,INDEX($BC9:$BN9,1,_xlfn.XMATCH(DJ$5,$CC9:$CN9)),"na")} -> 45658 | DK9: {=IF(DK$5<=$DH9,INDEX($BP9:$CA9,1,_xlfn.XMATCH(DK$5,$CP9:$DA9)),"na")} -> 45688 | DL9: {=IF(DL$5<=$DG9,INDEX($AC9:$AN9,1,_xlfn.XMATCH(DL$5,$CC9:$CN9)),"na")} -> 184 | DM9: {=IF(DM$5<=$DG9,INDEX($AP9:$BA9,1,_xlfn.XMATCH(DM$5,$CC9:$CN9)),"na")} -> 159 | DN9: {=IF(DN$5<=$DG9,INDEX($BC9:$BN9,1,_xlfn.XMATCH(DN$5,$CC9:$CN9)),"na")} -> 45689 | DO9: {=IF(DO$5<=$DH9,INDEX($BP9:$CA9,1,_xlfn.XMATCH(DO$5,$CP9:$DA9)),"na")} -> 45716 | DP9: {=IF(DP$5<=$DG9,INDEX($AC9:$AN9,1,_xlfn.XMATCH(DP$5,$CC9:$CN9)),"na")} -> 184 | DQ9: {=IF(DQ$5<=$DG9,INDEX($AP9:$BA9,1,_xlfn.XMATCH(DQ$5,$CC9:$CN9)),"na")} -> 160 | DR9: {=IF(DR$5<=$DG9,INDEX($BC9:$BN9,1,_xlfn.XMATCH(DR$5,$CC9:$CN9)),"na")} -> 45717 | DS9: {=IF(DS$5<=$DH9,INDEX($BP9:$CA9,1,_xlfn.XMATCH(DS$5,$CP9:$DA9)),"na")} -> 45747 | DT9: {=IF(DT$5<=$DG9,INDEX($AC9:$AN9,1,_xlfn.XMATCH(DT$5,$CC9:$CN9)),"na")} -> 184 | DU9: {=IF(DU$5<=$DG9,INDEX($AP9:$BA9,1,_xlfn.XMATCH(DU$5,$CC9:$CN9)),"na")} -> 161 | DV9: {=IF(DV$5<=$DG9,INDEX($BC9:$BN9,1,_xlfn.XMATCH(DV$5,$CC9:$CN9)),"na")} -> 45748 | DW9: {=IF(DW$5<=$DH9,INDEX($BP9:$CA9,1,_xlfn.XMATCH(DW$5,$CP9:$DA9)),"na")} -> 45777 | DX9: {=IF(DX$5<=$DG9,INDEX($AC9:$AN9,1,_xlfn.XMATCH(DX$5,$CC9:$CN9)),"na")} -> 184 | DY9: {=IF(DY$5<=$DG9,INDEX($AP9:$BA9,1,_xlfn.XMATCH(DY$5,$CC9:$CN9)),"na")} -> 162 | DZ9: {=IF(DZ$5<=$DG9,INDEX($BC9:$BN9,1,_xlfn.XMATCH(DZ$5,$CC9:$CN9)),"na")} -> 45778 | EA9: {=IF(EA$5<=$DH9,INDEX($BP9:$CA9,1,_xlfn.XMATCH(EA$5,$CP9:$DA9)),"na")} -> 45808 | EB9: {=IF(EB$5<=$DG9,INDEX($AC9:$AN9,1,_xlfn.XMATCH(EB$5,$CC9:$CN9)),"na")} -> 184 | EC9: {=IF(EC$5<=$DG9,INDEX($AP9:$BA9,1,_xlfn.XMATCH(EC$5,$CC9:$CN9)),"na")} -> 163 | ED9: {=IF(ED$5<=$DG9,INDEX($BC9:$BN9,1,_xlfn.XMATCH(ED$5,$CC9:$CN9)),"na")} -> 45809 | EE9: {=IF(EE$5<=$DH9,INDEX($BP9:$CA9,1,_xlfn.XMATCH(EE$5,$CP9:$DA9)),"na")} -> 45838 | EF9: {=IF(EF$5<=$DG9,INDEX($AC9:$AN9,1,_xlfn.XMATCH(EF$5,$CC9:$CN9)),"na")} -> 184 | EG9: {=IF(EG$5<=$DG9,INDEX($AP9:$BA9,1,_xlfn.XMATCH(EG$5,$CC9:$CN9)),"na")} -> 164 | EH9: {=IF(EH$5<=$DG9,INDEX($BC9:$BN9,1,_xlfn.XMATCH(EH$5,$CC9:$CN9)),"na")} -> 45839 | EI9: {=IF(EI$5<=$DH9,INDEX($BP9:$CA9,1,_xlfn.XMATCH(EI$5,$CP9:$DA9)),"na")} -> 45869 | EJ9: {=IF(EJ$5<=$DG9,INDEX($AC9:$AN9,1,_xlfn.XMATCH(EJ$5,$CC9:$CN9)),"na")} -> 184 | EK9: {=IF(EK$5<=$DG9,INDEX($AP9:$BA9,1,_xlfn.XMATCH(EK$5,$CC9:$CN9)),"na")} -> 165 | EL9: {=IF(EL$5<=$DG9,INDEX($BC9:$BN9,1,_xlfn.XMATCH(EL$5,$CC9:$CN9)),"na")} -> 45870 | EM9: {=IF(EM$5<=$DH9,INDEX($BP9:$CA9,1,_xlfn.XMATCH(EM$5,$CP9:$DA9)),"na")} -> 45900 | EN9: {=IF(EN$5<=$DG9,INDEX($AC9:$AN9,1,_xlfn.XMATCH(EN$5,$CC9:$CN9)),"na")} -> 184 | EO9: {=IF(EO$5<=$DG9,INDEX($AP9:$BA9,1,_xlfn.XMATCH(EO$5,$CC9:$CN9)),"na")} -> 166 | EP9: {=IF(EP$5<=$DG9,INDEX($BC9:$BN9,1,_xlfn.XMATCH(EP$5,$CC9:$CN9)),"na")} -> 45901 | EQ9: {=IF(EQ$5<=$DH9,INDEX($BP9:$CA9,1,_xlfn.XMATCH(EQ$5,$CP9:$DA9)),"na")} -> 45930 | ER9: {=IF(ER$5<=$DG9,INDEX($AC9:$AN9,1,_xlfn.XMATCH(ER$5,$CC9:$CN9)),"na")} -> 184 | ES9: {=IF(ES$5<=$DG9,INDEX($AP9:$BA9,1,_xlfn.XMATCH(ES$5,$CC9:$CN9)),"na")} -> 167 | ET9: {=IF(ET$5<=$DG9,INDEX($BC9:$BN9,1,_xlfn.XMATCH(ET$5,$CC9:$CN9)),"na")} -> 45931 | EU9: {=IF(EU$5<=$DH9,INDEX($BP9:$CA9,1,_xlfn.XMATCH(EU$5,$CP9:$DA9)),"na")} -> 45961 | EV9: {=IF(EV$5<=$DG9,INDEX($AC9:$AN9,1,_xlfn.XMATCH(EV$5,$CC9:$CN9)),"na")} -> 184 | EW9: {=IF(EW$5<=$DG9,INDEX($AP9:$BA9,1,_xlfn.XMATCH(EW$5,$CC9:$CN9)),"na")} -> 168 | EX9: {=IF(EX$5<=$DG9,INDEX($BC9:$BN9,1,_xlfn.XMATCH(EX$5,$CC9:$CN9)),"na")} -> 45962 | EY9: {=IF(EY$5<=$DH9,INDEX($BP9:$CA9,1,_xlfn.XMATCH(EY$5,$CP9:$DA9)),"na")} -> 45991 | EZ9: {=IF(EZ$5<=$DG9,INDEX($AC9:$AN9,1,_xlfn.XMATCH(EZ$5,$CC9:$CN9)),"na")} -> 184 | FA9: {=IF(FA$5<=$DG9,INDEX($AP9:$BA9,1,_xlfn.XMATCH(FA$5,$CC9:$CN9)),"na")} -> 169 | FB9: {=IF(FB$5<=$DG9,INDEX($BC9:$BN9,1,_xlfn.XMATCH(FB$5,$CC9:$CN9)),"na")} -> 45992 | FC9: {=IF(FC$5<=$DH9,INDEX($BP9:$CA9,1,_xlfn.XMATCH(FC$5,$CP9:$DA9)),"na")} -> 46022 | FD9: {=IF(FD$5<=$DG9,INDEX($AC9:$AN9,1,_xlfn.XMATCH(FD$5,$CC9:$CN9)),"na")} -> 184 | FE9: {=IF(FE$5<=$DG9,INDEX($AP9:$BA9,1,_xlfn.XMATCH(FE$5,$CC9:$CN9)),"na")} -> 170
B10: 100-33 Apartment C (AMV=419 Wallace, BV=BVWest) | C10: 3069 | D10: 2772 | E10: 3069 | F10: 2970 | G10: 3069 | H10: 2970 | I10: 3069 | J10: 3069 | K10: 2970 | L10: 3069 | M10: 2970 | N10: 3069 | P10: 2790 | Q10: 2520 | R10: 2790 | S10: 2700 | T10: 2790 | U10: 2700 | V10: 2790 | W10: 2790 | X10: 2700 | Y10: 2790 | Z10: 2700 | AA10: 2790 | AC10: =C10/_xlfn.XLOOKUP(AC$5,'OC-Days'!$G:$G,'OC-Days'!$B:$B) -> 99 | AD10: =D10/_xlfn.XLOOKUP(AD$5,'OC-Days'!$G:$G,'OC-Days'!$B:$B) -> 99 | AE10: =E10/_xlfn.XLOOKUP(AE$5,'OC-Days'!$G:$G,'OC-Days'!$B:$B) -> 99 | AF10: =F10/_xlfn.XLOOKUP(AF$5,'OC-Days'!$G:$G,'OC-Days'!$B:$B) -> 99 | AG10: =G10/_xlfn.XLOOKUP(AG$5,'OC-Days'!$G:$G,'OC-Days'!$B:$B) -> 99 | AH10: =H10/_xlfn.XLOOKUP(AH$5,'OC-Days'!$G:$G,'OC-Days'!$B:$B) -> 99 | AI10: =I10/_xlfn.XLOOKUP(AI$5,'OC-Days'!$G:$G,'OC-Days'!$B:$B) -> 99 | AJ10: =J10/_xlfn.XLOOKUP(AJ$5,'OC-Days'!$G:$G,'OC-Days'!$B:$B) -> 99 | ... AN10: =N10/_xlfn.XLOOKUP(AN$5,'OC-Days'!$G:$G,'OC-Days'!$B:$B) -> 99 | AP10: =P10/_xlfn.XLOOKUP(AP$5,'OC-Days'!$G:$G,'OC-Days'!$B:$B) -> 90 | AQ10: =Q10/_xlfn.XLOOKUP(AQ$5,'OC-Days'!$G:$G,'OC-Days'!$B:$B) -> 90 | AR10: =R10/_xlfn.XLOOKUP(AR$5,'OC-Days'!$G:$G,'OC-Days'!$B:$B) -> 90 | AS10: =S10/_xlfn.XLOOKUP(AS$5,'OC-Days'!$G:$G,'OC-Days'!$B:$B) -> 90 | AT10: =T10/_xlfn.XLOOKUP(AT$5,'OC-Days'!$G:$G,'OC-Days'!$B:$B) -> 90 | AU10: =U10/_xlfn.XLOOKUP(AU$5,'OC-Days'!$G:$G,'OC-Days'!$B:$B) -> 90 | AV10: =V10/_xlfn.XLOOKUP(AV$5,'OC-Days'!$G:$G,'OC-Days'!$B:$B) -> 90 | AW10: =W10/_xlfn.XLOOKUP(AW$5,'OC-Days'!$G:$G,'OC-Days'!$B:$B) -> 90 | ... BA10: =AA10/_xlfn.XLOOKUP(BA$5,'OC-Days'!$G:$G,'OC-Days'!$B:$B) -> 90 | BC10: =_xlfn.XLOOKUP(BC$5,'OC-Days'!$G:$G,'OC-Days'!$F:$F) -> 45658 | BD10: =IF(AQ10=AP10,"na",_xlfn.XLOOKUP(BD$5,'OC-Days'!$G:$G,'OC-Days'!$F:$F)) -> na | BE10: =IF(AR10=AQ10,"na",_xlfn.XLOOKUP(BE$5,'OC-Days'!$G:$G,'OC-Days'!$F:$F)) -> na | BF10: =IF(AS10=AR10,"na",_xlfn.XLOOKUP(BF$5,'OC-Days'!$G:$G,'OC-Days'!$F:$F)) -> na | BG10: =IF(AT10=AS10,"na",_xlfn.XLOOKUP(BG$5,'OC-Days'!$G:$G,'OC-Days'!$F:$F)) -> na | BH10: =IF(AU10=AT10,"na",_xlfn.XLOOKUP(BH$5,'OC-Days'!$G:$G,'OC-Days'!$F:$F)) -> na | BI10: =IF(AV10=AU10,"na",_xlfn.XLOOKUP(BI$5,'OC-Days'!$G:$G,'OC-Days'!$F:$F)) -> na | BJ10: =IF(AW10=AV10,"na",_xlfn.XLOOKUP(BJ$5,'OC-Days'!$G:$G,'OC-Days'!$F:$F)) -> na | BK10: =IF(AX10=AW10,"na",_xlfn.XLOOKUP(BK$5,'OC-Days'!$G:$G,'OC-Days'!$F:$F)) -> na | ... BN10: =IF(BA10=AZ10,"na",_xlfn.XLOOKUP(BN$5,'OC-Days'!$G:$G,'OC-Days'!$F:$F)) -> na | BP10: =IF(BD10="na",BD10,BD10-1) -> na | BQ10: =IF(BE10="na",BE10,BE10-1) -> na | BR10: =IF(BF10="na",BF10,BF10-1) -> na | BS10: =IF(BG10="na",BG10,BG10-1) -> na | BT10: =IF(BH10="na",BH10,BH10-1) -> na | BU10: =IF(BI10="na",BI10,BI10-1) -> na | BV10: =IF(BJ10="na",BJ10,BJ10-1) -> na | BW10: =IF(BK10="na",BK10,BK10-1) -> na | ... BZ10: =IF(BN10="na",BN10,BN10-1) -> na | CA10: =DATE(VALUE(RIGHT($CA$5,4)),12,31) -> 46022 | CC10: =COUNT($BC10:BC10) -> 1 | CD10: =COUNT($BC10:BD10) -> 1 | CE10: =COUNT($BC10:BE10) -> 1 | CF10: =COUNT($BC10:BF10) -> 1 | CG10: =COUNT($BC10:BG10) -> 1 | CH10: =COUNT($BC10:BH10) -> 1 | CI10: =COUNT($BC10:BI10) -> 1 | CJ10: =COUNT($BC10:BJ10) -> 1 | ... CN10: =COUNT($BC10:BN10) -> 1 | CP10: =COUNT($BP10:BP10) -> 0 | CQ10: =COUNT($BP10:BQ10) -> 0 | CR10: =COUNT($BP10:BR10) -> 0 | CS10: =COUNT($BP10:BS10) -> 0 | CT10: =COUNT($BP10:BT10) -> 0 | CU10: =COUNT($BP10:BU10) -> 0 | CV10: =COUNT($BP10:BV10) -> 0 | CW10: =COUNT($BP10:BW10) -> 0 | ... DA10: =COUNT($BP10:CA10) -> 1 | DC10: =IF(ISNUMBER(VALUE(LEFT(B10,3))),VALUE(LEFT(B10,3)),"Entity") -> 100 | DD10: =IF(ISNUMBER(VALUE(MID(B10,5,2))),VALUE(MID(B10,5,2)),"Rollup") -> 33 | DE10: =DC10&"-"&DD10 -> 100-33 | DG10: =COUNT(BC10:BN10) -> 1 | DH10: =COUNT(BP10:CA10) -> 1 | DJ10: {=IF(DJ$5<=$DG10,INDEX($BC10:$BN10,1,_xlfn.XMATCH(DJ$5,$CC10:$CN10)),"na")} -> 45658 | DK10: {=IF(DK$5<=$DH10,INDEX($BP10:$CA10,1,_xlfn.XMATCH(DK$5,$CP10:$DA10)),"na")} -> 46022 | DL10: {=IF(DL$5<=$DG10,INDEX($AC10:$AN10,1,_xlfn.XMATCH(DL$5,$CC10:$CN10)),"na")} -> 99 | DM10: {=IF(DM$5<=$DG10,INDEX($AP10:$BA10,1,_xlfn.XMATCH(DM$5,$CC10:$CN10)),"na")} -> 90 | DN10: {=IF(DN$5<=$DG10,INDEX($BC10:$BN10,1,_xlfn.XMATCH(DN$5,$CC10:$CN10)),"na")} -> na | DO10: {=IF(DO$5<=$DH10,INDEX($BP10:$CA10,1,_xlfn.XMATCH(DO$5,$CP10:$DA10)),"na")} -> na | DP10: {=IF(DP$5<=$DG10,INDEX($AC10:$AN10,1,_xlfn.XMATCH(DP$5,$CC10:$CN10)),"na")} -> na | DQ10: {=IF(DQ$5<=$DG10,INDEX($AP10:$BA10,1,_xlfn.XMATCH(DQ$5,$CC10:$CN10)),"na")} -> na | DR10: {=IF(DR$5<=$DG10,INDEX($BC10:$BN10,1,_xlfn.XMATCH(DR$5,$CC10:$CN10)),"na")} -> na | DS10: {=IF(DS$5<=$DH10,INDEX($BP10:$CA10,1,_xlfn.XMATCH(DS$5,$CP10:$DA10)),"na")} -> na | DT10: {=IF(DT$5<=$DG10,INDEX($AC10:$AN10,1,_xlfn.XMATCH(DT$5,$CC10:$CN10)),"na")} -> na | DU10: {=IF(DU$5<=$DG10,INDEX($AP10:$BA10,1,_xlfn.XMATCH(DU$5,$CC10:$CN10)),"na")} -> na | DV10: {=IF(DV$5<=$DG10,INDEX($BC10:$BN10,1,_xlfn.XMATCH(DV$5,$CC10:$CN10)),"na")} -> na | DW10: {=IF(DW$5<=$DH10,INDEX($BP10:$CA10,1,_xlfn.XMATCH(DW$5,$CP10:$DA10)),"na")} -> na | DX10: {=IF(DX$5<=$DG10,INDEX($AC10:$AN10,1,_xlfn.XMATCH(DX$5,$CC10:$CN10)),"na")} -> na | DY10: {=IF(DY$5<=$DG10,INDEX($AP10:$BA10,1,_xlfn.XMATCH(DY$5,$CC10:$CN10)),"na")} -> na | DZ10: {=IF(DZ$5<=$DG10,INDEX($BC10:$BN10,1,_xlfn.XMATCH(DZ$5,$CC10:$CN10)),"na")} -> na | EA10: {=IF(EA$5<=$DH10,INDEX($BP10:$CA10,1,_xlfn.XMATCH(EA$5,$CP10:$DA10)),"na")} -> na | EB10: {=IF(EB$5<=$DG10,INDEX($AC10:$AN10,1,_xlfn.XMATCH(EB$5,$CC10:$CN10)),"na")} -> na | EC10: {=IF(EC$5<=$DG10,INDEX($AP10:$BA10,1,_xlfn.XMATCH(EC$5,$CC10:$CN10)),"na")} -> na | ED10: {=IF(ED$5<=$DG10,INDEX($BC10:$BN10,1,_xlfn.XMATCH(ED$5,$CC10:$CN10)),"na")} -> na | EE10: {=IF(EE$5<=$DH10,INDEX($BP10:$CA10,1,_xlfn.XMATCH(EE$5,$CP10:$DA10)),"na")} -> na | EF10: {=IF(EF$5<=$DG10,INDEX($AC10:$AN10,1,_xlfn.XMATCH(EF$5,$CC10:$CN10)),"na")} -> na | EG10: {=IF(EG$5<=$DG10,INDEX($AP10:$BA10,1,_xlfn.XMATCH(EG$5,$CC10:$CN10)),"na")} -> na | EH10: {=IF(EH$5<=$DG10,INDEX($BC10:$BN10,1,_xlfn.XMATCH(EH$5,$CC10:$CN10)),"na")} -> na | EI10: {=IF(EI$5<=$DH10,INDEX($BP10:$CA10,1,_xlfn.XMATCH(EI$5,$CP10:$DA10)),"na")} -> na | EJ10: {=IF(EJ$5<=$DG10,INDEX($AC10:$AN10,1,_xlfn.XMATCH(EJ$5,$CC10:$CN10)),"na")} -> na | EK10: {=IF(EK$5<=$DG10,INDEX($AP10:$BA10,1,_xlfn.XMATCH(EK$5,$CC10:$CN10)),"na")} -> na | EL10: {=IF(EL$5<=$DG10,INDEX($BC10:$BN10,1,_xlfn.XMATCH(EL$5,$CC10:$CN10)),"na")} -> na | EM10: {=IF(EM$5<=$DH10,INDEX($BP10:$CA10,1,_xlfn.XMATCH(EM$5,$CP10:$DA10)),"na")} -> na | EN10: {=IF(EN$5<=$DG10,INDEX($AC10:$AN10,1,_xlfn.XMATCH(EN$5,$CC10:$CN10)),"na")} -> na | EO10: {=IF(EO$5<=$DG10,INDEX($AP10:$BA10,1,_xlfn.XMATCH(EO$5,$CC10:$CN10)),"na")} -> na | EP10: {=IF(EP$5<=$DG10,INDEX($BC10:$BN10,1,_xlfn.XMATCH(EP$5,$CC10:$CN10)),"na")} -> na | EQ10: {=IF(EQ$5<=$DH10,INDEX($BP10:$CA10,1,_xlfn.XMATCH(EQ$5,$CP10:$DA10)),"na")} -> na | ER10: {=IF(ER$5<=$DG10,INDEX($AC10:$AN10,1,_xlfn.XMATCH(ER$5,$CC10:$CN10)),"na")} -> na | ES10: {=IF(ES$5<=$DG10,INDEX($AP10:$BA10,1,_xlfn.XMATCH(ES$5,$CC10:$CN10)),"na")} -> na | ET10: {=IF(ET$5<=$DG10,INDEX($BC10:$BN10,1,_xlfn.XMATCH(ET$5,$CC10:$CN10)),"na")} -> na | EU10: {=IF(EU$5<=$DH10,INDEX($BP10:$CA10,1,_xlfn.XMATCH(EU$5,$CP10:$DA10)),"na")} -> na | EV10: {=IF(EV$5<=$DG10,INDEX($AC10:$AN10,1,_xlfn.XMATCH(EV$5,$CC10:$CN10)),"na")} -> na | EW10: {=IF(EW$5<=$DG10,INDEX($AP10:$BA10,1,_xlfn.XMATCH(EW$5,$CC10:$CN10)),"na")} -> na | EX10: {=IF(EX$5<=$DG10,INDEX($BC10:$BN10,1,_xlfn.XMATCH(EX$5,$CC10:$CN10)),"na")} -> na | EY10: {=IF(EY$5<=$DH10,INDEX($BP10:$CA10,1,_xlfn.XMATCH(EY$5,$CP10:$DA10)),"na")} -> na | EZ10: {=IF(EZ$5<=$DG10,INDEX($AC10:$AN10,1,_xlfn.XMATCH(EZ$5,$CC10:$CN10)),"na")} -> na | FA10: {=IF(FA$5<=$DG10,INDEX($AP10:$BA10,1,_xlfn.XMATCH(FA$5,$CC10:$CN10)),"na")} -> na | FB10: {=IF(FB$5<=$DG10,INDEX($BC10:$BN10,1,_xlfn.XMATCH(FB$5,$CC10:$CN10)),"na")} -> na | FC10: {=IF(FC$5<=$DH10,INDEX($BP10:$CA10,1,_xlfn.XMATCH(FC$5,$CP10:$DA10)),"na")} -> na | FD10: {=IF(FD$5<=$DG10,INDEX($AC10:$AN10,1,_xlfn.XMATCH(FD$5,$CC10:$CN10)),"na")} -> na | FE10: {=IF(FE$5<=$DG10,INDEX($AP10:$BA10,1,_xlfn.XMATCH(FE$5,$CC10:$CN10)),"na")} -> na
B11: 100-34 Apartment D (AMV=ParkView) | C11: 2015 | D11: 1820 | E11: 2015 | F11: 1950 | G11: 2015 | H11: 1950 | I11: 2015 | J11: 2015 | K11: 1950 | L11: 2015 | M11: 1950 | N11: 2015 | P11: 1767 | Q11: 1596 | R11: 1767 | S11: 1710 | T11: 1767 | U11: 1710 | V11: 1798 | W11: 1798 | X11: 1740 | Y11: 1798 | Z11: 1740 | AA11: 1798 | AC11: =C11/_xlfn.XLOOKUP(AC$5,'OC-Days'!$G:$G,'OC-Days'!$B:$B) -> 65 | AD11: =D11/_xlfn.XLOOKUP(AD$5,'OC-Days'!$G:$G,'OC-Days'!$B:$B) -> 65 | AE11: =E11/_xlfn.XLOOKUP(AE$5,'OC-Days'!$G:$G,'OC-Days'!$B:$B) -> 65 | AF11: =F11/_xlfn.XLOOKUP(AF$5,'OC-Days'!$G:$G,'OC-Days'!$B:$B) -> 65 | AG11: =G11/_xlfn.XLOOKUP(AG$5,'OC-Days'!$G:$G,'OC-Days'!$B:$B) -> 65 | AH11: =H11/_xlfn.XLOOKUP(AH$5,'OC-Days'!$G:$G,'OC-Days'!$B:$B) -> 65 | AI11: =I11/_xlfn.XLOOKUP(AI$5,'OC-Days'!$G:$G,'OC-Days'!$B:$B) -> 65 | AJ11: =J11/_xlfn.XLOOKUP(AJ$5,'OC-Days'!$G:$G,'OC-Days'!$B:$B) -> 65 | ... AN11: =N11/_xlfn.XLOOKUP(AN$5,'OC-Days'!$G:$G,'OC-Days'!$B:$B) -> 65 | AP11: =P11/_xlfn.XLOOKUP(AP$5,'OC-Days'!$G:$G,'OC-Days'!$B:$B) -> 57 | AQ11: =Q11/_xlfn.XLOOKUP(AQ$5,'OC-Days'!$G:$G,'OC-Days'!$B:$B) -> 57 | AR11: =R11/_xlfn.XLOOKUP(AR$5,'OC-Days'!$G:$G,'OC-Days'!$B:$B) -> 57 | AS11: =S11/_xlfn.XLOOKUP(AS$5,'OC-Days'!$G:$G,'OC-Days'!$B:$B) -> 57 | AT11: =T11/_xlfn.XLOOKUP(AT$5,'OC-Days'!$G:$G,'OC-Days'!$B:$B) -> 57 | AU11: =U11/_xlfn.XLOOKUP(AU$5,'OC-Days'!$G:$G,'OC-Days'!$B:$B) -> 57 | AV11: =V11/_xlfn.XLOOKUP(AV$5,'OC-Days'!$G:$G,'OC-Days'!$B:$B) -> 58 | AW11: =W11/_xlfn.XLOOKUP(AW$5,'OC-Days'!$G:$G,'OC-Days'!$B:$B) -> 58 | ... BA11: =AA11/_xlfn.XLOOKUP(BA$5,'OC-Days'!$G:$G,'OC-Days'!$B:$B) -> 58 | BC11: =_xlfn.XLOOKUP(BC$5,'OC-Days'!$G:$G,'OC-Days'!$F:$F) -> 45658 | BD11: =IF(AQ11=AP11,"na",_xlfn.XLOOKUP(BD$5,'OC-Days'!$G:$G,'OC-Days'!$F:$F)) -> na | BE11: =IF(AR11=AQ11,"na",_xlfn.XLOOKUP(BE$5,'OC-Days'!$G:$G,'OC-Days'!$F:$F)) -> na | BF11: =IF(AS11=AR11,"na",_xlfn.XLOOKUP(BF$5,'OC-Days'!$G:$G,'OC-Days'!$F:$F)) -> na | BG11: =IF(AT11=AS11,"na",_xlfn.XLOOKUP(BG$5,'OC-Days'!$G:$G,'OC-Days'!$F:$F)) -> na | BH11: =IF(AU11=AT11,"na",_xlfn.XLOOKUP(BH$5,'OC-Days'!$G:$G,'OC-Days'!$F:$F)) -> na | BI11: =IF(AV11=AU11,"na",_xlfn.XLOOKUP(BI$5,'OC-Days'!$G:$G,'OC-Days'!$F:$F)) -> 45839 | BJ11: =IF(AW11=AV11,"na",_xlfn.XLOOKUP(BJ$5,'OC-Days'!$G:$G,'OC-Days'!$F:$F)) -> na | BK11: =IF(AX11=AW11,"na",_xlfn.XLOOKUP(BK$5,'OC-Days'!$G:$G,'OC-Days'!$F:$F)) -> na | ... BN11: =IF(BA11=AZ11,"na",_xlfn.XLOOKUP(BN$5,'OC-Days'!$G:$G,'OC-Days'!$F:$F)) -> na | BP11: =IF(BD11="na",BD11,BD11-1) -> na | BQ11: =IF(BE11="na",BE11,BE11-1) -> na | BR11: =IF(BF11="na",BF11,BF11-1) -> na | BS11: =IF(BG11="na",BG11,BG11-1) -> na | BT11: =IF(BH11="na",BH11,BH11-1) -> na | BU11: =IF(BI11="na",BI11,BI11-1) -> 45838 | BV11: =IF(BJ11="na",BJ11,BJ11-1) -> na | BW11: =IF(BK11="na",BK11,BK11-1) -> na | ... BZ11: =IF(BN11="na",BN11,BN11-1) -> na | CA11: =DATE(VALUE(RIGHT($CA$5,4)),12,31) -> 46022 | CC11: =COUNT($BC11:BC11) -> 1 | CD11: =COUNT($BC11:BD11) -> 1 | CE11: =COUNT($BC11:BE11) -> 1 | CF11: =COUNT($BC11:BF11) -> 1 | CG11: =COUNT($BC11:BG11) -> 1 | CH11: =COUNT($BC11:BH11) -> 1 | CI11: =COUNT($BC11:BI11) -> 2 | CJ11: =COUNT($BC11:BJ11) -> 2 | ... CN11: =COUNT($BC11:BN11) -> 2 | CP11: =COUNT($BP11:BP11) -> 0 | CQ11: =COUNT($BP11:BQ11) -> 0 | CR11: =COUNT($BP11:BR11) -> 0 | CS11: =COUNT($BP11:BS11) -> 0 | CT11: =COUNT($BP11:BT11) -> 0 | CU11: =COUNT($BP11:BU11) -> 1 | CV11: =COUNT($BP11:BV11) -> 1 | CW11: =COUNT($BP11:BW11) -> 1 | ... DA11: =COUNT($BP11:CA11) -> 2 | DC11: =IF(ISNUMBER(VALUE(LEFT(B11,3))),VALUE(LEFT(B11,3)),"Entity") -> 100 | DD11: =IF(ISNUMBER(VALUE(MID(B11,5,2))),VALUE(MID(B11,5,2)),"Rollup") -> 34 | DE11: =DC11&"-"&DD11 -> 100-34 | DG11: =COUNT(BC11:BN11) -> 2 | DH11: =COUNT(BP11:CA11) -> 2 | DJ11: {=IF(DJ$5<=$DG11,INDEX($BC11:$BN11,1,_xlfn.XMATCH(DJ$5,$CC11:$CN11)),"na")} -> 45658 | DK11: {=IF(DK$5<=$DH11,INDEX($BP11:$CA11,1,_xlfn.XMATCH(DK$5,$CP11:$DA11)),"na")} -> 45838 | DL11: {=IF(DL$5<=$DG11,INDEX($AC11:$AN11,1,_xlfn.XMATCH(DL$5,$CC11:$CN11)),"na")} -> 65 | DM11: {=IF(DM$5<=$DG11,INDEX($AP11:$BA11,1,_xlfn.XMATCH(DM$5,$CC11:$CN11)),"na")} -> 57 | DN11: {=IF(DN$5<=$DG11,INDEX($BC11:$BN11,1,_xlfn.XMATCH(DN$5,$CC11:$CN11)),"na")} -> 45839 | DO11: {=IF(DO$5<=$DH11,INDEX($BP11:$CA11,1,_xlfn.XMATCH(DO$5,$CP11:$DA11)),"na")} -> 46022 | DP11: {=IF(DP$5<=$DG11,INDEX($AC11:$AN11,1,_xlfn.XMATCH(DP$5,$CC11:$CN11)),"na")} -> 65 | DQ11: {=IF(DQ$5<=$DG11,INDEX($AP11:$BA11,1,_xlfn.XMATCH(DQ$5,$CC11:$CN11)),"na")} -> 58 | DR11: {=IF(DR$5<=$DG11,INDEX($BC11:$BN11,1,_xlfn.XMATCH(DR$5,$CC11:$CN11)),"na")} -> na | DS11: {=IF(DS$5<=$DH11,INDEX($BP11:$CA11,1,_xlfn.XMATCH(DS$5,$CP11:$DA11)),"na")} -> na | DT11: {=IF(DT$5<=$DG11,INDEX($AC11:$AN11,1,_xlfn.XMATCH(DT$5,$CC11:$CN11)),"na")} -> na | DU11: {=IF(DU$5<=$DG11,INDEX($AP11:$BA11,1,_xlfn.XMATCH(DU$5,$CC11:$CN11)),"na")} -> na | DV11: {=IF(DV$5<=$DG11,INDEX($BC11:$BN11,1,_xlfn.XMATCH(DV$5,$CC11:$CN11)),"na")} -> na | DW11: {=IF(DW$5<=$DH11,INDEX($BP11:$CA11,1,_xlfn.XMATCH(DW$5,$CP11:$DA11)),"na")} -> na | DX11: {=IF(DX$5<=$DG11,INDEX($AC11:$AN11,1,_xlfn.XMATCH(DX$5,$CC11:$CN11)),"na")} -> na | DY11: {=IF(DY$5<=$DG11,INDEX($AP11:$BA11,1,_xlfn.XMATCH(DY$5,$CC11:$CN11)),"na")} -> na | DZ11: {=IF(DZ$5<=$DG11,INDEX($BC11:$BN11,1,_xlfn.XMATCH(DZ$5,$CC11:$CN11)),"na")} -> na | EA11: {=IF(EA$5<=$DH11,INDEX($BP11:$CA11,1,_xlfn.XMATCH(EA$5,$CP11:$DA11)),"na")} -> na | EB11: {=IF(EB$5<=$DG11,INDEX($AC11:$AN11,1,_xlfn.XMATCH(EB$5,$CC11:$CN11)),"na")} -> na | EC11: {=IF(EC$5<=$DG11,INDEX($AP11:$BA11,1,_xlfn.XMATCH(EC$5,$CC11:$CN11)),"na")} -> na | ED11: {=IF(ED$5<=$DG11,INDEX($BC11:$BN11,1,_xlfn.XMATCH(ED$5,$CC11:$CN11)),"na")} -> na | EE11: {=IF(EE$5<=$DH11,INDEX($BP11:$CA11,1,_xlfn.XMATCH(EE$5,$CP11:$DA11)),"na")} -> na | EF11: {=IF(EF$5<=$DG11,INDEX($AC11:$AN11,1,_xlfn.XMATCH(EF$5,$CC11:$CN11)),"na")} -> na | EG11: {=IF(EG$5<=$DG11,INDEX($AP11:$BA11,1,_xlfn.XMATCH(EG$5,$CC11:$CN11)),"na")} -> na | EH11: {=IF(EH$5<=$DG11,INDEX($BC11:$BN11,1,_xlfn.XMATCH(EH$5,$CC11:$CN11)),"na")} -> na | EI11: {=IF(EI$5<=$DH11,INDEX($BP11:$CA11,1,_xlfn.XMATCH(EI$5,$CP11:$DA11)),"na")} -> na | EJ11: {=IF(EJ$5<=$DG11,INDEX($AC11:$AN11,1,_xlfn.XMATCH(EJ$5,$CC11:$CN11)),"na")} -> na | EK11: {=IF(EK$5<=$DG11,INDEX($AP11:$BA11,1,_xlfn.XMATCH(EK$5,$CC11:$CN11)),"na")} -> na | EL11: {=IF(EL$5<=$DG11,INDEX($BC11:$BN11,1,_xlfn.XMATCH(EL$5,$CC11:$CN11)),"na")} -> na | EM11: {=IF(EM$5<=$DH11,INDEX($BP11:$CA11,1,_xlfn.XMATCH(EM$5,$CP11:$DA11)),"na")} -> na | EN11: {=IF(EN$5<=$DG11,INDEX($AC11:$AN11,1,_xlfn.XMATCH(EN$5,$CC11:$CN11)),"na")} -> na | EO11: {=IF(EO$5<=$DG11,INDEX($AP11:$BA11,1,_xlfn.XMATCH(EO$5,$CC11:$CN11)),"na")} -> na | EP11: {=IF(EP$5<=$DG11,INDEX($BC11:$BN11,1,_xlfn.XMATCH(EP$5,$CC11:$CN11)),"na")} -> na | EQ11: {=IF(EQ$5<=$DH11,INDEX($BP11:$CA11,1,_xlfn.XMATCH(EQ$5,$CP11:$DA11)),"na")} -> na | ER11: {=IF(ER$5<=$DG11,INDEX($AC11:$AN11,1,_xlfn.XMATCH(ER$5,$CC11:$CN11)),"na")} -> na | ES11: {=IF(ES$5<=$DG11,INDEX($AP11:$BA11,1,_xlfn.XMATCH(ES$5,$CC11:$CN11)),"na")} -> na | ET11: {=IF(ET$5<=$DG11,INDEX($BC11:$BN11,1,_xlfn.XMATCH(ET$5,$CC11:$CN11)),"na")} -> na | EU11: {=IF(EU$5<=$DH11,INDEX($BP11:$CA11,1,_xlfn.XMATCH(EU$5,$CP11:$DA11)),"na")} -> na | EV11: {=IF(EV$5<=$DG11,INDEX($AC11:$AN11,1,_xlfn.XMATCH(EV$5,$CC11:$CN11)),"na")} -> na | EW11: {=IF(EW$5<=$DG11,INDEX($AP11:$BA11,1,_xlfn.XMATCH(EW$5,$CC11:$CN11)),"na")} -> na | EX11: {=IF(EX$5<=$DG11,INDEX($BC11:$BN11,1,_xlfn.XMATCH(EX$5,$CC11:$CN11)),"na")} -> na | EY11: {=IF(EY$5<=$DH11,INDEX($BP11:$CA11,1,_xlfn.XMATCH(EY$5,$CP11:$DA11)),"na")} -> na | EZ11: {=IF(EZ$5<=$DG11,INDEX($AC11:$AN11,1,_xlfn.XMATCH(EZ$5,$CC11:$CN11)),"na")} -> na | FA11: {=IF(FA$5<=$DG11,INDEX($AP11:$BA11,1,_xlfn.XMATCH(FA$5,$CC11:$CN11)),"na")} -> na | FB11: {=IF(FB$5<=$DG11,INDEX($BC11:$BN11,1,_xlfn.XMATCH(FB$5,$CC11:$CN11)),"na")} -> na | FC11: {=IF(FC$5<=$DH11,INDEX($BP11:$CA11,1,_xlfn.XMATCH(FC$5,$CP11:$DA11)),"na")} -> na | FD11: {=IF(FD$5<=$DG11,INDEX($AC11:$AN11,1,_xlfn.XMATCH(FD$5,$CC11:$CN11)),"na")} -> na | FE11: {=IF(FE$5<=$DG11,INDEX($AP11:$BA11,1,_xlfn.XMATCH(FE$5,$CC11:$CN11)),"na")} -> na
B12: 100-35 Apartment E (AMV=Edwards Fisher) | C12: 3906 | D12: 3528 | E12: 3906 | F12: 3780 | G12: 3906 | H12: 3780 | I12: 3906 | J12: 3906 | K12: 3780 | L12: 3906 | M12: 3780 | N12: 3906 | P12: 3007 | Q12: 2716 | R12: 3007 | S12: 2940 | T12: 3038 | U12: 2940 | V12: 3069 | W12: 3069 | X12: 2970 | Y12: 3100 | Z12: 3000 | AA12: 3100 | AC12: =C12/_xlfn.XLOOKUP(AC$5,'OC-Days'!$G:$G,'OC-Days'!$B:$B) -> 126 | AD12: =D12/_xlfn.XLOOKUP(AD$5,'OC-Days'!$G:$G,'OC-Days'!$B:$B) -> 126 | AE12: =E12/_xlfn.XLOOKUP(AE$5,'OC-Days'!$G:$G,'OC-Days'!$B:$B) -> 126 | AF12: =F12/_xlfn.XLOOKUP(AF$5,'OC-Days'!$G:$G,'OC-Days'!$B:$B) -> 126 | AG12: =G12/_xlfn.XLOOKUP(AG$5,'OC-Days'!$G:$G,'OC-Days'!$B:$B) -> 126 | AH12: =H12/_xlfn.XLOOKUP(AH$5,'OC-Days'!$G:$G,'OC-Days'!$B:$B) -> 126 | AI12: =I12/_xlfn.XLOOKUP(AI$5,'OC-Days'!$G:$G,'OC-Days'!$B:$B) -> 126 | AJ12: =J12/_xlfn.XLOOKUP(AJ$5,'OC-Days'!$G:$G,'OC-Days'!$B:$B) -> 126 | ... AN12: =N12/_xlfn.XLOOKUP(AN$5,'OC-Days'!$G:$G,'OC-Days'!$B:$B) -> 126 | AP12: =P12/_xlfn.XLOOKUP(AP$5,'OC-Days'!$G:$G,'OC-Days'!$B:$B) -> 97 | AQ12: =Q12/_xlfn.XLOOKUP(AQ$5,'OC-Days'!$G:$G,'OC-Days'!$B:$B) -> 97 | AR12: =R12/_xlfn.XLOOKUP(AR$5,'OC-Days'!$G:$G,'OC-Days'!$B:$B) -> 97 | AS12: =S12/_xlfn.XLOOKUP(AS$5,'OC-Days'!$G:$G,'OC-Days'!$B:$B) -> 98 | AT12: =T12/_xlfn.XLOOKUP(AT$5,'OC-Days'!$G:$G,'OC-Days'!$B:$B) -> 98 | AU12: =U12/_xlfn.XLOOKUP(AU$5,'OC-Days'!$G:$G,'OC-Days'!$B:$B) -> 98 | AV12: =V12/_xlfn.XLOOKUP(AV$5,'OC-Days'!$G:$G,'OC-Days'!$B:$B) -> 99 | AW12: =W12/_xlfn.XLOOKUP(AW$5,'OC-Days'!$G:$G,'OC-Days'!$B:$B) -> 99 | ... BA12: =AA12/_xlfn.XLOOKUP(BA$5,'OC-Days'!$G:$G,'OC-Days'!$B:$B) -> 100 | BC12: =_xlfn.XLOOKUP(BC$5,'OC-Days'!$G:$G,'OC-Days'!$F:$F) -> 45658 | BD12: =IF(AQ12=AP12,"na",_xlfn.XLOOKUP(BD$5,'OC-Days'!$G:$G,'OC-Days'!$F:$F)) -> na | BE12: =IF(AR12=AQ12,"na",_xlfn.XLOOKUP(BE$5,'OC-Days'!$G:$G,'OC-Days'!$F:$F)) -> na | BF12: =IF(AS12=AR12,"na",_xlfn.XLOOKUP(BF$5,'OC-Days'!$G:$G,'OC-Days'!$F:$F)) -> 45748 | BG12: =IF(AT12=AS12,"na",_xlfn.XLOOKUP(BG$5,'OC-Days'!$G:$G,'OC-Days'!$F:$F)) -> na | BH12: =IF(AU12=AT12,"na",_xlfn.XLOOKUP(BH$5,'OC-Days'!$G:$G,'OC-Days'!$F:$F)) -> na | BI12: =IF(AV12=AU12,"na",_xlfn.XLOOKUP(BI$5,'OC-Days'!$G:$G,'OC-Days'!$F:$F)) -> 45839 | BJ12: =IF(AW12=AV12,"na",_xlfn.XLOOKUP(BJ$5,'OC-Days'!$G:$G,'OC-Days'!$F:$F)) -> na | BK12: =IF(AX12=AW12,"na",_xlfn.XLOOKUP(BK$5,'OC-Days'!$G:$G,'OC-Days'!$F:$F)) -> na | ... BN12: =IF(BA12=AZ12,"na",_xlfn.XLOOKUP(BN$5,'OC-Days'!$G:$G,'OC-Days'!$F:$F)) -> na | BP12: =IF(BD12="na",BD12,BD12-1) -> na | BQ12: =IF(BE12="na",BE12,BE12-1) -> na | BR12: =IF(BF12="na",BF12,BF12-1) -> 45747 | BS12: =IF(BG12="na",BG12,BG12-1) -> na | BT12: =IF(BH12="na",BH12,BH12-1) -> na | BU12: =IF(BI12="na",BI12,BI12-1) -> 45838 | BV12: =IF(BJ12="na",BJ12,BJ12-1) -> na | BW12: =IF(BK12="na",BK12,BK12-1) -> na | ... BZ12: =IF(BN12="na",BN12,BN12-1) -> na | CA12: =DATE(VALUE(RIGHT($CA$5,4)),12,31) -> 46022 | CC12: =COUNT($BC12:BC12) -> 1 | CD12: =COUNT($BC12:BD12) -> 1 | CE12: =COUNT($BC12:BE12) -> 1 | CF12: =COUNT($BC12:BF12) -> 2 | CG12: =COUNT($BC12:BG12) -> 2 | CH12: =COUNT($BC12:BH12) -> 2 | CI12: =COUNT($BC12:BI12) -> 3 | CJ12: =COUNT($BC12:BJ12) -> 3 | ... CN12: =COUNT($BC12:BN12) -> 4 | CP12: =COUNT($BP12:BP12) -> 0 | CQ12: =COUNT($BP12:BQ12) -> 0 | CR12: =COUNT($BP12:BR12) -> 1 | CS12: =COUNT($BP12:BS12) -> 1 | CT12: =COUNT($BP12:BT12) -> 1 | CU12: =COUNT($BP12:BU12) -> 2 | CV12: =COUNT($BP12:BV12) -> 2 | CW12: =COUNT($BP12:BW12) -> 2 | ... DA12: =COUNT($BP12:CA12) -> 4 | DC12: =IF(ISNUMBER(VALUE(LEFT(B12,3))),VALUE(LEFT(B12,3)),"Entity") -> 100 | DD12: =IF(ISNUMBER(VALUE(MID(B12,5,2))),VALUE(MID(B12,5,2)),"Rollup") -> 35 | DE12: =DC12&"-"&DD12 -> 100-35 | DG12: =COUNT(BC12:BN12) -> 4 | DH12: =COUNT(BP12:CA12) -> 4 | DJ12: {=IF(DJ$5<=$DG12,INDEX($BC12:$BN12,1,_xlfn.XMATCH(DJ$5,$CC12:$CN12)),"na")} -> 45658 | DK12: {=IF(DK$5<=$DH12,INDEX($BP12:$CA12,1,_xlfn.XMATCH(DK$5,$CP12:$DA12)),"na")} -> 45747 | DL12: {=IF(DL$5<=$DG12,INDEX($AC12:$AN12,1,_xlfn.XMATCH(DL$5,$CC12:$CN12)),"na")} -> 126 | DM12: {=IF(DM$5<=$DG12,INDEX($AP12:$BA12,1,_xlfn.XMATCH(DM$5,$CC12:$CN12)),"na")} -> 97 | DN12: {=IF(DN$5<=$DG12,INDEX($BC12:$BN12,1,_xlfn.XMATCH(DN$5,$CC12:$CN12)),"na")} -> 45748 | DO12: {=IF(DO$5<=$DH12,INDEX($BP12:$CA12,1,_xlfn.XMATCH(DO$5,$CP12:$DA12)),"na")} -> 45838 | DP12: {=IF(DP$5<=$DG12,INDEX($AC12:$AN12,1,_xlfn.XMATCH(DP$5,$CC12:$CN12)),"na")} -> 126 | DQ12: {=IF(DQ$5<=$DG12,INDEX($AP12:$BA12,1,_xlfn.XMATCH(DQ$5,$CC12:$CN12)),"na")} -> 98 | DR12: {=IF(DR$5<=$DG12,INDEX($BC12:$BN12,1,_xlfn.XMATCH(DR$5,$CC12:$CN12)),"na")} -> 45839 | DS12: {=IF(DS$5<=$DH12,INDEX($BP12:$CA12,1,_xlfn.XMATCH(DS$5,$CP12:$DA12)),"na")} -> 45930 | DT12: {=IF(DT$5<=$DG12,INDEX($AC12:$AN12,1,_xlfn.XMATCH(DT$5,$CC12:$CN12)),"na")} -> 126 | DU12: {=IF(DU$5<=$DG12,INDEX($AP12:$BA12,1,_xlfn.XMATCH(DU$5,$CC12:$CN12)),"na")} -> 99 | DV12: {=IF(DV$5<=$DG12,INDEX($BC12:$BN12,1,_xlfn.XMATCH(DV$5,$CC12:$CN12)),"na")} -> 45931 | DW12: {=IF(DW$5<=$DH12,INDEX($BP12:$CA12,1,_xlfn.XMATCH(DW$5,$CP12:$DA12)),"na")} -> 46022 | DX12: {=IF(DX$5<=$DG12,INDEX($AC12:$AN12,1,_xlfn.XMATCH(DX$5,$CC12:$CN12)),"na")} -> 126 | DY12: {=IF(DY$5<=$DG12,INDEX($AP12:$BA12,1,_xlfn.XMATCH(DY$5,$CC12:$CN12)),"na")} -> 100 | DZ12: {=IF(DZ$5<=$DG12,INDEX($BC12:$BN12,1,_xlfn.XMATCH(DZ$5,$CC12:$CN12)),"na")} -> na | EA12: {=IF(EA$5<=$DH12,INDEX($BP12:$CA12,1,_xlfn.XMATCH(EA$5,$CP12:$DA12)),"na")} -> na | EB12: {=IF(EB$5<=$DG12,INDEX($AC12:$AN12,1,_xlfn.XMATCH(EB$5,$CC12:$CN12)),"na")} -> na | EC12: {=IF(EC$5<=$DG12,INDEX($AP12:$BA12,1,_xlfn.XMATCH(EC$5,$CC12:$CN12)),"na")} -> na | ED12: {=IF(ED$5<=$DG12,INDEX($BC12:$BN12,1,_xlfn.XMATCH(ED$5,$CC12:$CN12)),"na")} -> na | EE12: {=IF(EE$5<=$DH12,INDEX($BP12:$CA12,1,_xlfn.XMATCH(EE$5,$CP12:$DA12)),"na")} -> na | EF12: {=IF(EF$5<=$DG12,INDEX($AC12:$AN12,1,_xlfn.XMATCH(EF$5,$CC12:$CN12)),"na")} -> na | EG12: {=IF(EG$5<=$DG12,INDEX($AP12:$BA12,1,_xlfn.XMATCH(EG$5,$CC12:$CN12)),"na")} -> na | EH12: {=IF(EH$5<=$DG12,INDEX($BC12:$BN12,1,_xlfn.XMATCH(EH$5,$CC12:$CN12)),"na")} -> na | EI12: {=IF(EI$5<=$DH12,INDEX($BP12:$CA12,1,_xlfn.XMATCH(EI$5,$CP12:$DA12)),"na")} -> na | EJ12: {=IF(EJ$5<=$DG12,INDEX($AC12:$AN12,1,_xlfn.XMATCH(EJ$5,$CC12:$CN12)),"na")} -> na | EK12: {=IF(EK$5<=$DG12,INDEX($AP12:$BA12,1,_xlfn.XMATCH(EK$5,$CC12:$CN12)),"na")} -> na | EL12: {=IF(EL$5<=$DG12,INDEX($BC12:$BN12,1,_xlfn.XMATCH(EL$5,$CC12:$CN12)),"na")} -> na | EM12: {=IF(EM$5<=$DH12,INDEX($BP12:$CA12,1,_xlfn.XMATCH(EM$5,$CP12:$DA12)),"na")} -> na | EN12: {=IF(EN$5<=$DG12,INDEX($AC12:$AN12,1,_xlfn.XMATCH(EN$5,$CC12:$CN12)),"na")} -> na | EO12: {=IF(EO$5<=$DG12,INDEX($AP12:$BA12,1,_xlfn.XMATCH(EO$5,$CC12:$CN12)),"na")} -> na | EP12: {=IF(EP$5<=$DG12,INDEX($BC12:$BN12,1,_xlfn.XMATCH(EP$5,$CC12:$CN12)),"na")} -> na | EQ12: {=IF(EQ$5<=$DH12,INDEX($BP12:$CA12,1,_xlfn.XMATCH(EQ$5,$CP12:$DA12)),"na")} -> na | ER12: {=IF(ER$5<=$DG12,INDEX($AC12:$AN12,1,_xlfn.XMATCH(ER$5,$CC12:$CN12)),"na")} -> na | ES12: {=IF(ES$5<=$DG12,INDEX($AP12:$BA12,1,_xlfn.XMATCH(ES$5,$CC12:$CN12)),"na")} -> na | ET12: {=IF(ET$5<=$DG12,INDEX($BC12:$BN12,1,_xlfn.XMATCH(ET$5,$CC12:$CN12)),"na")} -> na | EU12: {=IF(EU$5<=$DH12,INDEX($BP12:$CA12,1,_xlfn.XMATCH(EU$5,$CP12:$DA12)),"na")} -> na | EV12: {=IF(EV$5<=$DG12,INDEX($AC12:$AN12,1,_xlfn.XMATCH(EV$5,$CC12:$CN12)),"na")} -> na | EW12: {=IF(EW$5<=$DG12,INDEX($AP12:$BA12,1,_xlfn.XMATCH(EW$5,$CC12:$CN12)),"na")} -> na | EX12: {=IF(EX$5<=$DG12,INDEX($BC12:$BN12,1,_xlfn.XMATCH(EX$5,$CC12:$CN12)),"na")} -> na | EY12: {=IF(EY$5<=$DH12,INDEX($BP12:$CA12,1,_xlfn.XMATCH(EY$5,$CP12:$DA12)),"na")} -> na | EZ12: {=IF(EZ$5<=$DG12,INDEX($AC12:$AN12,1,_xlfn.XMATCH(EZ$5,$CC12:$CN12)),"na")} -> na | FA12: {=IF(FA$5<=$DG12,INDEX($AP12:$BA12,1,_xlfn.XMATCH(FA$5,$CC12:$CN12)),"na")} -> na | FB12: {=IF(FB$5<=$DG12,INDEX($BC12:$BN12,1,_xlfn.XMATCH(FB$5,$CC12:$CN12)),"na")} -> na | FC12: {=IF(FC$5<=$DH12,INDEX($BP12:$CA12,1,_xlfn.XMATCH(FC$5,$CP12:$DA12)),"na")} -> na | FD12: {=IF(FD$5<=$DG12,INDEX($AC12:$AN12,1,_xlfn.XMATCH(FD$5,$CC12:$CN12)),"na")} -> na | FE12: {=IF(FE$5<=$DG12,INDEX($AP12:$BA12,1,_xlfn.XMATCH(FE$5,$CC12:$CN12)),"na")} -> na
B13: 100-36 Apartment F (AMV=Mund) | C13: 3906 | D13: 3528 | E13: 3906 | F13: 3780 | G13: 3906 | H13: 3780 | I13: 3906 | J13: 3906 | K13: 3780 | L13: 3906 | M13: 3780 | N13: 3906 | P13: 2480 | Q13: 2240 | R13: 2511 | S13: 2430 | T13: 2542 | U13: 2460 | V13: 2573 | W13: 2573 | X13: 2520 | Y13: 2604 | Z13: 2550 | AA13: 2635 | AC13: =C13/_xlfn.XLOOKUP(AC$5,'OC-Days'!$G:$G,'OC-Days'!$B:$B) -> 126 | AD13: =D13/_xlfn.XLOOKUP(AD$5,'OC-Days'!$G:$G,'OC-Days'!$B:$B) -> 126 | AE13: =E13/_xlfn.XLOOKUP(AE$5,'OC-Days'!$G:$G,'OC-Days'!$B:$B) -> 126 | AF13: =F13/_xlfn.XLOOKUP(AF$5,'OC-Days'!$G:$G,'OC-Days'!$B:$B) -> 126 | AG13: =G13/_xlfn.XLOOKUP(AG$5,'OC-Days'!$G:$G,'OC-Days'!$B:$B) -> 126 | AH13: =H13/_xlfn.XLOOKUP(AH$5,'OC-Days'!$G:$G,'OC-Days'!$B:$B) -> 126 | AI13: =I13/_xlfn.XLOOKUP(AI$5,'OC-Days'!$G:$G,'OC-Days'!$B:$B) -> 126 | AJ13: =J13/_xlfn.XLOOKUP(AJ$5,'OC-Days'!$G:$G,'OC-Days'!$B:$B) -> 126 | ... AN13: =N13/_xlfn.XLOOKUP(AN$5,'OC-Days'!$G:$G,'OC-Days'!$B:$B) -> 126 | AP13: =P13/_xlfn.XLOOKUP(AP$5,'OC-Days'!$G:$G,'OC-Days'!$B:$B) -> 80 | AQ13: =Q13/_xlfn.XLOOKUP(AQ$5,'OC-Days'!$G:$G,'OC-Days'!$B:$B) -> 80 | AR13: =R13/_xlfn.XLOOKUP(AR$5,'OC-Days'!$G:$G,'OC-Days'!$B:$B) -> 81 | AS13: =S13/_xlfn.XLOOKUP(AS$5,'OC-Days'!$G:$G,'OC-Days'!$B:$B) -> 81 | AT13: =T13/_xlfn.XLOOKUP(AT$5,'OC-Days'!$G:$G,'OC-Days'!$B:$B) -> 82 | AU13: =U13/_xlfn.XLOOKUP(AU$5,'OC-Days'!$G:$G,'OC-Days'!$B:$B) -> 82 | AV13: =V13/_xlfn.XLOOKUP(AV$5,'OC-Days'!$G:$G,'OC-Days'!$B:$B) -> 83 | AW13: =W13/_xlfn.XLOOKUP(AW$5,'OC-Days'!$G:$G,'OC-Days'!$B:$B) -> 83 | ... BA13: =AA13/_xlfn.XLOOKUP(BA$5,'OC-Days'!$G:$G,'OC-Days'!$B:$B) -> 85 | BC13: =_xlfn.XLOOKUP(BC$5,'OC-Days'!$G:$G,'OC-Days'!$F:$F) -> 45658 | BD13: =IF(AQ13=AP13,"na",_xlfn.XLOOKUP(BD$5,'OC-Days'!$G:$G,'OC-Days'!$F:$F)) -> na | BE13: =IF(AR13=AQ13,"na",_xlfn.XLOOKUP(BE$5,'OC-Days'!$G:$G,'OC-Days'!$F:$F)) -> 45717 | BF13: =IF(AS13=AR13,"na",_xlfn.XLOOKUP(BF$5,'OC-Days'!$G:$G,'OC-Days'!$F:$F)) -> na | BG13: =IF(AT13=AS13,"na",_xlfn.XLOOKUP(BG$5,'OC-Days'!$G:$G,'OC-Days'!$F:$F)) -> 45778 | BH13: =IF(AU13=AT13,"na",_xlfn.XLOOKUP(BH$5,'OC-Days'!$G:$G,'OC-Days'!$F:$F)) -> na | BI13: =IF(AV13=AU13,"na",_xlfn.XLOOKUP(BI$5,'OC-Days'!$G:$G,'OC-Days'!$F:$F)) -> 45839 | BJ13: =IF(AW13=AV13,"na",_xlfn.XLOOKUP(BJ$5,'OC-Days'!$G:$G,'OC-Days'!$F:$F)) -> na | BK13: =IF(AX13=AW13,"na",_xlfn.XLOOKUP(BK$5,'OC-Days'!$G:$G,'OC-Days'!$F:$F)) -> 45901 | ... BN13: =IF(BA13=AZ13,"na",_xlfn.XLOOKUP(BN$5,'OC-Days'!$G:$G,'OC-Days'!$F:$F)) -> na | BP13: =IF(BD13="na",BD13,BD13-1) -> na | BQ13: =IF(BE13="na",BE13,BE13-1) -> 45716 | BR13: =IF(BF13="na",BF13,BF13-1) -> na | BS13: =IF(BG13="na",BG13,BG13-1) -> 45777 | BT13: =IF(BH13="na",BH13,BH13-1) -> na | BU13: =IF(BI13="na",BI13,BI13-1) -> 45838 | BV13: =IF(BJ13="na",BJ13,BJ13-1) -> na | BW13: =IF(BK13="na",BK13,BK13-1) -> 45900 | ... BZ13: =IF(BN13="na",BN13,BN13-1) -> na | CA13: =DATE(VALUE(RIGHT($CA$5,4)),12,31) -> 46022 | CC13: =COUNT($BC13:BC13) -> 1 | CD13: =COUNT($BC13:BD13) -> 1 | CE13: =COUNT($BC13:BE13) -> 2 | CF13: =COUNT($BC13:BF13) -> 2 | CG13: =COUNT($BC13:BG13) -> 3 | CH13: =COUNT($BC13:BH13) -> 3 | CI13: =COUNT($BC13:BI13) -> 4 | CJ13: =COUNT($BC13:BJ13) -> 4 | ... CN13: =COUNT($BC13:BN13) -> 6 | CP13: =COUNT($BP13:BP13) -> 0 | CQ13: =COUNT($BP13:BQ13) -> 1 | CR13: =COUNT($BP13:BR13) -> 1 | CS13: =COUNT($BP13:BS13) -> 2 | CT13: =COUNT($BP13:BT13) -> 2 | CU13: =COUNT($BP13:BU13) -> 3 | CV13: =COUNT($BP13:BV13) -> 3 | CW13: =COUNT($BP13:BW13) -> 4 | ... DA13: =COUNT($BP13:CA13) -> 6 | DC13: =IF(ISNUMBER(VALUE(LEFT(B13,3))),VALUE(LEFT(B13,3)),"Entity") -> 100 | DD13: =IF(ISNUMBER(VALUE(MID(B13,5,2))),VALUE(MID(B13,5,2)),"Rollup") -> 36 | DE13: =DC13&"-"&DD13 -> 100-36 | DG13: =COUNT(BC13:BN13) -> 6 | DH13: =COUNT(BP13:CA13) -> 6 | DJ13: {=IF(DJ$5<=$DG13,INDEX($BC13:$BN13,1,_xlfn.XMATCH(DJ$5,$CC13:$CN13)),"na")} -> 45658 | DK13: {=IF(DK$5<=$DH13,INDEX($BP13:$CA13,1,_xlfn.XMATCH(DK$5,$CP13:$DA13)),"na")} -> 45716 | DL13: {=IF(DL$5<=$DG13,INDEX($AC13:$AN13,1,_xlfn.XMATCH(DL$5,$CC13:$CN13)),"na")} -> 126 | DM13: {=IF(DM$5<=$DG13,INDEX($AP13:$BA13,1,_xlfn.XMATCH(DM$5,$CC13:$CN13)),"na")} -> 80 | DN13: {=IF(DN$5<=$DG13,INDEX($BC13:$BN13,1,_xlfn.XMATCH(DN$5,$CC13:$CN13)),"na")} -> 45717 | DO13: {=IF(DO$5<=$DH13,INDEX($BP13:$CA13,1,_xlfn.XMATCH(DO$5,$CP13:$DA13)),"na")} -> 45777 | DP13: {=IF(DP$5<=$DG13,INDEX($AC13:$AN13,1,_xlfn.XMATCH(DP$5,$CC13:$CN13)),"na")} -> 126 | DQ13: {=IF(DQ$5<=$DG13,INDEX($AP13:$BA13,1,_xlfn.XMATCH(DQ$5,$CC13:$CN13)),"na")} -> 81 | DR13: {=IF(DR$5<=$DG13,INDEX($BC13:$BN13,1,_xlfn.XMATCH(DR$5,$CC13:$CN13)),"na")} -> 45778 | DS13: {=IF(DS$5<=$DH13,INDEX($BP13:$CA13,1,_xlfn.XMATCH(DS$5,$CP13:$DA13)),"na")} -> 45838 | DT13: {=IF(DT$5<=$DG13,INDEX($AC13:$AN13,1,_xlfn.XMATCH(DT$5,$CC13:$CN13)),"na")} -> 126 | DU13: {=IF(DU$5<=$DG13,INDEX($AP13:$BA13,1,_xlfn.XMATCH(DU$5,$CC13:$CN13)),"na")} -> 82 | DV13: {=IF(DV$5<=$DG13,INDEX($BC13:$BN13,1,_xlfn.XMATCH(DV$5,$CC13:$CN13)),"na")} -> 45839 | DW13: {=IF(DW$5<=$DH13,INDEX($BP13:$CA13,1,_xlfn.XMATCH(DW$5,$CP13:$DA13)),"na")} -> 45900 | DX13: {=IF(DX$5<=$DG13,INDEX($AC13:$AN13,1,_xlfn.XMATCH(DX$5,$CC13:$CN13)),"na")} -> 126 | DY13: {=IF(DY$5<=$DG13,INDEX($AP13:$BA13,1,_xlfn.XMATCH(DY$5,$CC13:$CN13)),"na")} -> 83 | DZ13: {=IF(DZ$5<=$DG13,INDEX($BC13:$BN13,1,_xlfn.XMATCH(DZ$5,$CC13:$CN13)),"na")} -> 45901 | EA13: {=IF(EA$5<=$DH13,INDEX($BP13:$CA13,1,_xlfn.XMATCH(EA$5,$CP13:$DA13)),"na")} -> 45961 | EB13: {=IF(EB$5<=$DG13,INDEX($AC13:$AN13,1,_xlfn.XMATCH(EB$5,$CC13:$CN13)),"na")} -> 126 | EC13: {=IF(EC$5<=$DG13,INDEX($AP13:$BA13,1,_xlfn.XMATCH(EC$5,$CC13:$CN13)),"na")} -> 84 | ED13: {=IF(ED$5<=$DG13,INDEX($BC13:$BN13,1,_xlfn.XMATCH(ED$5,$CC13:$CN13)),"na")} -> 45962 | EE13: {=IF(EE$5<=$DH13,INDEX($BP13:$CA13,1,_xlfn.XMATCH(EE$5,$CP13:$DA13)),"na")} -> 46022 | EF13: {=IF(EF$5<=$DG13,INDEX($AC13:$AN13,1,_xlfn.XMATCH(EF$5,$CC13:$CN13)),"na")} -> 126 | EG13: {=IF(EG$5<=$DG13,INDEX($AP13:$BA13,1,_xlfn.XMATCH(EG$5,$CC13:$CN13)),"na")} -> 85 | EH13: {=IF(EH$5<=$DG13,INDEX($BC13:$BN13,1,_xlfn.XMATCH(EH$5,$CC13:$CN13)),"na")} -> na | EI13: {=IF(EI$5<=$DH13,INDEX($BP13:$CA13,1,_xlfn.XMATCH(EI$5,$CP13:$DA13)),"na")} -> na | EJ13: {=IF(EJ$5<=$DG13,INDEX($AC13:$AN13,1,_xlfn.XMATCH(EJ$5,$CC13:$CN13)),"na")} -> na | EK13: {=IF(EK$5<=$DG13,INDEX($AP13:$BA13,1,_xlfn.XMATCH(EK$5,$CC13:$CN13)),"na")} -> na | EL13: {=IF(EL$5<=$DG13,INDEX($BC13:$BN13,1,_xlfn.XMATCH(EL$5,$CC13:$CN13)),"na")} -> na | EM13: {=IF(EM$5<=$DH13,INDEX($BP13:$CA13,1,_xlfn.XMATCH(EM$5,$CP13:$DA13)),"na")} -> na | EN13: {=IF(EN$5<=$DG13,INDEX($AC13:$AN13,1,_xlfn.XMATCH(EN$5,$CC13:$CN13)),"na")} -> na | EO13: {=IF(EO$5<=$DG13,INDEX($AP13:$BA13,1,_xlfn.XMATCH(EO$5,$CC13:$CN13)),"na")} -> na | EP13: {=IF(EP$5<=$DG13,INDEX($BC13:$BN13,1,_xlfn.XMATCH(EP$5,$CC13:$CN13)),"na")} -> na | EQ13: {=IF(EQ$5<=$DH13,INDEX($BP13:$CA13,1,_xlfn.XMATCH(EQ$5,$CP13:$DA13)),"na")} -> na | ER13: {=IF(ER$5<=$DG13,INDEX($AC13:$AN13,1,_xlfn.XMATCH(ER$5,$CC13:$CN13)),"na")} -> na | ES13: {=IF(ES$5<=$DG13,INDEX($AP13:$BA13,1,_xlfn.XMATCH(ES$5,$CC13:$CN13)),"na")} -> na | ET13: {=IF(ET$5<=$DG13,INDEX($BC13:$BN13,1,_xlfn.XMATCH(ET$5,$CC13:$CN13)),"na")} -> na | EU13: {=IF(EU$5<=$DH13,INDEX($BP13:$CA13,1,_xlfn.XMATCH(EU$5,$CP13:$DA13)),"na")} -> na | EV13: {=IF(EV$5<=$DG13,INDEX($AC13:$AN13,1,_xlfn.XMATCH(EV$5,$CC13:$CN13)),"na")} -> na | EW13: {=IF(EW$5<=$DG13,INDEX($AP13:$BA13,1,_xlfn.XMATCH(EW$5,$CC13:$CN13)),"na")} -> na | EX13: {=IF(EX$5<=$DG13,INDEX($BC13:$BN13,1,_xlfn.XMATCH(EX$5,$CC13:$CN13)),"na")} -> na | EY13: {=IF(EY$5<=$DH13,INDEX($BP13:$CA13,1,_xlfn.XMATCH(EY$5,$CP13:$DA13)),"na")} -> na | EZ13: {=IF(EZ$5<=$DG13,INDEX($AC13:$AN13,1,_xlfn.XMATCH(EZ$5,$CC13:$CN13)),"na")} -> na | FA13: {=IF(FA$5<=$DG13,INDEX($AP13:$BA13,1,_xlfn.XMATCH(FA$5,$CC13:$CN13)),"na")} -> na | FB13: {=IF(FB$5<=$DG13,INDEX($BC13:$BN13,1,_xlfn.XMATCH(FB$5,$CC13:$CN13)),"na")} -> na | FC13: {=IF(FC$5<=$DH13,INDEX($BP13:$CA13,1,_xlfn.XMATCH(FC$5,$CP13:$DA13)),"na")} -> na | FD13: {=IF(FD$5<=$DG13,INDEX($AC13:$AN13,1,_xlfn.XMATCH(FD$5,$CC13:$CN13)),"na")} -> na | FE13: {=IF(FE$5<=$DG13,INDEX($AP13:$BA13,1,_xlfn.XMATCH(FE$5,$CC13:$CN13)),"na")} -> na
B14: 100-51 AL/PC A | C14: 4123 | D14: 3724 | E14: 4123 | F14: 3990 | G14: 4123 | H14: 3990 | I14: 4123 | J14: 4123 | K14: 3990 | L14: 4123 | M14: 3990 | N14: 4123 | P14: 3844 | Q14: 3472 | R14: 3844 | S14: 3720 | T14: 3844 | U14: 3720 | V14: 3844 | W14: 3844 | X14: 3720 | Y14: 3844 | Z14: 3720 | AA14: 3844 | AC14: =C14/_xlfn.XLOOKUP(AC$5,'OC-Days'!$G:$G,'OC-Days'!$B:$B) -> 133 | AD14: =D14/_xlfn.XLOOKUP(AD$5,'OC-Days'!$G:$G,'OC-Days'!$B:$B) -> 133 | AE14: =E14/_xlfn.XLOOKUP(AE$5,'OC-Days'!$G:$G,'OC-Days'!$B:$B) -> 133 | AF14: =F14/_xlfn.XLOOKUP(AF$5,'OC-Days'!$G:$G,'OC-Days'!$B:$B) -> 133 | AG14: =G14/_xlfn.XLOOKUP(AG$5,'OC-Days'!$G:$G,'OC-Days'!$B:$B) -> 133 | AH14: =H14/_xlfn.XLOOKUP(AH$5,'OC-Days'!$G:$G,'OC-Days'!$B:$B) -> 133 | AI14: =I14/_xlfn.XLOOKUP(AI$5,'OC-Days'!$G:$G,'OC-Days'!$B:$B) -> 133 | AJ14: =J14/_xlfn.XLOOKUP(AJ$5,'OC-Days'!$G:$G,'OC-Days'!$B:$B) -> 133 | ... AN14: =N14/_xlfn.XLOOKUP(AN$5,'OC-Days'!$G:$G,'OC-Days'!$B:$B) -> 133 | AP14: =P14/_xlfn.XLOOKUP(AP$5,'OC-Days'!$G:$G,'OC-Days'!$B:$B) -> 124 | AQ14: =Q14/_xlfn.XLOOKUP(AQ$5,'OC-Days'!$G:$G,'OC-Days'!$B:$B) -> 124 | AR14: =R14/_xlfn.XLOOKUP(AR$5,'OC-Days'!$G:$G,'OC-Days'!$B:$B) -> 124 | AS14: =S14/_xlfn.XLOOKUP(AS$5,'OC-Days'!$G:$G,'OC-Days'!$B:$B) -> 124 | AT14: =T14/_xlfn.XLOOKUP(AT$5,'OC-Days'!$G:$G,'OC-Days'!$B:$B) -> 124 | AU14: =U14/_xlfn.XLOOKUP(AU$5,'OC-Days'!$G:$G,'OC-Days'!$B:$B) -> 124 | AV14: =V14/_xlfn.XLOOKUP(AV$5,'OC-Days'!$G:$G,'OC-Days'!$B:$B) -> 124 | AW14: =W14/_xlfn.XLOOKUP(AW$5,'OC-Days'!$G:$G,'OC-Days'!$B:$B) -> 124 | ... BA14: =AA14/_xlfn.XLOOKUP(BA$5,'OC-Days'!$G:$G,'OC-Days'!$B:$B) -> 124 | BC14: =_xlfn.XLOOKUP(BC$5,'OC-Days'!$G:$G,'OC-Days'!$F:$F) -> 45658 | BD14: =IF(AQ14=AP14,"na",_xlfn.XLOOKUP(BD$5,'OC-Days'!$G:$G,'OC-Days'!$F:$F)) -> na | BE14: =IF(AR14=AQ14,"na",_xlfn.XLOOKUP(BE$5,'OC-Days'!$G:$G,'OC-Days'!$F:$F)) -> na | BF14: =IF(AS14=AR14,"na",_xlfn.XLOOKUP(BF$5,'OC-Days'!$G:$G,'OC-Days'!$F:$F)) -> na | BG14: =IF(AT14=AS14,"na",_xlfn.XLOOKUP(BG$5,'OC-Days'!$G:$G,'OC-Days'!$F:$F)) -> na | BH14: =IF(AU14=AT14,"na",_xlfn.XLOOKUP(BH$5,'OC-Days'!$G:$G,'OC-Days'!$F:$F)) -> na | BI14: =IF(AV14=AU14,"na",_xlfn.XLOOKUP(BI$5,'OC-Days'!$G:$G,'OC-Days'!$F:$F)) -> na | BJ14: =IF(AW14=AV14,"na",_xlfn.XLOOKUP(BJ$5,'OC-Days'!$G:$G,'OC-Days'!$F:$F)) -> na | BK14: =IF(AX14=AW14,"na",_xlfn.XLOOKUP(BK$5,'OC-Days'!$G:$G,'OC-Days'!$F:$F)) -> na | ... BN14: =IF(BA14=AZ14,"na",_xlfn.XLOOKUP(BN$5,'OC-Days'!$G:$G,'OC-Days'!$F:$F)) -> na | BP14: =IF(BD14="na",BD14,BD14-1) -> na | BQ14: =IF(BE14="na",BE14,BE14-1) -> na | BR14: =IF(BF14="na",BF14,BF14-1) -> na | BS14: =IF(BG14="na",BG14,BG14-1) -> na | BT14: =IF(BH14="na",BH14,BH14-1) -> na | BU14: =IF(BI14="na",BI14,BI14-1) -> na | BV14: =IF(BJ14="na",BJ14,BJ14-1) -> na | BW14: =IF(BK14="na",BK14,BK14-1) -> na | ... BZ14: =IF(BN14="na",BN14,BN14-1) -> na | CA14: =DATE(VALUE(RIGHT($CA$5,4)),12,31) -> 46022 | CC14: =COUNT($BC14:BC14) -> 1 | CD14: =COUNT($BC14:BD14) -> 1 | CE14: =COUNT($BC14:BE14) -> 1 | CF14: =COUNT($BC14:BF14) -> 1 | CG14: =COUNT($BC14:BG14) -> 1 | CH14: =COUNT($BC14:BH14) -> 1 | CI14: =COUNT($BC14:BI14) -> 1 | CJ14: =COUNT($BC14:BJ14) -> 1 | ... CN14: =COUNT($BC14:BN14) -> 1 | CP14: =COUNT($BP14:BP14) -> 0 | CQ14: =COUNT($BP14:BQ14) -> 0 | CR14: =COUNT($BP14:BR14) -> 0 | CS14: =COUNT($BP14:BS14) -> 0 | CT14: =COUNT($BP14:BT14) -> 0 | CU14: =COUNT($BP14:BU14) -> 0 | CV14: =COUNT($BP14:BV14) -> 0 | CW14: =COUNT($BP14:BW14) -> 0 | ... DA14: =COUNT($BP14:CA14) -> 1 | DC14: =IF(ISNUMBER(VALUE(LEFT(B14,3))),VALUE(LEFT(B14,3)),"Entity") -> 100 | DD14: =IF(ISNUMBER(VALUE(MID(B14,5,2))),VALUE(MID(B14,5,2)),"Rollup") -> 51 | DE14: =DC14&"-"&DD14 -> 100-51 | DG14: =COUNT(BC14:BN14) -> 1 | DH14: =COUNT(BP14:CA14) -> 1 | DJ14: {=IF(DJ$5<=$DG14,INDEX($BC14:$BN14,1,_xlfn.XMATCH(DJ$5,$CC14:$CN14)),"na")} -> 45658 | DK14: {=IF(DK$5<=$DH14,INDEX($BP14:$CA14,1,_xlfn.XMATCH(DK$5,$CP14:$DA14)),"na")} -> 46022 | DL14: {=IF(DL$5<=$DG14,INDEX($AC14:$AN14,1,_xlfn.XMATCH(DL$5,$CC14:$CN14)),"na")} -> 133 | DM14: {=IF(DM$5<=$DG14,INDEX($AP14:$BA14,1,_xlfn.XMATCH(DM$5,$CC14:$CN14)),"na")} -> 124 | DN14: {=IF(DN$5<=$DG14,INDEX($BC14:$BN14,1,_xlfn.XMATCH(DN$5,$CC14:$CN14)),"na")} -> na | DO14: {=IF(DO$5<=$DH14,INDEX($BP14:$CA14,1,_xlfn.XMATCH(DO$5,$CP14:$DA14)),"na")} -> na | DP14: {=IF(DP$5<=$DG14,INDEX($AC14:$AN14,1,_xlfn.XMATCH(DP$5,$CC14:$CN14)),"na")} -> na | DQ14: {=IF(DQ$5<=$DG14,INDEX($AP14:$BA14,1,_xlfn.XMATCH(DQ$5,$CC14:$CN14)),"na")} -> na | DR14: {=IF(DR$5<=$DG14,INDEX($BC14:$BN14,1,_xlfn.XMATCH(DR$5,$CC14:$CN14)),"na")} -> na | DS14: {=IF(DS$5<=$DH14,INDEX($BP14:$CA14,1,_xlfn.XMATCH(DS$5,$CP14:$DA14)),"na")} -> na | DT14: {=IF(DT$5<=$DG14,INDEX($AC14:$AN14,1,_xlfn.XMATCH(DT$5,$CC14:$CN14)),"na")} -> na | DU14: {=IF(DU$5<=$DG14,INDEX($AP14:$BA14,1,_xlfn.XMATCH(DU$5,$CC14:$CN14)),"na")} -> na | DV14: {=IF(DV$5<=$DG14,INDEX($BC14:$BN14,1,_xlfn.XMATCH(DV$5,$CC14:$CN14)),"na")} -> na | DW14: {=IF(DW$5<=$DH14,INDEX($BP14:$CA14,1,_xlfn.XMATCH(DW$5,$CP14:$DA14)),"na")} -> na | DX14: {=IF(DX$5<=$DG14,INDEX($AC14:$AN14,1,_xlfn.XMATCH(DX$5,$CC14:$CN14)),"na")} -> na | DY14: {=IF(DY$5<=$DG14,INDEX($AP14:$BA14,1,_xlfn.XMATCH(DY$5,$CC14:$CN14)),"na")} -> na | DZ14: {=IF(DZ$5<=$DG14,INDEX($BC14:$BN14,1,_xlfn.XMATCH(DZ$5,$CC14:$CN14)),"na")} -> na | EA14: {=IF(EA$5<=$DH14,INDEX($BP14:$CA14,1,_xlfn.XMATCH(EA$5,$CP14:$DA14)),"na")} -> na | EB14: {=IF(EB$5<=$DG14,INDEX($AC14:$AN14,1,_xlfn.XMATCH(EB$5,$CC14:$CN14)),"na")} -> na | EC14: {=IF(EC$5<=$DG14,INDEX($AP14:$BA14,1,_xlfn.XMATCH(EC$5,$CC14:$CN14)),"na")} -> na | ED14: {=IF(ED$5<=$DG14,INDEX($BC14:$BN14,1,_xlfn.XMATCH(ED$5,$CC14:$CN14)),"na")} -> na | EE14: {=IF(EE$5<=$DH14,INDEX($BP14:$CA14,1,_xlfn.XMATCH(EE$5,$CP14:$DA14)),"na")} -> na | EF14: {=IF(EF$5<=$DG14,INDEX($AC14:$AN14,1,_xlfn.XMATCH(EF$5,$CC14:$CN14)),"na")} -> na | EG14: {=IF(EG$5<=$DG14,INDEX($AP14:$BA14,1,_xlfn.XMATCH(EG$5,$CC14:$CN14)),"na")} -> na | EH14: {=IF(EH$5<=$DG14,INDEX($BC14:$BN14,1,_xlfn.XMATCH(EH$5,$CC14:$CN14)),"na")} -> na | EI14: {=IF(EI$5<=$DH14,INDEX($BP14:$CA14,1,_xlfn.XMATCH(EI$5,$CP14:$DA14)),"na")} -> na | EJ14: {=IF(EJ$5<=$DG14,INDEX($AC14:$AN14,1,_xlfn.XMATCH(EJ$5,$CC14:$CN14)),"na")} -> na | EK14: {=IF(EK$5<=$DG14,INDEX($AP14:$BA14,1,_xlfn.XMATCH(EK$5,$CC14:$CN14)),"na")} -> na | EL14: {=IF(EL$5<=$DG14,INDEX($BC14:$BN14,1,_xlfn.XMATCH(EL$5,$CC14:$CN14)),"na")} -> na | EM14: {=IF(EM$5<=$DH14,INDEX($BP14:$CA14,1,_xlfn.XMATCH(EM$5,$CP14:$DA14)),"na")} -> na | EN14: {=IF(EN$5<=$DG14,INDEX($AC14:$AN14,1,_xlfn.XMATCH(EN$5,$CC14:$CN14)),"na")} -> na | EO14: {=IF(EO$5<=$DG14,INDEX($AP14:$BA14,1,_xlfn.XMATCH(EO$5,$CC14:$CN14)),"na")} -> na | EP14: {=IF(EP$5<=$DG14,INDEX($BC14:$BN14,1,_xlfn.XMATCH(EP$5,$CC14:$CN14)),"na")} -> na | EQ14: {=IF(EQ$5<=$DH14,INDEX($BP14:$CA14,1,_xlfn.XMATCH(EQ$5,$CP14:$DA14)),"na")} -> na | ER14: {=IF(ER$5<=$DG14,INDEX($AC14:$AN14,1,_xlfn.XMATCH(ER$5,$CC14:$CN14)),"na")} -> na | ES14: {=IF(ES$5<=$DG14,INDEX($AP14:$BA14,1,_xlfn.XMATCH(ES$5,$CC14:$CN14)),"na")} -> na | ET14: {=IF(ET$5<=$DG14,INDEX($BC14:$BN14,1,_xlfn.XMATCH(ET$5,$CC14:$CN14)),"na")} -> na | EU14: {=IF(EU$5<=$DH14,INDEX($BP14:$CA14,1,_xlfn.XMATCH(EU$5,$CP14:$DA14)),"na")} -> na | EV14: {=IF(EV$5<=$DG14,INDEX($AC14:$AN14,1,_xlfn.XMATCH(EV$5,$CC14:$CN14)),"na")} -> na | EW14: {=IF(EW$5<=$DG14,INDEX($AP14:$BA14,1,_xlfn.XMATCH(EW$5,$CC14:$CN14)),"na")} -> na | EX14: {=IF(EX$5<=$DG14,INDEX($BC14:$BN14,1,_xlfn.XMATCH(EX$5,$CC14:$CN14)),"na")} -> na | EY14: {=IF(EY$5<=$DH14,INDEX($BP14:$CA14,1,_xlfn.XMATCH(EY$5,$CP14:$DA14)),"na")} -> na | EZ14: {=IF(EZ$5<=$DG14,INDEX($AC14:$AN14,1,_xlfn.XMATCH(EZ$5,$CC14:$CN14)),"na")} -> na | FA14: {=IF(FA$5<=$DG14,INDEX($AP14:$BA14,1,_xlfn.XMATCH(FA$5,$CC14:$CN14)),"na")} -> na | FB14: {=IF(FB$5<=$DG14,INDEX($BC14:$BN14,1,_xlfn.XMATCH(FB$5,$CC14:$CN14)),"na")} -> na | FC14: {=IF(FC$5<=$DH14,INDEX($BP14:$CA14,1,_xlfn.XMATCH(FC$5,$CP14:$DA14)),"na")} -> na | FD14: {=IF(FD$5<=$DG14,INDEX($AC14:$AN14,1,_xlfn.XMATCH(FD$5,$CC14:$CN14)),"na")} -> na | FE14: {=IF(FE$5<=$DG14,INDEX($AP14:$BA14,1,_xlfn.XMATCH(FE$5,$CC14:$CN14)),"na")} -> na
B15: 100-61 Skilled Nursing Facility | C15: 4309 | D15: 3892 | E15: 4309 | F15: 4170 | G15: 4309 | H15: 4170 | I15: 4309 | J15: 4309 | K15: 4170 | L15: 4309 | M15: 4170 | N15: 4309 | P15: 4123 | Q15: 3724 | R15: 4123 | S15: 3990 | T15: 4123 | U15: 3990 | V15: 4123 | W15: 4123 | X15: 3990 | Y15: 4123 | Z15: 3990 | AA15: 4123 | AC15: =C15/_xlfn.XLOOKUP(AC$5,'OC-Days'!$G:$G,'OC-Days'!$B:$B) -> 139 | AD15: =D15/_xlfn.XLOOKUP(AD$5,'OC-Days'!$G:$G,'OC-Days'!$B:$B) -> 139 | AE15: =E15/_xlfn.XLOOKUP(AE$5,'OC-Days'!$G:$G,'OC-Days'!$B:$B) -> 139 | AF15: =F15/_xlfn.XLOOKUP(AF$5,'OC-Days'!$G:$G,'OC-Days'!$B:$B) -> 139 | AG15: =G15/_xlfn.XLOOKUP(AG$5,'OC-Days'!$G:$G,'OC-Days'!$B:$B) -> 139 | AH15: =H15/_xlfn.XLOOKUP(AH$5,'OC-Days'!$G:$G,'OC-Days'!$B:$B) -> 139 | AI15: =I15/_xlfn.XLOOKUP(AI$5,'OC-Days'!$G:$G,'OC-Days'!$B:$B) -> 139 | AJ15: =J15/_xlfn.XLOOKUP(AJ$5,'OC-Days'!$G:$G,'OC-Days'!$B:$B) -> 139 | ... AN15: =N15/_xlfn.XLOOKUP(AN$5,'OC-Days'!$G:$G,'OC-Days'!$B:$B) -> 139 | AP15: =P15/_xlfn.XLOOKUP(AP$5,'OC-Days'!$G:$G,'OC-Days'!$B:$B) -> 133 | AQ15: =Q15/_xlfn.XLOOKUP(AQ$5,'OC-Days'!$G:$G,'OC-Days'!$B:$B) -> 133 | AR15: =R15/_xlfn.XLOOKUP(AR$5,'OC-Days'!$G:$G,'OC-Days'!$B:$B) -> 133 | AS15: =S15/_xlfn.XLOOKUP(AS$5,'OC-Days'!$G:$G,'OC-Days'!$B:$B) -> 133 | AT15: =T15/_xlfn.XLOOKUP(AT$5,'OC-Days'!$G:$G,'OC-Days'!$B:$B) -> 133 | AU15: =U15/_xlfn.XLOOKUP(AU$5,'OC-Days'!$G:$G,'OC-Days'!$B:$B) -> 133 | AV15: =V15/_xlfn.XLOOKUP(AV$5,'OC-Days'!$G:$G,'OC-Days'!$B:$B) -> 133 | AW15: =W15/_xlfn.XLOOKUP(AW$5,'OC-Days'!$G:$G,'OC-Days'!$B:$B) -> 133 | ... BA15: =AA15/_xlfn.XLOOKUP(BA$5,'OC-Days'!$G:$G,'OC-Days'!$B:$B) -> 133 | BC15: =_xlfn.XLOOKUP(BC$5,'OC-Days'!$G:$G,'OC-Days'!$F:$F) -> 45658 | BD15: =IF(AQ15=AP15,"na",_xlfn.XLOOKUP(BD$5,'OC-Days'!$G:$G,'OC-Days'!$F:$F)) -> na | BE15: =IF(AR15=AQ15,"na",_xlfn.XLOOKUP(BE$5,'OC-Days'!$G:$G,'OC-Days'!$F:$F)) -> na | BF15: =IF(AS15=AR15,"na",_xlfn.XLOOKUP(BF$5,'OC-Days'!$G:$G,'OC-Days'!$F:$F)) -> na | BG15: =IF(AT15=AS15,"na",_xlfn.XLOOKUP(BG$5,'OC-Days'!$G:$G,'OC-Days'!$F:$F)) -> na | BH15: =IF(AU15=AT15,"na",_xlfn.XLOOKUP(BH$5,'OC-Days'!$G:$G,'OC-Days'!$F:$F)) -> na | BI15: =IF(AV15=AU15,"na",_xlfn.XLOOKUP(BI$5,'OC-Days'!$G:$G,'OC-Days'!$F:$F)) -> na | BJ15: =IF(AW15=AV15,"na",_xlfn.XLOOKUP(BJ$5,'OC-Days'!$G:$G,'OC-Days'!$F:$F)) -> na | BK15: =IF(AX15=AW15,"na",_xlfn.XLOOKUP(BK$5,'OC-Days'!$G:$G,'OC-Days'!$F:$F)) -> na | ... BN15: =IF(BA15=AZ15,"na",_xlfn.XLOOKUP(BN$5,'OC-Days'!$G:$G,'OC-Days'!$F:$F)) -> na | BP15: =IF(BD15="na",BD15,BD15-1) -> na | BQ15: =IF(BE15="na",BE15,BE15-1) -> na | BR15: =IF(BF15="na",BF15,BF15-1) -> na | BS15: =IF(BG15="na",BG15,BG15-1) -> na | BT15: =IF(BH15="na",BH15,BH15-1) -> na | BU15: =IF(BI15="na",BI15,BI15-1) -> na | BV15: =IF(BJ15="na",BJ15,BJ15-1) -> na | BW15: =IF(BK15="na",BK15,BK15-1) -> na | ... BZ15: =IF(BN15="na",BN15,BN15-1) -> na | CA15: =DATE(VALUE(RIGHT($CA$5,4)),12,31) -> 46022 | CC15: =COUNT($BC15:BC15) -> 1 | CD15: =COUNT($BC15:BD15) -> 1 | CE15: =COUNT($BC15:BE15) -> 1 | CF15: =COUNT($BC15:BF15) -> 1 | CG15: =COUNT($BC15:BG15) -> 1 | CH15: =COUNT($BC15:BH15) -> 1 | CI15: =COUNT($BC15:BI15) -> 1 | CJ15: =COUNT($BC15:BJ15) -> 1 | ... CN15: =COUNT($BC15:BN15) -> 1 | CP15: =COUNT($BP15:BP15) -> 0 | CQ15: =COUNT($BP15:BQ15) -> 0 | CR15: =COUNT($BP15:BR15) -> 0 | CS15: =COUNT($BP15:BS15) -> 0 | CT15: =COUNT($BP15:BT15) -> 0 | CU15: =COUNT($BP15:BU15) -> 0 | CV15: =COUNT($BP15:BV15) -> 0 | CW15: =COUNT($BP15:BW15) -> 0 | ... DA15: =COUNT($BP15:CA15) -> 1 | DC15: =IF(ISNUMBER(VALUE(LEFT(B15,3))),VALUE(LEFT(B15,3)),"Entity") -> 100 | DD15: =IF(ISNUMBER(VALUE(MID(B15,5,2))),VALUE(MID(B15,5,2)),"Rollup") -> 61 | DE15: =DC15&"-"&DD15 -> 100-61 | DG15: =COUNT(BC15:BN15) -> 1 | DH15: =COUNT(BP15:CA15) -> 1 | DJ15: {=IF(DJ$5<=$DG15,INDEX($BC15:$BN15,1,_xlfn.XMATCH(DJ$5,$CC15:$CN15)),"na")} -> 45658 | DK15: {=IF(DK$5<=$DH15,INDEX($BP15:$CA15,1,_xlfn.XMATCH(DK$5,$CP15:$DA15)),"na")} -> 46022 | DL15: {=IF(DL$5<=$DG15,INDEX($AC15:$AN15,1,_xlfn.XMATCH(DL$5,$CC15:$CN15)),"na")} -> 139 | DM15: {=IF(DM$5<=$DG15,INDEX($AP15:$BA15,1,_xlfn.XMATCH(DM$5,$CC15:$CN15)),"na")} -> 133 | DN15: {=IF(DN$5<=$DG15,INDEX($BC15:$BN15,1,_xlfn.XMATCH(DN$5,$CC15:$CN15)),"na")} -> na | DO15: {=IF(DO$5<=$DH15,INDEX($BP15:$CA15,1,_xlfn.XMATCH(DO$5,$CP15:$DA15)),"na")} -> na | DP15: {=IF(DP$5<=$DG15,INDEX($AC15:$AN15,1,_xlfn.XMATCH(DP$5,$CC15:$CN15)),"na")} -> na | DQ15: {=IF(DQ$5<=$DG15,INDEX($AP15:$BA15,1,_xlfn.XMATCH(DQ$5,$CC15:$CN15)),"na")} -> na | DR15: {=IF(DR$5<=$DG15,INDEX($BC15:$BN15,1,_xlfn.XMATCH(DR$5,$CC15:$CN15)),"na")} -> na | DS15: {=IF(DS$5<=$DH15,INDEX($BP15:$CA15,1,_xlfn.XMATCH(DS$5,$CP15:$DA15)),"na")} -> na | DT15: {=IF(DT$5<=$DG15,INDEX($AC15:$AN15,1,_xlfn.XMATCH(DT$5,$CC15:$CN15)),"na")} -> na | DU15: {=IF(DU$5<=$DG15,INDEX($AP15:$BA15,1,_xlfn.XMATCH(DU$5,$CC15:$CN15)),"na")} -> na | DV15: {=IF(DV$5<=$DG15,INDEX($BC15:$BN15,1,_xlfn.XMATCH(DV$5,$CC15:$CN15)),"na")} -> na | DW15: {=IF(DW$5<=$DH15,INDEX($BP15:$CA15,1,_xlfn.XMATCH(DW$5,$CP15:$DA15)),"na")} -> na | DX15: {=IF(DX$5<=$DG15,INDEX($AC15:$AN15,1,_xlfn.XMATCH(DX$5,$CC15:$CN15)),"na")} -> na | DY15: {=IF(DY$5<=$DG15,INDEX($AP15:$BA15,1,_xlfn.XMATCH(DY$5,$CC15:$CN15)),"na")} -> na | DZ15: {=IF(DZ$5<=$DG15,INDEX($BC15:$BN15,1,_xlfn.XMATCH(DZ$5,$CC15:$CN15)),"na")} -> na | EA15: {=IF(EA$5<=$DH15,INDEX($BP15:$CA15,1,_xlfn.XMATCH(EA$5,$CP15:$DA15)),"na")} -> na | EB15: {=IF(EB$5<=$DG15,INDEX($AC15:$AN15,1,_xlfn.XMATCH(EB$5,$CC15:$CN15)),"na")} -> na | EC15: {=IF(EC$5<=$DG15,INDEX($AP15:$BA15,1,_xlfn.XMATCH(EC$5,$CC15:$CN15)),"na")} -> na | ED15: {=IF(ED$5<=$DG15,INDEX($BC15:$BN15,1,_xlfn.XMATCH(ED$5,$CC15:$CN15)),"na")} -> na | EE15: {=IF(EE$5<=$DH15,INDEX($BP15:$CA15,1,_xlfn.XMATCH(EE$5,$CP15:$DA15)),"na")} -> na | EF15: {=IF(EF$5<=$DG15,INDEX($AC15:$AN15,1,_xlfn.XMATCH(EF$5,$CC15:$CN15)),"na")} -> na | EG15: {=IF(EG$5<=$DG15,INDEX($AP15:$BA15,1,_xlfn.XMATCH(EG$5,$CC15:$CN15)),"na")} -> na | EH15: {=IF(EH$5<=$DG15,INDEX($BC15:$BN15,1,_xlfn.XMATCH(EH$5,$CC15:$CN15)),"na")} -> na | EI15: {=IF(EI$5<=$DH15,INDEX($BP15:$CA15,1,_xlfn.XMATCH(EI$5,$CP15:$DA15)),"na")} -> na | EJ15: {=IF(EJ$5<=$DG15,INDEX($AC15:$AN15,1,_xlfn.XMATCH(EJ$5,$CC15:$CN15)),"na")} -> na | EK15: {=IF(EK$5<=$DG15,INDEX($AP15:$BA15,1,_xlfn.XMATCH(EK$5,$CC15:$CN15)),"na")} -> na | EL15: {=IF(EL$5<=$DG15,INDEX($BC15:$BN15,1,_xlfn.XMATCH(EL$5,$CC15:$CN15)),"na")} -> na | EM15: {=IF(EM$5<=$DH15,INDEX($BP15:$CA15,1,_xlfn.XMATCH(EM$5,$CP15:$DA15)),"na")} -> na | EN15: {=IF(EN$5<=$DG15,INDEX($AC15:$AN15,1,_xlfn.XMATCH(EN$5,$CC15:$CN15)),"na")} -> na | EO15: {=IF(EO$5<=$DG15,INDEX($AP15:$BA15,1,_xlfn.XMATCH(EO$5,$CC15:$CN15)),"na")} -> na | EP15: {=IF(EP$5<=$DG15,INDEX($BC15:$BN15,1,_xlfn.XMATCH(EP$5,$CC15:$CN15)),"na")} -> na | EQ15: {=IF(EQ$5<=$DH15,INDEX($BP15:$CA15,1,_xlfn.XMATCH(EQ$5,$CP15:$DA15)),"na")} -> na | ER15: {=IF(ER$5<=$DG15,INDEX($AC15:$AN15,1,_xlfn.XMATCH(ER$5,$CC15:$CN15)),"na")} -> na | ES15: {=IF(ES$5<=$DG15,INDEX($AP15:$BA15,1,_xlfn.XMATCH(ES$5,$CC15:$CN15)),"na")} -> na | ET15: {=IF(ET$5<=$DG15,INDEX($BC15:$BN15,1,_xlfn.XMATCH(ET$5,$CC15:$CN15)),"na")} -> na | EU15: {=IF(EU$5<=$DH15,INDEX($BP15:$CA15,1,_xlfn.XMATCH(EU$5,$CP15:$DA15)),"na")} -> na | EV15: {=IF(EV$5<=$DG15,INDEX($AC15:$AN15,1,_xlfn.XMATCH(EV$5,$CC15:$CN15)),"na")} -> na | EW15: {=IF(EW$5<=$DG15,INDEX($AP15:$BA15,1,_xlfn.XMATCH(EW$5,$CC15:$CN15)),"na")} -> na | EX15: {=IF(EX$5<=$DG15,INDEX($BC15:$BN15,1,_xlfn.XMATCH(EX$5,$CC15:$CN15)),"na")} -> na | EY15: {=IF(EY$5<=$DH15,INDEX($BP15:$CA15,1,_xlfn.XMATCH(EY$5,$CP15:$DA15)),"na")} -> na | EZ15: {=IF(EZ$5<=$DG15,INDEX($AC15:$AN15,1,_xlfn.XMATCH(EZ$5,$CC15:$CN15)),"na")} -> na | FA15: {=IF(FA$5<=$DG15,INDEX($AP15:$BA15,1,_xlfn.XMATCH(FA$5,$CC15:$CN15)),"na")} -> na | FB15: {=IF(FB$5<=$DG15,INDEX($BC15:$BN15,1,_xlfn.XMATCH(FB$5,$CC15:$CN15)),"na")} -> na | FC15: {=IF(FC$5<=$DH15,INDEX($BP15:$CA15,1,_xlfn.XMATCH(FC$5,$CP15:$DA15)),"na")} -> na | FD15: {=IF(FD$5<=$DG15,INDEX($AC15:$AN15,1,_xlfn.XMATCH(FD$5,$CC15:$CN15)),"na")} -> na | FE15: {=IF(FE$5<=$DG15,INDEX($AP15:$BA15,1,_xlfn.XMATCH(FE$5,$CC15:$CN15)),"na")} -> na
B16: 100-62 Skilled Nursing - TCU | C16: 1426 | D16: 1288 | E16: 1426 | F16: 1380 | G16: 1426 | H16: 1380 | I16: 1426 | J16: 1426 | K16: 1380 | L16: 1426 | M16: 1380 | N16: 1426 | P16: 1395 | Q16: 1260 | R16: 1395 | S16: 1350 | T16: 1395 | U16: 1350 | V16: 1395 | W16: 1395 | X16: 1350 | Y16: 1395 | Z16: 1350 | AA16: 1395 | AC16: =C16/_xlfn.XLOOKUP(AC$5,'OC-Days'!$G:$G,'OC-Days'!$B:$B) -> 46 | AD16: =D16/_xlfn.XLOOKUP(AD$5,'OC-Days'!$G:$G,'OC-Days'!$B:$B) -> 46 | AE16: =E16/_xlfn.XLOOKUP(AE$5,'OC-Days'!$G:$G,'OC-Days'!$B:$B) -> 46 | AF16: =F16/_xlfn.XLOOKUP(AF$5,'OC-Days'!$G:$G,'OC-Days'!$B:$B) -> 46 | AG16: =G16/_xlfn.XLOOKUP(AG$5,'OC-Days'!$G:$G,'OC-Days'!$B:$B) -> 46 | AH16: =H16/_xlfn.XLOOKUP(AH$5,'OC-Days'!$G:$G,'OC-Days'!$B:$B) -> 46 | AI16: =I16/_xlfn.XLOOKUP(AI$5,'OC-Days'!$G:$G,'OC-Days'!$B:$B) -> 46 | AJ16: =J16/_xlfn.XLOOKUP(AJ$5,'OC-Days'!$G:$G,'OC-Days'!$B:$B) -> 46 | ... AN16: =N16/_xlfn.XLOOKUP(AN$5,'OC-Days'!$G:$G,'OC-Days'!$B:$B) -> 46 | AP16: =P16/_xlfn.XLOOKUP(AP$5,'OC-Days'!$G:$G,'OC-Days'!$B:$B) -> 45 | AQ16: =Q16/_xlfn.XLOOKUP(AQ$5,'OC-Days'!$G:$G,'OC-Days'!$B:$B) -> 45 | AR16: =R16/_xlfn.XLOOKUP(AR$5,'OC-Days'!$G:$G,'OC-Days'!$B:$B) -> 45 | AS16: =S16/_xlfn.XLOOKUP(AS$5,'OC-Days'!$G:$G,'OC-Days'!$B:$B) -> 45 | AT16: =T16/_xlfn.XLOOKUP(AT$5,'OC-Days'!$G:$G,'OC-Days'!$B:$B) -> 45 | AU16: =U16/_xlfn.XLOOKUP(AU$5,'OC-Days'!$G:$G,'OC-Days'!$B:$B) -> 45 | AV16: =V16/_xlfn.XLOOKUP(AV$5,'OC-Days'!$G:$G,'OC-Days'!$B:$B) -> 45 | AW16: =W16/_xlfn.XLOOKUP(AW$5,'OC-Days'!$G:$G,'OC-Days'!$B:$B) -> 45 | ... BA16: =AA16/_xlfn.XLOOKUP(BA$5,'OC-Days'!$G:$G,'OC-Days'!$B:$B) -> 45 | BC16: =_xlfn.XLOOKUP(BC$5,'OC-Days'!$G:$G,'OC-Days'!$F:$F) -> 45658 | BD16: =IF(AQ16=AP16,"na",_xlfn.XLOOKUP(BD$5,'OC-Days'!$G:$G,'OC-Days'!$F:$F)) -> na | BE16: =IF(AR16=AQ16,"na",_xlfn.XLOOKUP(BE$5,'OC-Days'!$G:$G,'OC-Days'!$F:$F)) -> na | BF16: =IF(AS16=AR16,"na",_xlfn.XLOOKUP(BF$5,'OC-Days'!$G:$G,'OC-Days'!$F:$F)) -> na | BG16: =IF(AT16=AS16,"na",_xlfn.XLOOKUP(BG$5,'OC-Days'!$G:$G,'OC-Days'!$F:$F)) -> na | BH16: =IF(AU16=AT16,"na",_xlfn.XLOOKUP(BH$5,'OC-Days'!$G:$G,'OC-Days'!$F:$F)) -> na | BI16: =IF(AV16=AU16,"na",_xlfn.XLOOKUP(BI$5,'OC-Days'!$G:$G,'OC-Days'!$F:$F)) -> na | BJ16: =IF(AW16=AV16,"na",_xlfn.XLOOKUP(BJ$5,'OC-Days'!$G:$G,'OC-Days'!$F:$F)) -> na | BK16: =IF(AX16=AW16,"na",_xlfn.XLOOKUP(BK$5,'OC-Days'!$G:$G,'OC-Days'!$F:$F)) -> na | ... BN16: =IF(BA16=AZ16,"na",_xlfn.XLOOKUP(BN$5,'OC-Days'!$G:$G,'OC-Days'!$F:$F)) -> na | BP16: =IF(BD16="na",BD16,BD16-1) -> na | BQ16: =IF(BE16="na",BE16,BE16-1) -> na | BR16: =IF(BF16="na",BF16,BF16-1) -> na | BS16: =IF(BG16="na",BG16,BG16-1) -> na | BT16: =IF(BH16="na",BH16,BH16-1) -> na | BU16: =IF(BI16="na",BI16,BI16-1) -> na | BV16: =IF(BJ16="na",BJ16,BJ16-1) -> na | BW16: =IF(BK16="na",BK16,BK16-1) -> na | ... BZ16: =IF(BN16="na",BN16,BN16-1) -> na | CA16: =DATE(VALUE(RIGHT($CA$5,4)),12,31) -> 46022 | CC16: =COUNT($BC16:BC16) -> 1 | CD16: =COUNT($BC16:BD16) -> 1 | CE16: =COUNT($BC16:BE16) -> 1 | CF16: =COUNT($BC16:BF16) -> 1 | CG16: =COUNT($BC16:BG16) -> 1 | CH16: =COUNT($BC16:BH16) -> 1 | CI16: =COUNT($BC16:BI16) -> 1 | CJ16: =COUNT($BC16:BJ16) -> 1 | ... CN16: =COUNT($BC16:BN16) -> 1 | CP16: =COUNT($BP16:BP16) -> 0 | CQ16: =COUNT($BP16:BQ16) -> 0 | CR16: =COUNT($BP16:BR16) -> 0 | CS16: =COUNT($BP16:BS16) -> 0 | CT16: =COUNT($BP16:BT16) -> 0 | CU16: =COUNT($BP16:BU16) -> 0 | CV16: =COUNT($BP16:BV16) -> 0 | CW16: =COUNT($BP16:BW16) -> 0 | ... DA16: =COUNT($BP16:CA16) -> 1 | DC16: =IF(ISNUMBER(VALUE(LEFT(B16,3))),VALUE(LEFT(B16,3)),"Entity") -> 100 | DD16: =IF(ISNUMBER(VALUE(MID(B16,5,2))),VALUE(MID(B16,5,2)),"Rollup") -> 62 | DE16: =DC16&"-"&DD16 -> 100-62 | DG16: =COUNT(BC16:BN16) -> 1 | DH16: =COUNT(BP16:CA16) -> 1 | DJ16: {=IF(DJ$5<=$DG16,INDEX($BC16:$BN16,1,_xlfn.XMATCH(DJ$5,$CC16:$CN16)),"na")} -> 45658 | DK16: {=IF(DK$5<=$DH16,INDEX($BP16:$CA16,1,_xlfn.XMATCH(DK$5,$CP16:$DA16)),"na")} -> 46022 | DL16: {=IF(DL$5<=$DG16,INDEX($AC16:$AN16,1,_xlfn.XMATCH(DL$5,$CC16:$CN16)),"na")} -> 46 | DM16: {=IF(DM$5<=$DG16,INDEX($AP16:$BA16,1,_xlfn.XMATCH(DM$5,$CC16:$CN16)),"na")} -> 45 | DN16: {=IF(DN$5<=$DG16,INDEX($BC16:$BN16,1,_xlfn.XMATCH(DN$5,$CC16:$CN16)),"na")} -> na | DO16: {=IF(DO$5<=$DH16,INDEX($BP16:$CA16,1,_xlfn.XMATCH(DO$5,$CP16:$DA16)),"na")} -> na | DP16: {=IF(DP$5<=$DG16,INDEX($AC16:$AN16,1,_xlfn.XMATCH(DP$5,$CC16:$CN16)),"na")} -> na | DQ16: {=IF(DQ$5<=$DG16,INDEX($AP16:$BA16,1,_xlfn.XMATCH(DQ$5,$CC16:$CN16)),"na")} -> na | DR16: {=IF(DR$5<=$DG16,INDEX($BC16:$BN16,1,_xlfn.XMATCH(DR$5,$CC16:$CN16)),"na")} -> na | DS16: {=IF(DS$5<=$DH16,INDEX($BP16:$CA16,1,_xlfn.XMATCH(DS$5,$CP16:$DA16)),"na")} -> na | DT16: {=IF(DT$5<=$DG16,INDEX($AC16:$AN16,1,_xlfn.XMATCH(DT$5,$CC16:$CN16)),"na")} -> na | DU16: {=IF(DU$5<=$DG16,INDEX($AP16:$BA16,1,_xlfn.XMATCH(DU$5,$CC16:$CN16)),"na")} -> na | DV16: {=IF(DV$5<=$DG16,INDEX($BC16:$BN16,1,_xlfn.XMATCH(DV$5,$CC16:$CN16)),"na")} -> na | DW16: {=IF(DW$5<=$DH16,INDEX($BP16:$CA16,1,_xlfn.XMATCH(DW$5,$CP16:$DA16)),"na")} -> na | DX16: {=IF(DX$5<=$DG16,INDEX($AC16:$AN16,1,_xlfn.XMATCH(DX$5,$CC16:$CN16)),"na")} -> na | DY16: {=IF(DY$5<=$DG16,INDEX($AP16:$BA16,1,_xlfn.XMATCH(DY$5,$CC16:$CN16)),"na")} -> na | DZ16: {=IF(DZ$5<=$DG16,INDEX($BC16:$BN16,1,_xlfn.XMATCH(DZ$5,$CC16:$CN16)),"na")} -> na | EA16: {=IF(EA$5<=$DH16,INDEX($BP16:$CA16,1,_xlfn.XMATCH(EA$5,$CP16:$DA16)),"na")} -> na | EB16: {=IF(EB$5<=$DG16,INDEX($AC16:$AN16,1,_xlfn.XMATCH(EB$5,$CC16:$CN16)),"na")} -> na | EC16: {=IF(EC$5<=$DG16,INDEX($AP16:$BA16,1,_xlfn.XMATCH(EC$5,$CC16:$CN16)),"na")} -> na | ED16: {=IF(ED$5<=$DG16,INDEX($BC16:$BN16,1,_xlfn.XMATCH(ED$5,$CC16:$CN16)),"na")} -> na | EE16: {=IF(EE$5<=$DH16,INDEX($BP16:$CA16,1,_xlfn.XMATCH(EE$5,$CP16:$DA16)),"na")} -> na | EF16: {=IF(EF$5<=$DG16,INDEX($AC16:$AN16,1,_xlfn.XMATCH(EF$5,$CC16:$CN16)),"na")} -> na | EG16: {=IF(EG$5<=$DG16,INDEX($AP16:$BA16,1,_xlfn.XMATCH(EG$5,$CC16:$CN16)),"na")} -> na | EH16: {=IF(EH$5<=$DG16,INDEX($BC16:$BN16,1,_xlfn.XMATCH(EH$5,$CC16:$CN16)),"na")} -> na | EI16: {=IF(EI$5<=$DH16,INDEX($BP16:$CA16,1,_xlfn.XMATCH(EI$5,$CP16:$DA16)),"na")} -> na | EJ16: {=IF(EJ$5<=$DG16,INDEX($AC16:$AN16,1,_xlfn.XMATCH(EJ$5,$CC16:$CN16)),"na")} -> na | EK16: {=IF(EK$5<=$DG16,INDEX($AP16:$BA16,1,_xlfn.XMATCH(EK$5,$CC16:$CN16)),"na")} -> na | EL16: {=IF(EL$5<=$DG16,INDEX($BC16:$BN16,1,_xlfn.XMATCH(EL$5,$CC16:$CN16)),"na")} -> na | EM16: {=IF(EM$5<=$DH16,INDEX($BP16:$CA16,1,_xlfn.XMATCH(EM$5,$CP16:$DA16)),"na")} -> na | EN16: {=IF(EN$5<=$DG16,INDEX($AC16:$AN16,1,_xlfn.XMATCH(EN$5,$CC16:$CN16)),"na")} -> na | EO16: {=IF(EO$5<=$DG16,INDEX($AP16:$BA16,1,_xlfn.XMATCH(EO$5,$CC16:$CN16)),"na")} -> na | EP16: {=IF(EP$5<=$DG16,INDEX($BC16:$BN16,1,_xlfn.XMATCH(EP$5,$CC16:$CN16)),"na")} -> na | EQ16: {=IF(EQ$5<=$DH16,INDEX($BP16:$CA16,1,_xlfn.XMATCH(EQ$5,$CP16:$DA16)),"na")} -> na | ER16: {=IF(ER$5<=$DG16,INDEX($AC16:$AN16,1,_xlfn.XMATCH(ER$5,$CC16:$CN16)),"na")} -> na | ES16: {=IF(ES$5<=$DG16,INDEX($AP16:$BA16,1,_xlfn.XMATCH(ES$5,$CC16:$CN16)),"na")} -> na | ET16: {=IF(ET$5<=$DG16,INDEX($BC16:$BN16,1,_xlfn.XMATCH(ET$5,$CC16:$CN16)),"na")} -> na | EU16: {=IF(EU$5<=$DH16,INDEX($BP16:$CA16,1,_xlfn.XMATCH(EU$5,$CP16:$DA16)),"na")} -> na | EV16: {=IF(EV$5<=$DG16,INDEX($AC16:$AN16,1,_xlfn.XMATCH(EV$5,$CC16:$CN16)),"na")} -> na | EW16: {=IF(EW$5<=$DG16,INDEX($AP16:$BA16,1,_xlfn.XMATCH(EW$5,$CC16:$CN16)),"na")} -> na | EX16: {=IF(EX$5<=$DG16,INDEX($BC16:$BN16,1,_xlfn.XMATCH(EX$5,$CC16:$CN16)),"na")} -> na | EY16: {=IF(EY$5<=$DH16,INDEX($BP16:$CA16,1,_xlfn.XMATCH(EY$5,$CP16:$DA16)),"na")} -> na | EZ16: {=IF(EZ$5<=$DG16,INDEX($AC16:$AN16,1,_xlfn.XMATCH(EZ$5,$CC16:$CN16)),"na")} -> na | FA16: {=IF(FA$5<=$DG16,INDEX($AP16:$BA16,1,_xlfn.XMATCH(FA$5,$CC16:$CN16)),"na")} -> na | FB16: {=IF(FB$5<=$DG16,INDEX($BC16:$BN16,1,_xlfn.XMATCH(FB$5,$CC16:$CN16)),"na")} -> na | FC16: {=IF(FC$5<=$DH16,INDEX($BP16:$CA16,1,_xlfn.XMATCH(FC$5,$CP16:$DA16)),"na")} -> na | FD16: {=IF(FD$5<=$DG16,INDEX($AC16:$AN16,1,_xlfn.XMATCH(FD$5,$CC16:$CN16)),"na")} -> na | FE16: {=IF(FE$5<=$DG16,INDEX($AP16:$BA16,1,_xlfn.XMATCH(FE$5,$CC16:$CN16)),"na")} -> na
B17: 100 Asbury Methodist Village | C17: 35433 | D17: 32004 | E17: 35433 | F17: 34290 | G17: 35433 | H17: 34290 | I17: 35433 | J17: 35433 | K17: 34290 | L17: 35433 | M17: 34290 | N17: 35433 | P17: 29713.5 | Q17: 26866 | R17: 29837.5 | S17: 28935 | T17: 29992.5 | U17: 29055 | V17: 30209.5 | W17: 30240.5 | X17: 29355 | Y17: 30395.5 | Z17: 29505 | AA17: 30519.5 | AC17: =C17/_xlfn.XLOOKUP(AC$5,'OC-Days'!$G:$G,'OC-Days'!$B:$B) -> 1143 | AD17: =D17/_xlfn.XLOOKUP(AD$5,'OC-Days'!$G:$G,'OC-Days'!$B:$B) -> 1143 | AE17: =E17/_xlfn.XLOOKUP(AE$5,'OC-Days'!$G:$G,'OC-Days'!$B:$B) -> 1143 | AF17: =F17/_xlfn.XLOOKUP(AF$5,'OC-Days'!$G:$G,'OC-Days'!$B:$B) -> 1143 | AG17: =G17/_xlfn.XLOOKUP(AG$5,'OC-Days'!$G:$G,'OC-Days'!$B:$B) -> 1143 | AH17: =H17/_xlfn.XLOOKUP(AH$5,'OC-Days'!$G:$G,'OC-Days'!$B:$B) -> 1143 | AI17: =I17/_xlfn.XLOOKUP(AI$5,'OC-Days'!$G:$G,'OC-Days'!$B:$B) -> 1143 | AJ17: =J17/_xlfn.XLOOKUP(AJ$5,'OC-Days'!$G:$G,'OC-Days'!$B:$B) -> 1143 | ... AN17: =N17/_xlfn.XLOOKUP(AN$5,'OC-Days'!$G:$G,'OC-Days'!$B:$B) -> 1143 | AP17: =P17/_xlfn.XLOOKUP(AP$5,'OC-Days'!$G:$G,'OC-Days'!$B:$B) -> 958.5 | AQ17: =Q17/_xlfn.XLOOKUP(AQ$5,'OC-Days'!$G:$G,'OC-Days'!$B:$B) -> 959.5 | AR17: =R17/_xlfn.XLOOKUP(AR$5,'OC-Days'!$G:$G,'OC-Days'!$B:$B) -> 962.5 | AS17: =S17/_xlfn.XLOOKUP(AS$5,'OC-Days'!$G:$G,'OC-Days'!$B:$B) -> 964.5 | AT17: =T17/_xlfn.XLOOKUP(AT$5,'OC-Days'!$G:$G,'OC-Days'!$B:$B) -> 967.5 | AU17: =U17/_xlfn.XLOOKUP(AU$5,'OC-Days'!$G:$G,'OC-Days'!$B:$B) -> 968.5 | AV17: =V17/_xlfn.XLOOKUP(AV$5,'OC-Days'!$G:$G,'OC-Days'!$B:$B) -> 974.5 | AW17: =W17/_xlfn.XLOOKUP(AW$5,'OC-Days'!$G:$G,'OC-Days'!$B:$B) -> 975.5 | ... BA17: =AA17/_xlfn.XLOOKUP(BA$5,'OC-Days'!$G:$G,'OC-Days'!$B:$B) -> 984.5 | BC17: =_xlfn.XLOOKUP(BC$5,'OC-Days'!$G:$G,'OC-Days'!$F:$F) -> 45658 | BD17: =IF(AQ17=AP17,"na",_xlfn.XLOOKUP(BD$5,'OC-Days'!$G:$G,'OC-Days'!$F:$F)) -> 45689 | BE17: =IF(AR17=AQ17,"na",_xlfn.XLOOKUP(BE$5,'OC-Days'!$G:$G,'OC-Days'!$F:$F)) -> 45717 | BF17: =IF(AS17=AR17,"na",_xlfn.XLOOKUP(BF$5,'OC-Days'!$G:$G,'OC-Days'!$F:$F)) -> 45748 | BG17: =IF(AT17=AS17,"na",_xlfn.XLOOKUP(BG$5,'OC-Days'!$G:$G,'OC-Days'!$F:$F)) -> 45778 | BH17: =IF(AU17=AT17,"na",_xlfn.XLOOKUP(BH$5,'OC-Days'!$G:$G,'OC-Days'!$F:$F)) -> 45809 | BI17: =IF(AV17=AU17,"na",_xlfn.XLOOKUP(BI$5,'OC-Days'!$G:$G,'OC-Days'!$F:$F)) -> 45839 | BJ17: =IF(AW17=AV17,"na",_xlfn.XLOOKUP(BJ$5,'OC-Days'!$G:$G,'OC-Days'!$F:$F)) -> 45870 | BK17: =IF(AX17=AW17,"na",_xlfn.XLOOKUP(BK$5,'OC-Days'!$G:$G,'OC-Days'!$F:$F)) -> 45901 | ... BN17: =IF(BA17=AZ17,"na",_xlfn.XLOOKUP(BN$5,'OC-Days'!$G:$G,'OC-Days'!$F:$F)) -> 45992 | BP17: =IF(BD17="na",BD17,BD17-1) -> 45688 | BQ17: =IF(BE17="na",BE17,BE17-1) -> 45716 | BR17: =IF(BF17="na",BF17,BF17-1) -> 45747 | BS17: =IF(BG17="na",BG17,BG17-1) -> 45777 | BT17: =IF(BH17="na",BH17,BH17-1) -> 45808 | BU17: =IF(BI17="na",BI17,BI17-1) -> 45838 | BV17: =IF(BJ17="na",BJ17,BJ17-1) -> 45869 | BW17: =IF(BK17="na",BK17,BK17-1) -> 45900 | ... BZ17: =IF(BN17="na",BN17,BN17-1) -> 45991 | CA17: =DATE(VALUE(RIGHT($CA$5,4)),12,31) -> 46022 | CC17: =COUNT($BC17:BC17) -> 1 | CD17: =COUNT($BC17:BD17) -> 2 | CE17: =COUNT($BC17:BE17) -> 3 | CF17: =COUNT($BC17:BF17) -> 4 | CG17: =COUNT($BC17:BG17) -> 5 | CH17: =COUNT($BC17:BH17) -> 6 | CI17: =COUNT($BC17:BI17) -> 7 | CJ17: =COUNT($BC17:BJ17) -> 8 | ... CN17: =COUNT($BC17:BN17) -> 12 | CP17: =COUNT($BP17:BP17) -> 1 | CQ17: =COUNT($BP17:BQ17) -> 2 | CR17: =COUNT($BP17:BR17) -> 3 | CS17: =COUNT($BP17:BS17) -> 4 | CT17: =COUNT($BP17:BT17) -> 5 | CU17: =COUNT($BP17:BU17) -> 6 | CV17: =COUNT($BP17:BV17) -> 7 | CW17: =COUNT($BP17:BW17) -> 8 | ... DA17: =COUNT($BP17:CA17) -> 12 | DC17: =IF(ISNUMBER(VALUE(LEFT(B17,3))),VALUE(LEFT(B17,3)),"Entity") -> 100 | DD17: =IF(ISNUMBER(VALUE(MID(B17,5,2))),VALUE(MID(B17,5,2)),"Rollup") -> Rollup | DE17: =DC17&"-"&DD17 -> 100-Rollup | DG17: =COUNT(BC17:BN17) -> 12 | DH17: =COUNT(BP17:CA17) -> 12
B18: 200-21 Villas/Cottages | C18: 2232 | D18: 2016 | E18: 2232 | F18: 2160 | G18: 2232 | H18: 2160 | I18: 2232 | J18: 2232 | K18: 2160 | L18: 2232 | M18: 2160 | N18: 2232 | P18: 2201 | Q18: 1988 | R18: 2201 | S18: 2130 | T18: 2201 | U18: 2130 | V18: 2201 | W18: 2201 | X18: 2130 | Y18: 2201 | Z18: 2130 | AA18: 2201 | AC18: =C18/_xlfn.XLOOKUP(AC$5,'OC-Days'!$G:$G,'OC-Days'!$B:$B) -> 72 | AD18: =D18/_xlfn.XLOOKUP(AD$5,'OC-Days'!$G:$G,'OC-Days'!$B:$B) -> 72 | AE18: =E18/_xlfn.XLOOKUP(AE$5,'OC-Days'!$G:$G,'OC-Days'!$B:$B) -> 72 | AF18: =F18/_xlfn.XLOOKUP(AF$5,'OC-Days'!$G:$G,'OC-Days'!$B:$B) -> 72 | AG18: =G18/_xlfn.XLOOKUP(AG$5,'OC-Days'!$G:$G,'OC-Days'!$B:$B) -> 72 | AH18: =H18/_xlfn.XLOOKUP(AH$5,'OC-Days'!$G:$G,'OC-Days'!$B:$B) -> 72 | AI18: =I18/_xlfn.XLOOKUP(AI$5,'OC-Days'!$G:$G,'OC-Days'!$B:$B) -> 72 | AJ18: =J18/_xlfn.XLOOKUP(AJ$5,'OC-Days'!$G:$G,'OC-Days'!$B:$B) -> 72 | ... AN18: =N18/_xlfn.XLOOKUP(AN$5,'OC-Days'!$G:$G,'OC-Days'!$B:$B) -> 72 | AP18: =P18/_xlfn.XLOOKUP(AP$5,'OC-Days'!$G:$G,'OC-Days'!$B:$B) -> 71 | AQ18: =Q18/_xlfn.XLOOKUP(AQ$5,'OC-Days'!$G:$G,'OC-Days'!$B:$B) -> 71 | AR18: =R18/_xlfn.XLOOKUP(AR$5,'OC-Days'!$G:$G,'OC-Days'!$B:$B) -> 71 | AS18: =S18/_xlfn.XLOOKUP(AS$5,'OC-Days'!$G:$G,'OC-Days'!$B:$B) -> 71 | AT18: =T18/_xlfn.XLOOKUP(AT$5,'OC-Days'!$G:$G,'OC-Days'!$B:$B) -> 71 | AU18: =U18/_xlfn.XLOOKUP(AU$5,'OC-Days'!$G:$G,'OC-Days'!$B:$B) -> 71 | AV18: =V18/_xlfn.XLOOKUP(AV$5,'OC-Days'!$G:$G,'OC-Days'!$B:$B) -> 71 | AW18: =W18/_xlfn.XLOOKUP(AW$5,'OC-Days'!$G:$G,'OC-Days'!$B:$B) -> 71 | ... BA18: =AA18/_xlfn.XLOOKUP(BA$5,'OC-Days'!$G:$G,'OC-Days'!$B:$B) -> 71 | BC18: =_xlfn.XLOOKUP(BC$5,'OC-Days'!$G:$G,'OC-Days'!$F:$F) -> 45658 | BD18: =IF(AQ18=AP18,"na",_xlfn.XLOOKUP(BD$5,'OC-Days'!$G:$G,'OC-Days'!$F:$F)) -> na | BE18: =IF(AR18=AQ18,"na",_xlfn.XLOOKUP(BE$5,'OC-Days'!$G:$G,'OC-Days'!$F:$F)) -> na | BF18: =IF(AS18=AR18,"na",_xlfn.XLOOKUP(BF$5,'OC-Days'!$G:$G,'OC-Days'!$F:$F)) -> na | BG18: =IF(AT18=AS18,"na",_xlfn.XLOOKUP(BG$5,'OC-Days'!$G:$G,'OC-Days'!$F:$F)) -> na | BH18: =IF(AU18=AT18,"na",_xlfn.XLOOKUP(BH$5,'OC-Days'!$G:$G,'OC-Days'!$F:$F)) -> na | BI18: =IF(AV18=AU18,"na",_xlfn.XLOOKUP(BI$5,'OC-Days'!$G:$G,'OC-Days'!$F:$F)) -> na | BJ18: =IF(AW18=AV18,"na",_xlfn.XLOOKUP(BJ$5,'OC-Days'!$G:$G,'OC-Days'!$F:$F)) -> na | BK18: =IF(AX18=AW18,"na",_xlfn.XLOOKUP(BK$5,'OC-Days'!$G:$G,'OC-Days'!$F:$F)) -> na | ... BN18: =IF(BA18=AZ18,"na",_xlfn.XLOOKUP(BN$5,'OC-Days'!$G:$G,'OC-Days'!$F:$F)) -> na | BP18: =IF(BD18="na",BD18,BD18-1) -> na | BQ18: =IF(BE18="na",BE18,BE18-1) -> na | BR18: =IF(BF18="na",BF18,BF18-1) -> na | BS18: =IF(BG18="na",BG18,BG18-1) -> na | BT18: =IF(BH18="na",BH18,BH18-1) -> na | BU18: =IF(BI18="na",BI18,BI18-1) -> na | BV18: =IF(BJ18="na",BJ18,BJ18-1) -> na | BW18: =IF(BK18="na",BK18,BK18-1) -> na | ... BZ18: =IF(BN18="na",BN18,BN18-1) -> na | CA18: =DATE(VALUE(RIGHT($CA$5,4)),12,31) -> 46022 | CC18: =COUNT($BC18:BC18) -> 1 | CD18: =COUNT($BC18:BD18) -> 1 | CE18: =COUNT($BC18:BE18) -> 1 | CF18: =COUNT($BC18:BF18) -> 1 | CG18: =COUNT($BC18:BG18) -> 1 | CH18: =COUNT($BC18:BH18) -> 1 | CI18: =COUNT($BC18:BI18) -> 1 | CJ18: =COUNT($BC18:BJ18) -> 1 | ... CN18: =COUNT($BC18:BN18) -> 1 | CP18: =COUNT($BP18:BP18) -> 0 | CQ18: =COUNT($BP18:BQ18) -> 0 | CR18: =COUNT($BP18:BR18) -> 0 | CS18: =COUNT($BP18:BS18) -> 0 | CT18: =COUNT($BP18:BT18) -> 0 | CU18: =COUNT($BP18:BU18) -> 0 | CV18: =COUNT($BP18:BV18) -> 0 | CW18: =COUNT($BP18:BW18) -> 0 | ... DA18: =COUNT($BP18:CA18) -> 1 | DC18: =IF(ISNUMBER(VALUE(LEFT(B18,3))),VALUE(LEFT(B18,3)),"Entity") -> 200 | DD18: =IF(ISNUMBER(VALUE(MID(B18,5,2))),VALUE(MID(B18,5,2)),"Rollup") -> 21 | DE18: =DC18&"-"&DD18 -> 200-21 | DG18: =COUNT(BC18:BN18) -> 1 | DH18: =COUNT(BP18:CA18) -> 1 | DJ18: {=IF(DJ$5<=$DG18,INDEX($BC18:$BN18,1,_xlfn.XMATCH(DJ$5,$CC18:$CN18)),"na")} -> 45658 | DK18: {=IF(DK$5<=$DH18,INDEX($BP18:$CA18,1,_xlfn.XMATCH(DK$5,$CP18:$DA18)),"na")} -> 46022 | DL18: {=IF(DL$5<=$DG18,INDEX($AC18:$AN18,1,_xlfn.XMATCH(DL$5,$CC18:$CN18)),"na")} -> 72 | DM18: {=IF(DM$5<=$DG18,INDEX($AP18:$BA18,1,_xlfn.XMATCH(DM$5,$CC18:$CN18)),"na")} -> 71 | DN18: {=IF(DN$5<=$DG18,INDEX($BC18:$BN18,1,_xlfn.XMATCH(DN$5,$CC18:$CN18)),"na")} -> na | DO18: {=IF(DO$5<=$DH18,INDEX($BP18:$CA18,1,_xlfn.XMATCH(DO$5,$CP18:$DA18)),"na")} -> na | DP18: {=IF(DP$5<=$DG18,INDEX($AC18:$AN18,1,_xlfn.XMATCH(DP$5,$CC18:$CN18)),"na")} -> na | DQ18: {=IF(DQ$5<=$DG18,INDEX($AP18:$BA18,1,_xlfn.XMATCH(DQ$5,$CC18:$CN18)),"na")} -> na | DR18: {=IF(DR$5<=$DG18,INDEX($BC18:$BN18,1,_xlfn.XMATCH(DR$5,$CC18:$CN18)),"na")} -> na | DS18: {=IF(DS$5<=$DH18,INDEX($BP18:$CA18,1,_xlfn.XMATCH(DS$5,$CP18:$DA18)),"na")} -> na | DT18: {=IF(DT$5<=$DG18,INDEX($AC18:$AN18,1,_xlfn.XMATCH(DT$5,$CC18:$CN18)),"na")} -> na | DU18: {=IF(DU$5<=$DG18,INDEX($AP18:$BA18,1,_xlfn.XMATCH(DU$5,$CC18:$CN18)),"na")} -> na | DV18: {=IF(DV$5<=$DG18,INDEX($BC18:$BN18,1,_xlfn.XMATCH(DV$5,$CC18:$CN18)),"na")} -> na | DW18: {=IF(DW$5<=$DH18,INDEX($BP18:$CA18,1,_xlfn.XMATCH(DW$5,$CP18:$DA18)),"na")} -> na | DX18: {=IF(DX$5<=$DG18,INDEX($AC18:$AN18,1,_xlfn.XMATCH(DX$5,$CC18:$CN18)),"na")} -> na | DY18: {=IF(DY$5<=$DG18,INDEX($AP18:$BA18,1,_xlfn.XMATCH(DY$5,$CC18:$CN18)),"na")} -> na | DZ18: {=IF(DZ$5<=$DG18,INDEX($BC18:$BN18,1,_xlfn.XMATCH(DZ$5,$CC18:$CN18)),"na")} -> na | EA18: {=IF(EA$5<=$DH18,INDEX($BP18:$CA18,1,_xlfn.XMATCH(EA$5,$CP18:$DA18)),"na")} -> na | EB18: {=IF(EB$5<=$DG18,INDEX($AC18:$AN18,1,_xlfn.XMATCH(EB$5,$CC18:$CN18)),"na")} -> na | EC18: {=IF(EC$5<=$DG18,INDEX($AP18:$BA18,1,_xlfn.XMATCH(EC$5,$CC18:$CN18)),"na")} -> na | ED18: {=IF(ED$5<=$DG18,INDEX($BC18:$BN18,1,_xlfn.XMATCH(ED$5,$CC18:$CN18)),"na")} -> na | EE18: {=IF(EE$5<=$DH18,INDEX($BP18:$CA18,1,_xlfn.XMATCH(EE$5,$CP18:$DA18)),"na")} -> na | EF18: {=IF(EF$5<=$DG18,INDEX($AC18:$AN18,1,_xlfn.XMATCH(EF$5,$CC18:$CN18)),"na")} -> na | EG18: {=IF(EG$5<=$DG18,INDEX($AP18:$BA18,1,_xlfn.XMATCH(EG$5,$CC18:$CN18)),"na")} -> na | EH18: {=IF(EH$5<=$DG18,INDEX($BC18:$BN18,1,_xlfn.XMATCH(EH$5,$CC18:$CN18)),"na")} -> na | EI18: {=IF(EI$5<=$DH18,INDEX($BP18:$CA18,1,_xlfn.XMATCH(EI$5,$CP18:$DA18)),"na")} -> na | EJ18: {=IF(EJ$5<=$DG18,INDEX($AC18:$AN18,1,_xlfn.XMATCH(EJ$5,$CC18:$CN18)),"na")} -> na | EK18: {=IF(EK$5<=$DG18,INDEX($AP18:$BA18,1,_xlfn.XMATCH(EK$5,$CC18:$CN18)),"na")} -> na | EL18: {=IF(EL$5<=$DG18,INDEX($BC18:$BN18,1,_xlfn.XMATCH(EL$5,$CC18:$CN18)),"na")} -> na | EM18: {=IF(EM$5<=$DH18,INDEX($BP18:$CA18,1,_xlfn.XMATCH(EM$5,$CP18:$DA18)),"na")} -> na | EN18: {=IF(EN$5<=$DG18,INDEX($AC18:$AN18,1,_xlfn.XMATCH(EN$5,$CC18:$CN18)),"na")} -> na | EO18: {=IF(EO$5<=$DG18,INDEX($AP18:$BA18,1,_xlfn.XMATCH(EO$5,$CC18:$CN18)),"na")} -> na | EP18: {=IF(EP$5<=$DG18,INDEX($BC18:$BN18,1,_xlfn.XMATCH(EP$5,$CC18:$CN18)),"na")} -> na | EQ18: {=IF(EQ$5<=$DH18,INDEX($BP18:$CA18,1,_xlfn.XMATCH(EQ$5,$CP18:$DA18)),"na")} -> na | ER18: {=IF(ER$5<=$DG18,INDEX($AC18:$AN18,1,_xlfn.XMATCH(ER$5,$CC18:$CN18)),"na")} -> na | ES18: {=IF(ES$5<=$DG18,INDEX($AP18:$BA18,1,_xlfn.XMATCH(ES$5,$CC18:$CN18)),"na")} -> na | ET18: {=IF(ET$5<=$DG18,INDEX($BC18:$BN18,1,_xlfn.XMATCH(ET$5,$CC18:$CN18)),"na")} -> na | EU18: {=IF(EU$5<=$DH18,INDEX($BP18:$CA18,1,_xlfn.XMATCH(EU$5,$CP18:$DA18)),"na")} -> na | EV18: {=IF(EV$5<=$DG18,INDEX($AC18:$AN18,1,_xlfn.XMATCH(EV$5,$CC18:$CN18)),"na")} -> na | EW18: {=IF(EW$5<=$DG18,INDEX($AP18:$BA18,1,_xlfn.XMATCH(EW$5,$CC18:$CN18)),"na")} -> na | EX18: {=IF(EX$5<=$DG18,INDEX($BC18:$BN18,1,_xlfn.XMATCH(EX$5,$CC18:$CN18)),"na")} -> na | EY18: {=IF(EY$5<=$DH18,INDEX($BP18:$CA18,1,_xlfn.XMATCH(EY$5,$CP18:$DA18)),"na")} -> na | EZ18: {=IF(EZ$5<=$DG18,INDEX($AC18:$AN18,1,_xlfn.XMATCH(EZ$5,$CC18:$CN18)),"na")} -> na | FA18: {=IF(FA$5<=$DG18,INDEX($AP18:$BA18,1,_xlfn.XMATCH(FA$5,$CC18:$CN18)),"na")} -> na | FB18: {=IF(FB$5<=$DG18,INDEX($BC18:$BN18,1,_xlfn.XMATCH(FB$5,$CC18:$CN18)),"na")} -> na | FC18: {=IF(FC$5<=$DH18,INDEX($BP18:$CA18,1,_xlfn.XMATCH(FC$5,$CP18:$DA18)),"na")} -> na | FD18: {=IF(FD$5<=$DG18,INDEX($AC18:$AN18,1,_xlfn.XMATCH(FD$5,$CC18:$CN18)),"na")} -> na | FE18: {=IF(FE$5<=$DG18,INDEX($AP18:$BA18,1,_xlfn.XMATCH(FE$5,$CC18:$CN18)),"na")} -> na
B19: 200-31 Apartment A (AMV=Trott, BV=Center, AS=North Apts.) | C19: 4402 | D19: 3976 | E19: 4402 | F19: 4260 | G19: 4402 | H19: 4260 | I19: 4402 | J19: 4402 | K19: 4260 | L19: 4402 | M19: 4260 | N19: 4402 | P19: 4154 | Q19: 3752 | R19: 4154 | S19: 4020 | T19: 4154 | U19: 4020 | V19: 4154 | W19: 4154 | X19: 4020 | Y19: 4154 | Z19: 4020 | AA19: 4154 | AC19: =C19/_xlfn.XLOOKUP(AC$5,'OC-Days'!$G:$G,'OC-Days'!$B:$B) -> 142 | AD19: =D19/_xlfn.XLOOKUP(AD$5,'OC-Days'!$G:$G,'OC-Days'!$B:$B) -> 142 | AE19: =E19/_xlfn.XLOOKUP(AE$5,'OC-Days'!$G:$G,'OC-Days'!$B:$B) -> 142 | AF19: =F19/_xlfn.XLOOKUP(AF$5,'OC-Days'!$G:$G,'OC-Days'!$B:$B) -> 142 | AG19: =G19/_xlfn.XLOOKUP(AG$5,'OC-Days'!$G:$G,'OC-Days'!$B:$B) -> 142 | AH19: =H19/_xlfn.XLOOKUP(AH$5,'OC-Days'!$G:$G,'OC-Days'!$B:$B) -> 142 | AI19: =I19/_xlfn.XLOOKUP(AI$5,'OC-Days'!$G:$G,'OC-Days'!$B:$B) -> 142 | AJ19: =J19/_xlfn.XLOOKUP(AJ$5,'OC-Days'!$G:$G,'OC-Days'!$B:$B) -> 142 | ... AN19: =N19/_xlfn.XLOOKUP(AN$5,'OC-Days'!$G:$G,'OC-Days'!$B:$B) -> 142 | AP19: =P19/_xlfn.XLOOKUP(AP$5,'OC-Days'!$G:$G,'OC-Days'!$B:$B) -> 134 | AQ19: =Q19/_xlfn.XLOOKUP(AQ$5,'OC-Days'!$G:$G,'OC-Days'!$B:$B) -> 134 | AR19: =R19/_xlfn.XLOOKUP(AR$5,'OC-Days'!$G:$G,'OC-Days'!$B:$B) -> 134 | AS19: =S19/_xlfn.XLOOKUP(AS$5,'OC-Days'!$G:$G,'OC-Days'!$B:$B) -> 134 | AT19: =T19/_xlfn.XLOOKUP(AT$5,'OC-Days'!$G:$G,'OC-Days'!$B:$B) -> 134 | AU19: =U19/_xlfn.XLOOKUP(AU$5,'OC-Days'!$G:$G,'OC-Days'!$B:$B) -> 134 | AV19: =V19/_xlfn.XLOOKUP(AV$5,'OC-Days'!$G:$G,'OC-Days'!$B:$B) -> 134 | AW19: =W19/_xlfn.XLOOKUP(AW$5,'OC-Days'!$G:$G,'OC-Days'!$B:$B) -> 134 | ... BA19: =AA19/_xlfn.XLOOKUP(BA$5,'OC-Days'!$G:$G,'OC-Days'!$B:$B) -> 134 | BC19: =_xlfn.XLOOKUP(BC$5,'OC-Days'!$G:$G,'OC-Days'!$F:$F) -> 45658 | BD19: =IF(AQ19=AP19,"na",_xlfn.XLOOKUP(BD$5,'OC-Days'!$G:$G,'OC-Days'!$F:$F)) -> na | BE19: =IF(AR19=AQ19,"na",_xlfn.XLOOKUP(BE$5,'OC-Days'!$G:$G,'OC-Days'!$F:$F)) -> na | BF19: =IF(AS19=AR19,"na",_xlfn.XLOOKUP(BF$5,'OC-Days'!$G:$G,'OC-Days'!$F:$F)) -> na | BG19: =IF(AT19=AS19,"na",_xlfn.XLOOKUP(BG$5,'OC-Days'!$G:$G,'OC-Days'!$F:$F)) -> na | BH19: =IF(AU19=AT19,"na",_xlfn.XLOOKUP(BH$5,'OC-Days'!$G:$G,'OC-Days'!$F:$F)) -> na | BI19: =IF(AV19=AU19,"na",_xlfn.XLOOKUP(BI$5,'OC-Days'!$G:$G,'OC-Days'!$F:$F)) -> na | BJ19: =IF(AW19=AV19,"na",_xlfn.XLOOKUP(BJ$5,'OC-Days'!$G:$G,'OC-Days'!$F:$F)) -> na | BK19: =IF(AX19=AW19,"na",_xlfn.XLOOKUP(BK$5,'OC-Days'!$G:$G,'OC-Days'!$F:$F)) -> na | ... BN19: =IF(BA19=AZ19,"na",_xlfn.XLOOKUP(BN$5,'OC-Days'!$G:$G,'OC-Days'!$F:$F)) -> na | BP19: =IF(BD19="na",BD19,BD19-1) -> na | BQ19: =IF(BE19="na",BE19,BE19-1) -> na | BR19: =IF(BF19="na",BF19,BF19-1) -> na | BS19: =IF(BG19="na",BG19,BG19-1) -> na | BT19: =IF(BH19="na",BH19,BH19-1) -> na | BU19: =IF(BI19="na",BI19,BI19-1) -> na | BV19: =IF(BJ19="na",BJ19,BJ19-1) -> na | BW19: =IF(BK19="na",BK19,BK19-1) -> na | ... BZ19: =IF(BN19="na",BN19,BN19-1) -> na | CA19: =DATE(VALUE(RIGHT($CA$5,4)),12,31) -> 46022 | CC19: =COUNT($BC19:BC19) -> 1 | CD19: =COUNT($BC19:BD19) -> 1 | CE19: =COUNT($BC19:BE19) -> 1 | CF19: =COUNT($BC19:BF19) -> 1 | CG19: =COUNT($BC19:BG19) -> 1 | CH19: =COUNT($BC19:BH19) -> 1 | CI19: =COUNT($BC19:BI19) -> 1 | CJ19: =COUNT($BC19:BJ19) -> 1 | ... CN19: =COUNT($BC19:BN19) -> 1 | CP19: =COUNT($BP19:BP19) -> 0 | CQ19: =COUNT($BP19:BQ19) -> 0 | CR19: =COUNT($BP19:BR19) -> 0 | CS19: =COUNT($BP19:BS19) -> 0 | CT19: =COUNT($BP19:BT19) -> 0 | CU19: =COUNT($BP19:BU19) -> 0 | CV19: =COUNT($BP19:BV19) -> 0 | CW19: =COUNT($BP19:BW19) -> 0 | ... DA19: =COUNT($BP19:CA19) -> 1 | DC19: =IF(ISNUMBER(VALUE(LEFT(B19,3))),VALUE(LEFT(B19,3)),"Entity") -> 200 | DD19: =IF(ISNUMBER(VALUE(MID(B19,5,2))),VALUE(MID(B19,5,2)),"Rollup") -> 31 | DE19: =DC19&"-"&DD19 -> 200-31 | DG19: =COUNT(BC19:BN19) -> 1 | DH19: =COUNT(BP19:CA19) -> 1 | DJ19: {=IF(DJ$5<=$DG19,INDEX($BC19:$BN19,1,_xlfn.XMATCH(DJ$5,$CC19:$CN19)),"na")} -> 45658 | DK19: {=IF(DK$5<=$DH19,INDEX($BP19:$CA19,1,_xlfn.XMATCH(DK$5,$CP19:$DA19)),"na")} -> 46022 | DL19: {=IF(DL$5<=$DG19,INDEX($AC19:$AN19,1,_xlfn.XMATCH(DL$5,$CC19:$CN19)),"na")} -> 142 | DM19: {=IF(DM$5<=$DG19,INDEX($AP19:$BA19,1,_xlfn.XMATCH(DM$5,$CC19:$CN19)),"na")} -> 134 | DN19: {=IF(DN$5<=$DG19,INDEX($BC19:$BN19,1,_xlfn.XMATCH(DN$5,$CC19:$CN19)),"na")} -> na | DO19: {=IF(DO$5<=$DH19,INDEX($BP19:$CA19,1,_xlfn.XMATCH(DO$5,$CP19:$DA19)),"na")} -> na | DP19: {=IF(DP$5<=$DG19,INDEX($AC19:$AN19,1,_xlfn.XMATCH(DP$5,$CC19:$CN19)),"na")} -> na | DQ19: {=IF(DQ$5<=$DG19,INDEX($AP19:$BA19,1,_xlfn.XMATCH(DQ$5,$CC19:$CN19)),"na")} -> na | DR19: {=IF(DR$5<=$DG19,INDEX($BC19:$BN19,1,_xlfn.XMATCH(DR$5,$CC19:$CN19)),"na")} -> na | DS19: {=IF(DS$5<=$DH19,INDEX($BP19:$CA19,1,_xlfn.XMATCH(DS$5,$CP19:$DA19)),"na")} -> na | DT19: {=IF(DT$5<=$DG19,INDEX($AC19:$AN19,1,_xlfn.XMATCH(DT$5,$CC19:$CN19)),"na")} -> na | DU19: {=IF(DU$5<=$DG19,INDEX($AP19:$BA19,1,_xlfn.XMATCH(DU$5,$CC19:$CN19)),"na")} -> na | DV19: {=IF(DV$5<=$DG19,INDEX($BC19:$BN19,1,_xlfn.XMATCH(DV$5,$CC19:$CN19)),"na")} -> na | DW19: {=IF(DW$5<=$DH19,INDEX($BP19:$CA19,1,_xlfn.XMATCH(DW$5,$CP19:$DA19)),"na")} -> na | DX19: {=IF(DX$5<=$DG19,INDEX($AC19:$AN19,1,_xlfn.XMATCH(DX$5,$CC19:$CN19)),"na")} -> na | DY19: {=IF(DY$5<=$DG19,INDEX($AP19:$BA19,1,_xlfn.XMATCH(DY$5,$CC19:$CN19)),"na")} -> na | DZ19: {=IF(DZ$5<=$DG19,INDEX($BC19:$BN19,1,_xlfn.XMATCH(DZ$5,$CC19:$CN19)),"na")} -> na | EA19: {=IF(EA$5<=$DH19,INDEX($BP19:$CA19,1,_xlfn.XMATCH(EA$5,$CP19:$DA19)),"na")} -> na | EB19: {=IF(EB$5<=$DG19,INDEX($AC19:$AN19,1,_xlfn.XMATCH(EB$5,$CC19:$CN19)),"na")} -> na | EC19: {=IF(EC$5<=$DG19,INDEX($AP19:$BA19,1,_xlfn.XMATCH(EC$5,$CC19:$CN19)),"na")} -> na | ED19: {=IF(ED$5<=$DG19,INDEX($BC19:$BN19,1,_xlfn.XMATCH(ED$5,$CC19:$CN19)),"na")} -> na | EE19: {=IF(EE$5<=$DH19,INDEX($BP19:$CA19,1,_xlfn.XMATCH(EE$5,$CP19:$DA19)),"na")} -> na | EF19: {=IF(EF$5<=$DG19,INDEX($AC19:$AN19,1,_xlfn.XMATCH(EF$5,$CC19:$CN19)),"na")} -> na | EG19: {=IF(EG$5<=$DG19,INDEX($AP19:$BA19,1,_xlfn.XMATCH(EG$5,$CC19:$CN19)),"na")} -> na | EH19: {=IF(EH$5<=$DG19,INDEX($BC19:$BN19,1,_xlfn.XMATCH(EH$5,$CC19:$CN19)),"na")} -> na | EI19: {=IF(EI$5<=$DH19,INDEX($BP19:$CA19,1,_xlfn.XMATCH(EI$5,$CP19:$DA19)),"na")} -> na | EJ19: {=IF(EJ$5<=$DG19,INDEX($AC19:$AN19,1,_xlfn.XMATCH(EJ$5,$CC19:$CN19)),"na")} -> na | EK19: {=IF(EK$5<=$DG19,INDEX($AP19:$BA19,1,_xlfn.XMATCH(EK$5,$CC19:$CN19)),"na")} -> na | EL19: {=IF(EL$5<=$DG19,INDEX($BC19:$BN19,1,_xlfn.XMATCH(EL$5,$CC19:$CN19)),"na")} -> na | EM19: {=IF(EM$5<=$DH19,INDEX($BP19:$CA19,1,_xlfn.XMATCH(EM$5,$CP19:$DA19)),"na")} -> na | EN19: {=IF(EN$5<=$DG19,INDEX($AC19:$AN19,1,_xlfn.XMATCH(EN$5,$CC19:$CN19)),"na")} -> na | EO19: {=IF(EO$5<=$DG19,INDEX($AP19:$BA19,1,_xlfn.XMATCH(EO$5,$CC19:$CN19)),"na")} -> na | EP19: {=IF(EP$5<=$DG19,INDEX($BC19:$BN19,1,_xlfn.XMATCH(EP$5,$CC19:$CN19)),"na")} -> na | EQ19: {=IF(EQ$5<=$DH19,INDEX($BP19:$CA19,1,_xlfn.XMATCH(EQ$5,$CP19:$DA19)),"na")} -> na | ER19: {=IF(ER$5<=$DG19,INDEX($AC19:$AN19,1,_xlfn.XMATCH(ER$5,$CC19:$CN19)),"na")} -> na | ES19: {=IF(ES$5<=$DG19,INDEX($AP19:$BA19,1,_xlfn.XMATCH(ES$5,$CC19:$CN19)),"na")} -> na | ET19: {=IF(ET$5<=$DG19,INDEX($BC19:$BN19,1,_xlfn.XMATCH(ET$5,$CC19:$CN19)),"na")} -> na | EU19: {=IF(EU$5<=$DH19,INDEX($BP19:$CA19,1,_xlfn.XMATCH(EU$5,$CP19:$DA19)),"na")} -> na | EV19: {=IF(EV$5<=$DG19,INDEX($AC19:$AN19,1,_xlfn.XMATCH(EV$5,$CC19:$CN19)),"na")} -> na | EW19: {=IF(EW$5<=$DG19,INDEX($AP19:$BA19,1,_xlfn.XMATCH(EW$5,$CC19:$CN19)),"na")} -> na | EX19: {=IF(EX$5<=$DG19,INDEX($BC19:$BN19,1,_xlfn.XMATCH(EX$5,$CC19:$CN19)),"na")} -> na | EY19: {=IF(EY$5<=$DH19,INDEX($BP19:$CA19,1,_xlfn.XMATCH(EY$5,$CP19:$DA19)),"na")} -> na | EZ19: {=IF(EZ$5<=$DG19,INDEX($AC19:$AN19,1,_xlfn.XMATCH(EZ$5,$CC19:$CN19)),"na")} -> na | FA19: {=IF(FA$5<=$DG19,INDEX($AP19:$BA19,1,_xlfn.XMATCH(FA$5,$CC19:$CN19)),"na")} -> na | FB19: {=IF(FB$5<=$DG19,INDEX($BC19:$BN19,1,_xlfn.XMATCH(FB$5,$CC19:$CN19)),"na")} -> na | FC19: {=IF(FC$5<=$DH19,INDEX($BP19:$CA19,1,_xlfn.XMATCH(FC$5,$CP19:$DA19)),"na")} -> na | FD19: {=IF(FD$5<=$DG19,INDEX($AC19:$AN19,1,_xlfn.XMATCH(FD$5,$CC19:$CN19)),"na")} -> na | FE19: {=IF(FE$5<=$DG19,INDEX($AP19:$BA19,1,_xlfn.XMATCH(FE$5,$CC19:$CN19)),"na")} -> na
B20: 200-32 Apartment B (AS=South Apts.) | C20: 2666 | D20: 2408 | E20: 2666 | F20: 2580 | G20: 2666 | H20: 2580 | I20: 2666 | J20: 2666 | K20: 2580 | L20: 2666 | M20: 2580 | N20: 2666 | P20: 2573 | Q20: 2324 | R20: 2573 | S20: 2490 | T20: 2573 | U20: 2490 | V20: 2573 | W20: 2573 | X20: 2490 | Y20: 2573 | Z20: 2490 | AA20: 2573 | AC20: =C20/_xlfn.XLOOKUP(AC$5,'OC-Days'!$G:$G,'OC-Days'!$B:$B) -> 86 | AD20: =D20/_xlfn.XLOOKUP(AD$5,'OC-Days'!$G:$G,'OC-Days'!$B:$B) -> 86 | AE20: =E20/_xlfn.XLOOKUP(AE$5,'OC-Days'!$G:$G,'OC-Days'!$B:$B) -> 86 | AF20: =F20/_xlfn.XLOOKUP(AF$5,'OC-Days'!$G:$G,'OC-Days'!$B:$B) -> 86 | AG20: =G20/_xlfn.XLOOKUP(AG$5,'OC-Days'!$G:$G,'OC-Days'!$B:$B) -> 86 | AH20: =H20/_xlfn.XLOOKUP(AH$5,'OC-Days'!$G:$G,'OC-Days'!$B:$B) -> 86 | AI20: =I20/_xlfn.XLOOKUP(AI$5,'OC-Days'!$G:$G,'OC-Days'!$B:$B) -> 86 | AJ20: =J20/_xlfn.XLOOKUP(AJ$5,'OC-Days'!$G:$G,'OC-Days'!$B:$B) -> 86 | ... AN20: =N20/_xlfn.XLOOKUP(AN$5,'OC-Days'!$G:$G,'OC-Days'!$B:$B) -> 86 | AP20: =P20/_xlfn.XLOOKUP(AP$5,'OC-Days'!$G:$G,'OC-Days'!$B:$B) -> 83 | AQ20: =Q20/_xlfn.XLOOKUP(AQ$5,'OC-Days'!$G:$G,'OC-Days'!$B:$B) -> 83 | AR20: =R20/_xlfn.XLOOKUP(AR$5,'OC-Days'!$G:$G,'OC-Days'!$B:$B) -> 83 | AS20: =S20/_xlfn.XLOOKUP(AS$5,'OC-Days'!$G:$G,'OC-Days'!$B:$B) -> 83 | AT20: =T20/_xlfn.XLOOKUP(AT$5,'OC-Days'!$G:$G,'OC-Days'!$B:$B) -> 83 | AU20: =U20/_xlfn.XLOOKUP(AU$5,'OC-Days'!$G:$G,'OC-Days'!$B:$B) -> 83 | AV20: =V20/_xlfn.XLOOKUP(AV$5,'OC-Days'!$G:$G,'OC-Days'!$B:$B) -> 83 | AW20: =W20/_xlfn.XLOOKUP(AW$5,'OC-Days'!$G:$G,'OC-Days'!$B:$B) -> 83 | ... BA20: =AA20/_xlfn.XLOOKUP(BA$5,'OC-Days'!$G:$G,'OC-Days'!$B:$B) -> 83 | BC20: =_xlfn.XLOOKUP(BC$5,'OC-Days'!$G:$G,'OC-Days'!$F:$F) -> 45658 | BD20: =IF(AQ20=AP20,"na",_xlfn.XLOOKUP(BD$5,'OC-Days'!$G:$G,'OC-Days'!$F:$F)) -> na | BE20: =IF(AR20=AQ20,"na",_xlfn.XLOOKUP(BE$5,'OC-Days'!$G:$G,'OC-Days'!$F:$F)) -> na | BF20: =IF(AS20=AR20,"na",_xlfn.XLOOKUP(BF$5,'OC-Days'!$G:$G,'OC-Days'!$F:$F)) -> na | BG20: =IF(AT20=AS20,"na",_xlfn.XLOOKUP(BG$5,'OC-Days'!$G:$G,'OC-Days'!$F:$F)) -> na | BH20: =IF(AU20=AT20,"na",_xlfn.XLOOKUP(BH$5,'OC-Days'!$G:$G,'OC-Days'!$F:$F)) -> na | BI20: =IF(AV20=AU20,"na",_xlfn.XLOOKUP(BI$5,'OC-Days'!$G:$G,'OC-Days'!$F:$F)) -> na | BJ20: =IF(AW20=AV20,"na",_xlfn.XLOOKUP(BJ$5,'OC-Days'!$G:$G,'OC-Days'!$F:$F)) -> na | BK20: =IF(AX20=AW20,"na",_xlfn.XLOOKUP(BK$5,'OC-Days'!$G:$G,'OC-Days'!$F:$F)) -> na | ... BN20: =IF(BA20=AZ20,"na",_xlfn.XLOOKUP(BN$5,'OC-Days'!$G:$G,'OC-Days'!$F:$F)) -> na | BP20: =IF(BD20="na",BD20,BD20-1) -> na | BQ20: =IF(BE20="na",BE20,BE20-1) -> na | BR20: =IF(BF20="na",BF20,BF20-1) -> na | BS20: =IF(BG20="na",BG20,BG20-1) -> na | BT20: =IF(BH20="na",BH20,BH20-1) -> na | BU20: =IF(BI20="na",BI20,BI20-1) -> na | BV20: =IF(BJ20="na",BJ20,BJ20-1) -> na | BW20: =IF(BK20="na",BK20,BK20-1) -> na | ... BZ20: =IF(BN20="na",BN20,BN20-1) -> na | CA20: =DATE(VALUE(RIGHT($CA$5,4)),12,31) -> 46022 | CC20: =COUNT($BC20:BC20) -> 1 | CD20: =COUNT($BC20:BD20) -> 1 | CE20: =COUNT($BC20:BE20) -> 1 | CF20: =COUNT($BC20:BF20) -> 1 | CG20: =COUNT($BC20:BG20) -> 1 | CH20: =COUNT($BC20:BH20) -> 1 | CI20: =COUNT($BC20:BI20) -> 1 | CJ20: =COUNT($BC20:BJ20) -> 1 | ... CN20: =COUNT($BC20:BN20) -> 1 | CP20: =COUNT($BP20:BP20) -> 0 | CQ20: =COUNT($BP20:BQ20) -> 0 | CR20: =COUNT($BP20:BR20) -> 0 | CS20: =COUNT($BP20:BS20) -> 0 | CT20: =COUNT($BP20:BT20) -> 0 | CU20: =COUNT($BP20:BU20) -> 0 | CV20: =COUNT($BP20:BV20) -> 0 | CW20: =COUNT($BP20:BW20) -> 0 | ... DA20: =COUNT($BP20:CA20) -> 1 | DC20: =IF(ISNUMBER(VALUE(LEFT(B20,3))),VALUE(LEFT(B20,3)),"Entity") -> 200 | DD20: =IF(ISNUMBER(VALUE(MID(B20,5,2))),VALUE(MID(B20,5,2)),"Rollup") -> 32 | DE20: =DC20&"-"&DD20 -> 200-32 | DG20: =COUNT(BC20:BN20) -> 1 | DH20: =COUNT(BP20:CA20) -> 1 | DJ20: {=IF(DJ$5<=$DG20,INDEX($BC20:$BN20,1,_xlfn.XMATCH(DJ$5,$CC20:$CN20)),"na")} -> 45658 | DK20: {=IF(DK$5<=$DH20,INDEX($BP20:$CA20,1,_xlfn.XMATCH(DK$5,$CP20:$DA20)),"na")} -> 46022 | DL20: {=IF(DL$5<=$DG20,INDEX($AC20:$AN20,1,_xlfn.XMATCH(DL$5,$CC20:$CN20)),"na")} -> 86 | DM20: {=IF(DM$5<=$DG20,INDEX($AP20:$BA20,1,_xlfn.XMATCH(DM$5,$CC20:$CN20)),"na")} -> 83 | DN20: {=IF(DN$5<=$DG20,INDEX($BC20:$BN20,1,_xlfn.XMATCH(DN$5,$CC20:$CN20)),"na")} -> na | DO20: {=IF(DO$5<=$DH20,INDEX($BP20:$CA20,1,_xlfn.XMATCH(DO$5,$CP20:$DA20)),"na")} -> na | DP20: {=IF(DP$5<=$DG20,INDEX($AC20:$AN20,1,_xlfn.XMATCH(DP$5,$CC20:$CN20)),"na")} -> na | DQ20: {=IF(DQ$5<=$DG20,INDEX($AP20:$BA20,1,_xlfn.XMATCH(DQ$5,$CC20:$CN20)),"na")} -> na | DR20: {=IF(DR$5<=$DG20,INDEX($BC20:$BN20,1,_xlfn.XMATCH(DR$5,$CC20:$CN20)),"na")} -> na | DS20: {=IF(DS$5<=$DH20,INDEX($BP20:$CA20,1,_xlfn.XMATCH(DS$5,$CP20:$DA20)),"na")} -> na | DT20: {=IF(DT$5<=$DG20,INDEX($AC20:$AN20,1,_xlfn.XMATCH(DT$5,$CC20:$CN20)),"na")} -> na | DU20: {=IF(DU$5<=$DG20,INDEX($AP20:$BA20,1,_xlfn.XMATCH(DU$5,$CC20:$CN20)),"na")} -> na | DV20: {=IF(DV$5<=$DG20,INDEX($BC20:$BN20,1,_xlfn.XMATCH(DV$5,$CC20:$CN20)),"na")} -> na | DW20: {=IF(DW$5<=$DH20,INDEX($BP20:$CA20,1,_xlfn.XMATCH(DW$5,$CP20:$DA20)),"na")} -> na | DX20: {=IF(DX$5<=$DG20,INDEX($AC20:$AN20,1,_xlfn.XMATCH(DX$5,$CC20:$CN20)),"na")} -> na | DY20: {=IF(DY$5<=$DG20,INDEX($AP20:$BA20,1,_xlfn.XMATCH(DY$5,$CC20:$CN20)),"na")} -> na | DZ20: {=IF(DZ$5<=$DG20,INDEX($BC20:$BN20,1,_xlfn.XMATCH(DZ$5,$CC20:$CN20)),"na")} -> na | EA20: {=IF(EA$5<=$DH20,INDEX($BP20:$CA20,1,_xlfn.XMATCH(EA$5,$CP20:$DA20)),"na")} -> na | EB20: {=IF(EB$5<=$DG20,INDEX($AC20:$AN20,1,_xlfn.XMATCH(EB$5,$CC20:$CN20)),"na")} -> na | EC20: {=IF(EC$5<=$DG20,INDEX($AP20:$BA20,1,_xlfn.XMATCH(EC$5,$CC20:$CN20)),"na")} -> na | ED20: {=IF(ED$5<=$DG20,INDEX($BC20:$BN20,1,_xlfn.XMATCH(ED$5,$CC20:$CN20)),"na")} -> na | EE20: {=IF(EE$5<=$DH20,INDEX($BP20:$CA20,1,_xlfn.XMATCH(EE$5,$CP20:$DA20)),"na")} -> na | EF20: {=IF(EF$5<=$DG20,INDEX($AC20:$AN20,1,_xlfn.XMATCH(EF$5,$CC20:$CN20)),"na")} -> na | EG20: {=IF(EG$5<=$DG20,INDEX($AP20:$BA20,1,_xlfn.XMATCH(EG$5,$CC20:$CN20)),"na")} -> na | EH20: {=IF(EH$5<=$DG20,INDEX($BC20:$BN20,1,_xlfn.XMATCH(EH$5,$CC20:$CN20)),"na")} -> na | EI20: {=IF(EI$5<=$DH20,INDEX($BP20:$CA20,1,_xlfn.XMATCH(EI$5,$CP20:$DA20)),"na")} -> na | EJ20: {=IF(EJ$5<=$DG20,INDEX($AC20:$AN20,1,_xlfn.XMATCH(EJ$5,$CC20:$CN20)),"na")} -> na | EK20: {=IF(EK$5<=$DG20,INDEX($AP20:$BA20,1,_xlfn.XMATCH(EK$5,$CC20:$CN20)),"na")} -> na | EL20: {=IF(EL$5<=$DG20,INDEX($BC20:$BN20,1,_xlfn.XMATCH(EL$5,$CC20:$CN20)),"na")} -> na | EM20: {=IF(EM$5<=$DH20,INDEX($BP20:$CA20,1,_xlfn.XMATCH(EM$5,$CP20:$DA20)),"na")} -> na | EN20: {=IF(EN$5<=$DG20,INDEX($AC20:$AN20,1,_xlfn.XMATCH(EN$5,$CC20:$CN20)),"na")} -> na | EO20: {=IF(EO$5<=$DG20,INDEX($AP20:$BA20,1,_xlfn.XMATCH(EO$5,$CC20:$CN20)),"na")} -> na | EP20: {=IF(EP$5<=$DG20,INDEX($BC20:$BN20,1,_xlfn.XMATCH(EP$5,$CC20:$CN20)),"na")} -> na | EQ20: {=IF(EQ$5<=$DH20,INDEX($BP20:$CA20,1,_xlfn.XMATCH(EQ$5,$CP20:$DA20)),"na")} -> na | ER20: {=IF(ER$5<=$DG20,INDEX($AC20:$AN20,1,_xlfn.XMATCH(ER$5,$CC20:$CN20)),"na")} -> na | ES20: {=IF(ES$5<=$DG20,INDEX($AP20:$BA20,1,_xlfn.XMATCH(ES$5,$CC20:$CN20)),"na")} -> na | ET20: {=IF(ET$5<=$DG20,INDEX($BC20:$BN20,1,_xlfn.XMATCH(ET$5,$CC20:$CN20)),"na")} -> na | EU20: {=IF(EU$5<=$DH20,INDEX($BP20:$CA20,1,_xlfn.XMATCH(EU$5,$CP20:$DA20)),"na")} -> na | EV20: {=IF(EV$5<=$DG20,INDEX($AC20:$AN20,1,_xlfn.XMATCH(EV$5,$CC20:$CN20)),"na")} -> na | EW20: {=IF(EW$5<=$DG20,INDEX($AP20:$BA20,1,_xlfn.XMATCH(EW$5,$CC20:$CN20)),"na")} -> na | EX20: {=IF(EX$5<=$DG20,INDEX($BC20:$BN20,1,_xlfn.XMATCH(EX$5,$CC20:$CN20)),"na")} -> na | EY20: {=IF(EY$5<=$DH20,INDEX($BP20:$CA20,1,_xlfn.XMATCH(EY$5,$CP20:$DA20)),"na")} -> na | EZ20: {=IF(EZ$5<=$DG20,INDEX($AC20:$AN20,1,_xlfn.XMATCH(EZ$5,$CC20:$CN20)),"na")} -> na | FA20: {=IF(FA$5<=$DG20,INDEX($AP20:$BA20,1,_xlfn.XMATCH(FA$5,$CC20:$CN20)),"na")} -> na | FB20: {=IF(FB$5<=$DG20,INDEX($BC20:$BN20,1,_xlfn.XMATCH(FB$5,$CC20:$CN20)),"na")} -> na | FC20: {=IF(FC$5<=$DH20,INDEX($BP20:$CA20,1,_xlfn.XMATCH(FC$5,$CP20:$DA20)),"na")} -> na | FD20: {=IF(FD$5<=$DG20,INDEX($AC20:$AN20,1,_xlfn.XMATCH(FD$5,$CC20:$CN20)),"na")} -> na | FE20: {=IF(FE$5<=$DG20,INDEX($AP20:$BA20,1,_xlfn.XMATCH(FE$5,$CC20:$CN20)),"na")} -> na
B21: 200-51 AL/PC A | C21: 744 | D21: 672 | E21: 744 | F21: 720 | G21: 744 | H21: 720 | I21: 744 | J21: 744 | K21: 720 | L21: 744 | M21: 720 | N21: 744 | P21: 728.5 | Q21: 658 | R21: 728.5 | S21: 705 | T21: 728.5 | U21: 705 | V21: 728.5 | W21: 728.5 | X21: 705 | Y21: 728.5 | Z21: 705 | AA21: 728.5 | AC21: =C21/_xlfn.XLOOKUP(AC$5,'OC-Days'!$G:$G,'OC-Days'!$B:$B) -> 24 | AD21: =D21/_xlfn.XLOOKUP(AD$5,'OC-Days'!$G:$G,'OC-Days'!$B:$B) -> 24 | AE21: =E21/_xlfn.XLOOKUP(AE$5,'OC-Days'!$G:$G,'OC-Days'!$B:$B) -> 24 | AF21: =F21/_xlfn.XLOOKUP(AF$5,'OC-Days'!$G:$G,'OC-Days'!$B:$B) -> 24 | AG21: =G21/_xlfn.XLOOKUP(AG$5,'OC-Days'!$G:$G,'OC-Days'!$B:$B) -> 24 | AH21: =H21/_xlfn.XLOOKUP(AH$5,'OC-Days'!$G:$G,'OC-Days'!$B:$B) -> 24 | AI21: =I21/_xlfn.XLOOKUP(AI$5,'OC-Days'!$G:$G,'OC-Days'!$B:$B) -> 24 | AJ21: =J21/_xlfn.XLOOKUP(AJ$5,'OC-Days'!$G:$G,'OC-Days'!$B:$B) -> 24 | ... AN21: =N21/_xlfn.XLOOKUP(AN$5,'OC-Days'!$G:$G,'OC-Days'!$B:$B) -> 24 | AP21: =P21/_xlfn.XLOOKUP(AP$5,'OC-Days'!$G:$G,'OC-Days'!$B:$B) -> 23.5 | AQ21: =Q21/_xlfn.XLOOKUP(AQ$5,'OC-Days'!$G:$G,'OC-Days'!$B:$B) -> 23.5 | AR21: =R21/_xlfn.XLOOKUP(AR$5,'OC-Days'!$G:$G,'OC-Days'!$B:$B) -> 23.5 | AS21: =S21/_xlfn.XLOOKUP(AS$5,'OC-Days'!$G:$G,'OC-Days'!$B:$B) -> 23.5 | AT21: =T21/_xlfn.XLOOKUP(AT$5,'OC-Days'!$G:$G,'OC-Days'!$B:$B) -> 23.5 | AU21: =U21/_xlfn.XLOOKUP(AU$5,'OC-Days'!$G:$G,'OC-Days'!$B:$B) -> 23.5 | AV21: =V21/_xlfn.XLOOKUP(AV$5,'OC-Days'!$G:$G,'OC-Days'!$B:$B) -> 23.5 | AW21: =W21/_xlfn.XLOOKUP(AW$5,'OC-Days'!$G:$G,'OC-Days'!$B:$B) -> 23.5 | ... BA21: =AA21/_xlfn.XLOOKUP(BA$5,'OC-Days'!$G:$G,'OC-Days'!$B:$B) -> 23.5 | BC21: =_xlfn.XLOOKUP(BC$5,'OC-Days'!$G:$G,'OC-Days'!$F:$F) -> 45658 | BD21: =IF(AQ21=AP21,"na",_xlfn.XLOOKUP(BD$5,'OC-Days'!$G:$G,'OC-Days'!$F:$F)) -> na | BE21: =IF(AR21=AQ21,"na",_xlfn.XLOOKUP(BE$5,'OC-Days'!$G:$G,'OC-Days'!$F:$F)) -> na | BF21: =IF(AS21=AR21,"na",_xlfn.XLOOKUP(BF$5,'OC-Days'!$G:$G,'OC-Days'!$F:$F)) -> na | BG21: =IF(AT21=AS21,"na",_xlfn.XLOOKUP(BG$5,'OC-Days'!$G:$G,'OC-Days'!$F:$F)) -> na | BH21: =IF(AU21=AT21,"na",_xlfn.XLOOKUP(BH$5,'OC-Days'!$G:$G,'OC-Days'!$F:$F)) -> na | BI21: =IF(AV21=AU21,"na",_xlfn.XLOOKUP(BI$5,'OC-Days'!$G:$G,'OC-Days'!$F:$F)) -> na | BJ21: =IF(AW21=AV21,"na",_xlfn.XLOOKUP(BJ$5,'OC-Days'!$G:$G,'OC-Days'!$F:$F)) -> na | BK21: =IF(AX21=AW21,"na",_xlfn.XLOOKUP(BK$5,'OC-Days'!$G:$G,'OC-Days'!$F:$F)) -> na | ... BN21: =IF(BA21=AZ21,"na",_xlfn.XLOOKUP(BN$5,'OC-Days'!$G:$G,'OC-Days'!$F:$F)) -> na | BP21: =IF(BD21="na",BD21,BD21-1) -> na | BQ21: =IF(BE21="na",BE21,BE21-1) -> na | BR21: =IF(BF21="na",BF21,BF21-1) -> na | BS21: =IF(BG21="na",BG21,BG21-1) -> na | BT21: =IF(BH21="na",BH21,BH21-1) -> na | BU21: =IF(BI21="na",BI21,BI21-1) -> na | BV21: =IF(BJ21="na",BJ21,BJ21-1) -> na | BW21: =IF(BK21="na",BK21,BK21-1) -> na | ... BZ21: =IF(BN21="na",BN21,BN21-1) -> na | CA21: =DATE(VALUE(RIGHT($CA$5,4)),12,31) -> 46022 | CC21: =COUNT($BC21:BC21) -> 1 | CD21: =COUNT($BC21:BD21) -> 1 | CE21: =COUNT($BC21:BE21) -> 1 | CF21: =COUNT($BC21:BF21) -> 1 | CG21: =COUNT($BC21:BG21) -> 1 | CH21: =COUNT($BC21:BH21) -> 1 | CI21: =COUNT($BC21:BI21) -> 1 | CJ21: =COUNT($BC21:BJ21) -> 1 | ... CN21: =COUNT($BC21:BN21) -> 1 | CP21: =COUNT($BP21:BP21) -> 0 | CQ21: =COUNT($BP21:BQ21) -> 0 | CR21: =COUNT($BP21:BR21) -> 0 | CS21: =COUNT($BP21:BS21) -> 0 | CT21: =COUNT($BP21:BT21) -> 0 | CU21: =COUNT($BP21:BU21) -> 0 | CV21: =COUNT($BP21:BV21) -> 0 | CW21: =COUNT($BP21:BW21) -> 0 | ... DA21: =COUNT($BP21:CA21) -> 1 | DC21: =IF(ISNUMBER(VALUE(LEFT(B21,3))),VALUE(LEFT(B21,3)),"Entity") -> 200 | DD21: =IF(ISNUMBER(VALUE(MID(B21,5,2))),VALUE(MID(B21,5,2)),"Rollup") -> 51 | DE21: =DC21&"-"&DD21 -> 200-51 | DG21: =COUNT(BC21:BN21) -> 1 | DH21: =COUNT(BP21:CA21) -> 1 | DJ21: {=IF(DJ$5<=$DG21,INDEX($BC21:$BN21,1,_xlfn.XMATCH(DJ$5,$CC21:$CN21)),"na")} -> 45658 | DK21: {=IF(DK$5<=$DH21,INDEX($BP21:$CA21,1,_xlfn.XMATCH(DK$5,$CP21:$DA21)),"na")} -> 46022 | DL21: {=IF(DL$5<=$DG21,INDEX($AC21:$AN21,1,_xlfn.XMATCH(DL$5,$CC21:$CN21)),"na")} -> 24 | DM21: {=IF(DM$5<=$DG21,INDEX($AP21:$BA21,1,_xlfn.XMATCH(DM$5,$CC21:$CN21)),"na")} -> 23.5 | DN21: {=IF(DN$5<=$DG21,INDEX($BC21:$BN21,1,_xlfn.XMATCH(DN$5,$CC21:$CN21)),"na")} -> na | DO21: {=IF(DO$5<=$DH21,INDEX($BP21:$CA21,1,_xlfn.XMATCH(DO$5,$CP21:$DA21)),"na")} -> na | DP21: {=IF(DP$5<=$DG21,INDEX($AC21:$AN21,1,_xlfn.XMATCH(DP$5,$CC21:$CN21)),"na")} -> na | DQ21: {=IF(DQ$5<=$DG21,INDEX($AP21:$BA21,1,_xlfn.XMATCH(DQ$5,$CC21:$CN21)),"na")} -> na | DR21: {=IF(DR$5<=$DG21,INDEX($BC21:$BN21,1,_xlfn.XMATCH(DR$5,$CC21:$CN21)),"na")} -> na | DS21: {=IF(DS$5<=$DH21,INDEX($BP21:$CA21,1,_xlfn.XMATCH(DS$5,$CP21:$DA21)),"na")} -> na | DT21: {=IF(DT$5<=$DG21,INDEX($AC21:$AN21,1,_xlfn.XMATCH(DT$5,$CC21:$CN21)),"na")} -> na | DU21: {=IF(DU$5<=$DG21,INDEX($AP21:$BA21,1,_xlfn.XMATCH(DU$5,$CC21:$CN21)),"na")} -> na | DV21: {=IF(DV$5<=$DG21,INDEX($BC21:$BN21,1,_xlfn.XMATCH(DV$5,$CC21:$CN21)),"na")} -> na | DW21: {=IF(DW$5<=$DH21,INDEX($BP21:$CA21,1,_xlfn.XMATCH(DW$5,$CP21:$DA21)),"na")} -> na | DX21: {=IF(DX$5<=$DG21,INDEX($AC21:$AN21,1,_xlfn.XMATCH(DX$5,$CC21:$CN21)),"na")} -> na | DY21: {=IF(DY$5<=$DG21,INDEX($AP21:$BA21,1,_xlfn.XMATCH(DY$5,$CC21:$CN21)),"na")} -> na | DZ21: {=IF(DZ$5<=$DG21,INDEX($BC21:$BN21,1,_xlfn.XMATCH(DZ$5,$CC21:$CN21)),"na")} -> na | EA21: {=IF(EA$5<=$DH21,INDEX($BP21:$CA21,1,_xlfn.XMATCH(EA$5,$CP21:$DA21)),"na")} -> na | EB21: {=IF(EB$5<=$DG21,INDEX($AC21:$AN21,1,_xlfn.XMATCH(EB$5,$CC21:$CN21)),"na")} -> na | EC21: {=IF(EC$5<=$DG21,INDEX($AP21:$BA21,1,_xlfn.XMATCH(EC$5,$CC21:$CN21)),"na")} -> na | ED21: {=IF(ED$5<=$DG21,INDEX($BC21:$BN21,1,_xlfn.XMATCH(ED$5,$CC21:$CN21)),"na")} -> na | EE21: {=IF(EE$5<=$DH21,INDEX($BP21:$CA21,1,_xlfn.XMATCH(EE$5,$CP21:$DA21)),"na")} -> na | EF21: {=IF(EF$5<=$DG21,INDEX($AC21:$AN21,1,_xlfn.XMATCH(EF$5,$CC21:$CN21)),"na")} -> na | EG21: {=IF(EG$5<=$DG21,INDEX($AP21:$BA21,1,_xlfn.XMATCH(EG$5,$CC21:$CN21)),"na")} -> na | EH21: {=IF(EH$5<=$DG21,INDEX($BC21:$BN21,1,_xlfn.XMATCH(EH$5,$CC21:$CN21)),"na")} -> na | EI21: {=IF(EI$5<=$DH21,INDEX($BP21:$CA21,1,_xlfn.XMATCH(EI$5,$CP21:$DA21)),"na")} -> na | EJ21: {=IF(EJ$5<=$DG21,INDEX($AC21:$AN21,1,_xlfn.XMATCH(EJ$5,$CC21:$CN21)),"na")} -> na | EK21: {=IF(EK$5<=$DG21,INDEX($AP21:$BA21,1,_xlfn.XMATCH(EK$5,$CC21:$CN21)),"na")} -> na | EL21: {=IF(EL$5<=$DG21,INDEX($BC21:$BN21,1,_xlfn.XMATCH(EL$5,$CC21:$CN21)),"na")} -> na | EM21: {=IF(EM$5<=$DH21,INDEX($BP21:$CA21,1,_xlfn.XMATCH(EM$5,$CP21:$DA21)),"na")} -> na | EN21: {=IF(EN$5<=$DG21,INDEX($AC21:$AN21,1,_xlfn.XMATCH(EN$5,$CC21:$CN21)),"na")} -> na | EO21: {=IF(EO$5<=$DG21,INDEX($AP21:$BA21,1,_xlfn.XMATCH(EO$5,$CC21:$CN21)),"na")} -> na | EP21: {=IF(EP$5<=$DG21,INDEX($BC21:$BN21,1,_xlfn.XMATCH(EP$5,$CC21:$CN21)),"na")} -> na | EQ21: {=IF(EQ$5<=$DH21,INDEX($BP21:$CA21,1,_xlfn.XMATCH(EQ$5,$CP21:$DA21)),"na")} -> na | ER21: {=IF(ER$5<=$DG21,INDEX($AC21:$AN21,1,_xlfn.XMATCH(ER$5,$CC21:$CN21)),"na")} -> na | ES21: {=IF(ES$5<=$DG21,INDEX($AP21:$BA21,1,_xlfn.XMATCH(ES$5,$CC21:$CN21)),"na")} -> na | ET21: {=IF(ET$5<=$DG21,INDEX($BC21:$BN21,1,_xlfn.XMATCH(ET$5,$CC21:$CN21)),"na")} -> na | EU21: {=IF(EU$5<=$DH21,INDEX($BP21:$CA21,1,_xlfn.XMATCH(EU$5,$CP21:$DA21)),"na")} -> na | EV21: {=IF(EV$5<=$DG21,INDEX($AC21:$AN21,1,_xlfn.XMATCH(EV$5,$CC21:$CN21)),"na")} -> na | EW21: {=IF(EW$5<=$DG21,INDEX($AP21:$BA21,1,_xlfn.XMATCH(EW$5,$CC21:$CN21)),"na")} -> na | EX21: {=IF(EX$5<=$DG21,INDEX($BC21:$BN21,1,_xlfn.XMATCH(EX$5,$CC21:$CN21)),"na")} -> na | EY21: {=IF(EY$5<=$DH21,INDEX($BP21:$CA21,1,_xlfn.XMATCH(EY$5,$CP21:$DA21)),"na")} -> na | EZ21: {=IF(EZ$5<=$DG21,INDEX($AC21:$AN21,1,_xlfn.XMATCH(EZ$5,$CC21:$CN21)),"na")} -> na | FA21: {=IF(FA$5<=$DG21,INDEX($AP21:$BA21,1,_xlfn.XMATCH(FA$5,$CC21:$CN21)),"na")} -> na | FB21: {=IF(FB$5<=$DG21,INDEX($BC21:$BN21,1,_xlfn.XMATCH(FB$5,$CC21:$CN21)),"na")} -> na | FC21: {=IF(FC$5<=$DH21,INDEX($BP21:$CA21,1,_xlfn.XMATCH(FC$5,$CP21:$DA21)),"na")} -> na | FD21: {=IF(FD$5<=$DG21,INDEX($AC21:$AN21,1,_xlfn.XMATCH(FD$5,$CC21:$CN21)),"na")} -> na | FE21: {=IF(FE$5<=$DG21,INDEX($AP21:$BA21,1,_xlfn.XMATCH(FE$5,$CC21:$CN21)),"na")} -> na
B22: 200-61 Skilled Nursing Facility | C22: 1488 | D22: 1344 | E22: 1488 | F22: 1440 | G22: 1488 | H22: 1440 | I22: 1488 | J22: 1488 | K22: 1440 | L22: 1488 | M22: 1440 | N22: 1488 | P22: 1162.5 | Q22: 1050 | R22: 1162.5 | S22: 1125 | T22: 1162.5 | U22: 1125 | V22: 1162.5 | W22: 1162.5 | X22: 1125 | Y22: 1162.5 | Z22: 1125 | AA22: 1162.5 | AC22: =C22/_xlfn.XLOOKUP(AC$5,'OC-Days'!$G:$G,'OC-Days'!$B:$B) -> 48 | AD22: =D22/_xlfn.XLOOKUP(AD$5,'OC-Days'!$G:$G,'OC-Days'!$B:$B) -> 48 | AE22: =E22/_xlfn.XLOOKUP(AE$5,'OC-Days'!$G:$G,'OC-Days'!$B:$B) -> 48 | AF22: =F22/_xlfn.XLOOKUP(AF$5,'OC-Days'!$G:$G,'OC-Days'!$B:$B) -> 48 | AG22: =G22/_xlfn.XLOOKUP(AG$5,'OC-Days'!$G:$G,'OC-Days'!$B:$B) -> 48 | AH22: =H22/_xlfn.XLOOKUP(AH$5,'OC-Days'!$G:$G,'OC-Days'!$B:$B) -> 48 | AI22: =I22/_xlfn.XLOOKUP(AI$5,'OC-Days'!$G:$G,'OC-Days'!$B:$B) -> 48 | AJ22: =J22/_xlfn.XLOOKUP(AJ$5,'OC-Days'!$G:$G,'OC-Days'!$B:$B) -> 48 | ... AN22: =N22/_xlfn.XLOOKUP(AN$5,'OC-Days'!$G:$G,'OC-Days'!$B:$B) -> 48 | AP22: =P22/_xlfn.XLOOKUP(AP$5,'OC-Days'!$G:$G,'OC-Days'!$B:$B) -> 37.5 | AQ22: =Q22/_xlfn.XLOOKUP(AQ$5,'OC-Days'!$G:$G,'OC-Days'!$B:$B) -> 37.5 | AR22: =R22/_xlfn.XLOOKUP(AR$5,'OC-Days'!$G:$G,'OC-Days'!$B:$B) -> 37.5 | AS22: =S22/_xlfn.XLOOKUP(AS$5,'OC-Days'!$G:$G,'OC-Days'!$B:$B) -> 37.5 | AT22: =T22/_xlfn.XLOOKUP(AT$5,'OC-Days'!$G:$G,'OC-Days'!$B:$B) -> 37.5 | AU22: =U22/_xlfn.XLOOKUP(AU$5,'OC-Days'!$G:$G,'OC-Days'!$B:$B) -> 37.5 | AV22: =V22/_xlfn.XLOOKUP(AV$5,'OC-Days'!$G:$G,'OC-Days'!$B:$B) -> 37.5 | AW22: =W22/_xlfn.XLOOKUP(AW$5,'OC-Days'!$G:$G,'OC-Days'!$B:$B) -> 37.5 | ... BA22: =AA22/_xlfn.XLOOKUP(BA$5,'OC-Days'!$G:$G,'OC-Days'!$B:$B) -> 37.5 | BC22: =_xlfn.XLOOKUP(BC$5,'OC-Days'!$G:$G,'OC-Days'!$F:$F) -> 45658 | BD22: =IF(AQ22=AP22,"na",_xlfn.XLOOKUP(BD$5,'OC-Days'!$G:$G,'OC-Days'!$F:$F)) -> na | BE22: =IF(AR22=AQ22,"na",_xlfn.XLOOKUP(BE$5,'OC-Days'!$G:$G,'OC-Days'!$F:$F)) -> na | BF22: =IF(AS22=AR22,"na",_xlfn.XLOOKUP(BF$5,'OC-Days'!$G:$G,'OC-Days'!$F:$F)) -> na | BG22: =IF(AT22=AS22,"na",_xlfn.XLOOKUP(BG$5,'OC-Days'!$G:$G,'OC-Days'!$F:$F)) -> na | BH22: =IF(AU22=AT22,"na",_xlfn.XLOOKUP(BH$5,'OC-Days'!$G:$G,'OC-Days'!$F:$F)) -> na | BI22: =IF(AV22=AU22,"na",_xlfn.XLOOKUP(BI$5,'OC-Days'!$G:$G,'OC-Days'!$F:$F)) -> na | BJ22: =IF(AW22=AV22,"na",_xlfn.XLOOKUP(BJ$5,'OC-Days'!$G:$G,'OC-Days'!$F:$F)) -> na | BK22: =IF(AX22=AW22,"na",_xlfn.XLOOKUP(BK$5,'OC-Days'!$G:$G,'OC-Days'!$F:$F)) -> na | ... BN22: =IF(BA22=AZ22,"na",_xlfn.XLOOKUP(BN$5,'OC-Days'!$G:$G,'OC-Days'!$F:$F)) -> na | BP22: =IF(BD22="na",BD22,BD22-1) -> na | BQ22: =IF(BE22="na",BE22,BE22-1) -> na | BR22: =IF(BF22="na",BF22,BF22-1) -> na | BS22: =IF(BG22="na",BG22,BG22-1) -> na | BT22: =IF(BH22="na",BH22,BH22-1) -> na | BU22: =IF(BI22="na",BI22,BI22-1) -> na | BV22: =IF(BJ22="na",BJ22,BJ22-1) -> na | BW22: =IF(BK22="na",BK22,BK22-1) -> na | ... BZ22: =IF(BN22="na",BN22,BN22-1) -> na | CA22: =DATE(VALUE(RIGHT($CA$5,4)),12,31) -> 46022 | CC22: =COUNT($BC22:BC22) -> 1 | CD22: =COUNT($BC22:BD22) -> 1 | CE22: =COUNT($BC22:BE22) -> 1 | CF22: =COUNT($BC22:BF22) -> 1 | CG22: =COUNT($BC22:BG22) -> 1 | CH22: =COUNT($BC22:BH22) -> 1 | CI22: =COUNT($BC22:BI22) -> 1 | CJ22: =COUNT($BC22:BJ22) -> 1 | ... CN22: =COUNT($BC22:BN22) -> 1 | CP22: =COUNT($BP22:BP22) -> 0 | CQ22: =COUNT($BP22:BQ22) -> 0 | CR22: =COUNT($BP22:BR22) -> 0 | CS22: =COUNT($BP22:BS22) -> 0 | CT22: =COUNT($BP22:BT22) -> 0 | CU22: =COUNT($BP22:BU22) -> 0 | CV22: =COUNT($BP22:BV22) -> 0 | CW22: =COUNT($BP22:BW22) -> 0 | ... DA22: =COUNT($BP22:CA22) -> 1 | DC22: =IF(ISNUMBER(VALUE(LEFT(B22,3))),VALUE(LEFT(B22,3)),"Entity") -> 200 | DD22: =IF(ISNUMBER(VALUE(MID(B22,5,2))),VALUE(MID(B22,5,2)),"Rollup") -> 61 | DE22: =DC22&"-"&DD22 -> 200-61 | DG22: =COUNT(BC22:BN22) -> 1 | DH22: =COUNT(BP22:CA22) -> 1 | DJ22: {=IF(DJ$5<=$DG22,INDEX($BC22:$BN22,1,_xlfn.XMATCH(DJ$5,$CC22:$CN22)),"na")} -> 45658 | DK22: {=IF(DK$5<=$DH22,INDEX($BP22:$CA22,1,_xlfn.XMATCH(DK$5,$CP22:$DA22)),"na")} -> 46022 | DL22: {=IF(DL$5<=$DG22,INDEX($AC22:$AN22,1,_xlfn.XMATCH(DL$5,$CC22:$CN22)),"na")} -> 48 | DM22: {=IF(DM$5<=$DG22,INDEX($AP22:$BA22,1,_xlfn.XMATCH(DM$5,$CC22:$CN22)),"na")} -> 37.5 | DN22: {=IF(DN$5<=$DG22,INDEX($BC22:$BN22,1,_xlfn.XMATCH(DN$5,$CC22:$CN22)),"na")} -> na | DO22: {=IF(DO$5<=$DH22,INDEX($BP22:$CA22,1,_xlfn.XMATCH(DO$5,$CP22:$DA22)),"na")} -> na | DP22: {=IF(DP$5<=$DG22,INDEX($AC22:$AN22,1,_xlfn.XMATCH(DP$5,$CC22:$CN22)),"na")} -> na | DQ22: {=IF(DQ$5<=$DG22,INDEX($AP22:$BA22,1,_xlfn.XMATCH(DQ$5,$CC22:$CN22)),"na")} -> na | DR22: {=IF(DR$5<=$DG22,INDEX($BC22:$BN22,1,_xlfn.XMATCH(DR$5,$CC22:$CN22)),"na")} -> na | DS22: {=IF(DS$5<=$DH22,INDEX($BP22:$CA22,1,_xlfn.XMATCH(DS$5,$CP22:$DA22)),"na")} -> na | DT22: {=IF(DT$5<=$DG22,INDEX($AC22:$AN22,1,_xlfn.XMATCH(DT$5,$CC22:$CN22)),"na")} -> na | DU22: {=IF(DU$5<=$DG22,INDEX($AP22:$BA22,1,_xlfn.XMATCH(DU$5,$CC22:$CN22)),"na")} -> na | DV22: {=IF(DV$5<=$DG22,INDEX($BC22:$BN22,1,_xlfn.XMATCH(DV$5,$CC22:$CN22)),"na")} -> na | DW22: {=IF(DW$5<=$DH22,INDEX($BP22:$CA22,1,_xlfn.XMATCH(DW$5,$CP22:$DA22)),"na")} -> na | DX22: {=IF(DX$5<=$DG22,INDEX($AC22:$AN22,1,_xlfn.XMATCH(DX$5,$CC22:$CN22)),"na")} -> na | DY22: {=IF(DY$5<=$DG22,INDEX($AP22:$BA22,1,_xlfn.XMATCH(DY$5,$CC22:$CN22)),"na")} -> na | DZ22: {=IF(DZ$5<=$DG22,INDEX($BC22:$BN22,1,_xlfn.XMATCH(DZ$5,$CC22:$CN22)),"na")} -> na | EA22: {=IF(EA$5<=$DH22,INDEX($BP22:$CA22,1,_xlfn.XMATCH(EA$5,$CP22:$DA22)),"na")} -> na | EB22: {=IF(EB$5<=$DG22,INDEX($AC22:$AN22,1,_xlfn.XMATCH(EB$5,$CC22:$CN22)),"na")} -> na | EC22: {=IF(EC$5<=$DG22,INDEX($AP22:$BA22,1,_xlfn.XMATCH(EC$5,$CC22:$CN22)),"na")} -> na | ED22: {=IF(ED$5<=$DG22,INDEX($BC22:$BN22,1,_xlfn.XMATCH(ED$5,$CC22:$CN22)),"na")} -> na | EE22: {=IF(EE$5<=$DH22,INDEX($BP22:$CA22,1,_xlfn.XMATCH(EE$5,$CP22:$DA22)),"na")} -> na | EF22: {=IF(EF$5<=$DG22,INDEX($AC22:$AN22,1,_xlfn.XMATCH(EF$5,$CC22:$CN22)),"na")} -> na | EG22: {=IF(EG$5<=$DG22,INDEX($AP22:$BA22,1,_xlfn.XMATCH(EG$5,$CC22:$CN22)),"na")} -> na | EH22: {=IF(EH$5<=$DG22,INDEX($BC22:$BN22,1,_xlfn.XMATCH(EH$5,$CC22:$CN22)),"na")} -> na | EI22: {=IF(EI$5<=$DH22,INDEX($BP22:$CA22,1,_xlfn.XMATCH(EI$5,$CP22:$DA22)),"na")} -> na | EJ22: {=IF(EJ$5<=$DG22,INDEX($AC22:$AN22,1,_xlfn.XMATCH(EJ$5,$CC22:$CN22)),"na")} -> na | EK22: {=IF(EK$5<=$DG22,INDEX($AP22:$BA22,1,_xlfn.XMATCH(EK$5,$CC22:$CN22)),"na")} -> na | EL22: {=IF(EL$5<=$DG22,INDEX($BC22:$BN22,1,_xlfn.XMATCH(EL$5,$CC22:$CN22)),"na")} -> na | EM22: {=IF(EM$5<=$DH22,INDEX($BP22:$CA22,1,_xlfn.XMATCH(EM$5,$CP22:$DA22)),"na")} -> na | EN22: {=IF(EN$5<=$DG22,INDEX($AC22:$AN22,1,_xlfn.XMATCH(EN$5,$CC22:$CN22)),"na")} -> na | EO22: {=IF(EO$5<=$DG22,INDEX($AP22:$BA22,1,_xlfn.XMATCH(EO$5,$CC22:$CN22)),"na")} -> na | EP22: {=IF(EP$5<=$DG22,INDEX($BC22:$BN22,1,_xlfn.XMATCH(EP$5,$CC22:$CN22)),"na")} -> na | EQ22: {=IF(EQ$5<=$DH22,INDEX($BP22:$CA22,1,_xlfn.XMATCH(EQ$5,$CP22:$DA22)),"na")} -> na | ER22: {=IF(ER$5<=$DG22,INDEX($AC22:$AN22,1,_xlfn.XMATCH(ER$5,$CC22:$CN22)),"na")} -> na | ES22: {=IF(ES$5<=$DG22,INDEX($AP22:$BA22,1,_xlfn.XMATCH(ES$5,$CC22:$CN22)),"na")} -> na | ET22: {=IF(ET$5<=$DG22,INDEX($BC22:$BN22,1,_xlfn.XMATCH(ET$5,$CC22:$CN22)),"na")} -> na | EU22: {=IF(EU$5<=$DH22,INDEX($BP22:$CA22,1,_xlfn.XMATCH(EU$5,$CP22:$DA22)),"na")} -> na | EV22: {=IF(EV$5<=$DG22,INDEX($AC22:$AN22,1,_xlfn.XMATCH(EV$5,$CC22:$CN22)),"na")} -> na | EW22: {=IF(EW$5<=$DG22,INDEX($AP22:$BA22,1,_xlfn.XMATCH(EW$5,$CC22:$CN22)),"na")} -> na | EX22: {=IF(EX$5<=$DG22,INDEX($BC22:$BN22,1,_xlfn.XMATCH(EX$5,$CC22:$CN22)),"na")} -> na | EY22: {=IF(EY$5<=$DH22,INDEX($BP22:$CA22,1,_xlfn.XMATCH(EY$5,$CP22:$DA22)),"na")} -> na | EZ22: {=IF(EZ$5<=$DG22,INDEX($AC22:$AN22,1,_xlfn.XMATCH(EZ$5,$CC22:$CN22)),"na")} -> na | FA22: {=IF(FA$5<=$DG22,INDEX($AP22:$BA22,1,_xlfn.XMATCH(FA$5,$CC22:$CN22)),"na")} -> na | FB22: {=IF(FB$5<=$DG22,INDEX($BC22:$BN22,1,_xlfn.XMATCH(FB$5,$CC22:$CN22)),"na")} -> na | FC22: {=IF(FC$5<=$DH22,INDEX($BP22:$CA22,1,_xlfn.XMATCH(FC$5,$CP22:$DA22)),"na")} -> na | FD22: {=IF(FD$5<=$DG22,INDEX($AC22:$AN22,1,_xlfn.XMATCH(FD$5,$CC22:$CN22)),"na")} -> na | FE22: {=IF(FE$5<=$DG22,INDEX($AP22:$BA22,1,_xlfn.XMATCH(FE$5,$CC22:$CN22)),"na")} -> na
B23: 200 Asbury Solomons | C23: 11532 | D23: 10416 | E23: 11532 | F23: 11160 | G23: 11532 | H23: 11160 | I23: 11532 | J23: 11532 | K23: 11160 | L23: 11532 | M23: 11160 | N23: 11532 | P23: 10819 | Q23: 9772 | R23: 10819 | S23: 10470 | T23: 10819 | U23: 10470 | V23: 10819 | W23: 10819 | X23: 10470 | Y23: 10819 | Z23: 10470 | AA23: 10819 | AC23: =C23/_xlfn.XLOOKUP(AC$5,'OC-Days'!$G:$G,'OC-Days'!$B:$B) -> 372 | AD23: =D23/_xlfn.XLOOKUP(AD$5,'OC-Days'!$G:$G,'OC-Days'!$B:$B) -> 372 | AE23: =E23/_xlfn.XLOOKUP(AE$5,'OC-Days'!$G:$G,'OC-Days'!$B:$B) -> 372 | AF23: =F23/_xlfn.XLOOKUP(AF$5,'OC-Days'!$G:$G,'OC-Days'!$B:$B) -> 372 | AG23: =G23/_xlfn.XLOOKUP(AG$5,'OC-Days'!$G:$G,'OC-Days'!$B:$B) -> 372 | AH23: =H23/_xlfn.XLOOKUP(AH$5,'OC-Days'!$G:$G,'OC-Days'!$B:$B) -> 372 | AI23: =I23/_xlfn.XLOOKUP(AI$5,'OC-Days'!$G:$G,'OC-Days'!$B:$B) -> 372 | AJ23: =J23/_xlfn.XLOOKUP(AJ$5,'OC-Days'!$G:$G,'OC-Days'!$B:$B) -> 372 | ... AN23: =N23/_xlfn.XLOOKUP(AN$5,'OC-Days'!$G:$G,'OC-Days'!$B:$B) -> 372 | AP23: =P23/_xlfn.XLOOKUP(AP$5,'OC-Days'!$G:$G,'OC-Days'!$B:$B) -> 349 | AQ23: =Q23/_xlfn.XLOOKUP(AQ$5,'OC-Days'!$G:$G,'OC-Days'!$B:$B) -> 349 | AR23: =R23/_xlfn.XLOOKUP(AR$5,'OC-Days'!$G:$G,'OC-Days'!$B:$B) -> 349 | AS23: =S23/_xlfn.XLOOKUP(AS$5,'OC-Days'!$G:$G,'OC-Days'!$B:$B) -> 349 | AT23: =T23/_xlfn.XLOOKUP(AT$5,'OC-Days'!$G:$G,'OC-Days'!$B:$B) -> 349 | AU23: =U23/_xlfn.XLOOKUP(AU$5,'OC-Days'!$G:$G,'OC-Days'!$B:$B) -> 349 | AV23: =V23/_xlfn.XLOOKUP(AV$5,'OC-Days'!$G:$G,'OC-Days'!$B:$B) -> 349 | AW23: =W23/_xlfn.XLOOKUP(AW$5,'OC-Days'!$G:$G,'OC-Days'!$B:$B) -> 349 | ... BA23: =AA23/_xlfn.XLOOKUP(BA$5,'OC-Days'!$G:$G,'OC-Days'!$B:$B) -> 349 | BC23: =_xlfn.XLOOKUP(BC$5,'OC-Days'!$G:$G,'OC-Days'!$F:$F) -> 45658 | BD23: =IF(AQ23=AP23,"na",_xlfn.XLOOKUP(BD$5,'OC-Days'!$G:$G,'OC-Days'!$F:$F)) -> na | BE23: =IF(AR23=AQ23,"na",_xlfn.XLOOKUP(BE$5,'OC-Days'!$G:$G,'OC-Days'!$F:$F)) -> na | BF23: =IF(AS23=AR23,"na",_xlfn.XLOOKUP(BF$5,'OC-Days'!$G:$G,'OC-Days'!$F:$F)) -> na | BG23: =IF(AT23=AS23,"na",_xlfn.XLOOKUP(BG$5,'OC-Days'!$G:$G,'OC-Days'!$F:$F)) -> na | BH23: =IF(AU23=AT23,"na",_xlfn.XLOOKUP(BH$5,'OC-Days'!$G:$G,'OC-Days'!$F:$F)) -> na | BI23: =IF(AV23=AU23,"na",_xlfn.XLOOKUP(BI$5,'OC-Days'!$G:$G,'OC-Days'!$F:$F)) -> na | BJ23: =IF(AW23=AV23,"na",_xlfn.XLOOKUP(BJ$5,'OC-Days'!$G:$G,'OC-Days'!$F:$F)) -> na | BK23: =IF(AX23=AW23,"na",_xlfn.XLOOKUP(BK$5,'OC-Days'!$G:$G,'OC-Days'!$F:$F)) -> na | ... BN23: =IF(BA23=AZ23,"na",_xlfn.XLOOKUP(BN$5,'OC-Days'!$G:$G,'OC-Days'!$F:$F)) -> na | BP23: =IF(BD23="na",BD23,BD23-1) -> na | BQ23: =IF(BE23="na",BE23,BE23-1) -> na | BR23: =IF(BF23="na",BF23,BF23-1) -> na | BS23: =IF(BG23="na",BG23,BG23-1) -> na | BT23: =IF(BH23="na",BH23,BH23-1) -> na | BU23: =IF(BI23="na",BI23,BI23-1) -> na | BV23: =IF(BJ23="na",BJ23,BJ23-1) -> na | BW23: =IF(BK23="na",BK23,BK23-1) -> na | ... BZ23: =IF(BN23="na",BN23,BN23-1) -> na | CA23: =DATE(VALUE(RIGHT($CA$5,4)),12,31) -> 46022 | CC23: =COUNT($BC23:BC23) -> 1 | CD23: =COUNT($BC23:BD23) -> 1 | CE23: =COUNT($BC23:BE23) -> 1 | CF23: =COUNT($BC23:BF23) -> 1 | CG23: =COUNT($BC23:BG23) -> 1 | CH23: =COUNT($BC23:BH23) -> 1 | CI23: =COUNT($BC23:BI23) -> 1 | CJ23: =COUNT($BC23:BJ23) -> 1 | ... CN23: =COUNT($BC23:BN23) -> 1 | CP23: =COUNT($BP23:BP23) -> 0 | CQ23: =COUNT($BP23:BQ23) -> 0 | CR23: =COUNT($BP23:BR23) -> 0 | CS23: =COUNT($BP23:BS23) -> 0 | CT23: =COUNT($BP23:BT23) -> 0 | CU23: =COUNT($BP23:BU23) -> 0 | CV23: =COUNT($BP23:BV23) -> 0 | CW23: =COUNT($BP23:BW23) -> 0 | ... DA23: =COUNT($BP23:CA23) -> 1 | DC23: =IF(ISNUMBER(VALUE(LEFT(B23,3))),VALUE(LEFT(B23,3)),"Entity") -> 200 | DD23: =IF(ISNUMBER(VALUE(MID(B23,5,2))),VALUE(MID(B23,5,2)),"Rollup") -> Rollup | DE23: =DC23&"-"&DD23 -> 200-Rollup | DG23: =COUNT(BC23:BN23) -> 1 | DH23: =COUNT(BP23:CA23) -> 1
B24: 324-21 Villas/Cottages | C24: 1116 | D24: 1008 | E24: 1116 | F24: 1080 | G24: 1116 | H24: 1080 | I24: 1116 | J24: 1116 | K24: 1080 | L24: 1116 | M24: 1080 | N24: 1116 | P24: 1085 | Q24: 980 | R24: 1085 | S24: 1050 | T24: 1085 | U24: 1050 | V24: 1085 | W24: 1085 | X24: 1050 | Y24: 1085 | Z24: 1050 | AA24: 1085 | AC24: =C24/_xlfn.XLOOKUP(AC$5,'OC-Days'!$G:$G,'OC-Days'!$B:$B) -> 36 | AD24: =D24/_xlfn.XLOOKUP(AD$5,'OC-Days'!$G:$G,'OC-Days'!$B:$B) -> 36 | AE24: =E24/_xlfn.XLOOKUP(AE$5,'OC-Days'!$G:$G,'OC-Days'!$B:$B) -> 36 | AF24: =F24/_xlfn.XLOOKUP(AF$5,'OC-Days'!$G:$G,'OC-Days'!$B:$B) -> 36 | AG24: =G24/_xlfn.XLOOKUP(AG$5,'OC-Days'!$G:$G,'OC-Days'!$B:$B) -> 36 | AH24: =H24/_xlfn.XLOOKUP(AH$5,'OC-Days'!$G:$G,'OC-Days'!$B:$B) -> 36 | AI24: =I24/_xlfn.XLOOKUP(AI$5,'OC-Days'!$G:$G,'OC-Days'!$B:$B) -> 36 | AJ24: =J24/_xlfn.XLOOKUP(AJ$5,'OC-Days'!$G:$G,'OC-Days'!$B:$B) -> 36 | ... AN24: =N24/_xlfn.XLOOKUP(AN$5,'OC-Days'!$G:$G,'OC-Days'!$B:$B) -> 36 | AP24: =P24/_xlfn.XLOOKUP(AP$5,'OC-Days'!$G:$G,'OC-Days'!$B:$B) -> 35 | AQ24: =Q24/_xlfn.XLOOKUP(AQ$5,'OC-Days'!$G:$G,'OC-Days'!$B:$B) -> 35 | AR24: =R24/_xlfn.XLOOKUP(AR$5,'OC-Days'!$G:$G,'OC-Days'!$B:$B) -> 35 | AS24: =S24/_xlfn.XLOOKUP(AS$5,'OC-Days'!$G:$G,'OC-Days'!$B:$B) -> 35 | AT24: =T24/_xlfn.XLOOKUP(AT$5,'OC-Days'!$G:$G,'OC-Days'!$B:$B) -> 35 | AU24: =U24/_xlfn.XLOOKUP(AU$5,'OC-Days'!$G:$G,'OC-Days'!$B:$B) -> 35 | AV24: =V24/_xlfn.XLOOKUP(AV$5,'OC-Days'!$G:$G,'OC-Days'!$B:$B) -> 35 | AW24: =W24/_xlfn.XLOOKUP(AW$5,'OC-Days'!$G:$G,'OC-Days'!$B:$B) -> 35 | ... BA24: =AA24/_xlfn.XLOOKUP(BA$5,'OC-Days'!$G:$G,'OC-Days'!$B:$B) -> 35 | BC24: =_xlfn.XLOOKUP(BC$5,'OC-Days'!$G:$G,'OC-Days'!$F:$F) -> 45658 | BD24: =IF(AQ24=AP24,"na",_xlfn.XLOOKUP(BD$5,'OC-Days'!$G:$G,'OC-Days'!$F:$F)) -> na | BE24: =IF(AR24=AQ24,"na",_xlfn.XLOOKUP(BE$5,'OC-Days'!$G:$G,'OC-Days'!$F:$F)) -> na | BF24: =IF(AS24=AR24,"na",_xlfn.XLOOKUP(BF$5,'OC-Days'!$G:$G,'OC-Days'!$F:$F)) -> na | BG24: =IF(AT24=AS24,"na",_xlfn.XLOOKUP(BG$5,'OC-Days'!$G:$G,'OC-Days'!$F:$F)) -> na | BH24: =IF(AU24=AT24,"na",_xlfn.XLOOKUP(BH$5,'OC-Days'!$G:$G,'OC-Days'!$F:$F)) -> na | BI24: =IF(AV24=AU24,"na",_xlfn.XLOOKUP(BI$5,'OC-Days'!$G:$G,'OC-Days'!$F:$F)) -> na | BJ24: =IF(AW24=AV24,"na",_xlfn.XLOOKUP(BJ$5,'OC-Days'!$G:$G,'OC-Days'!$F:$F)) -> na | BK24: =IF(AX24=AW24,"na",_xlfn.XLOOKUP(BK$5,'OC-Days'!$G:$G,'OC-Days'!$F:$F)) -> na | ... BN24: =IF(BA24=AZ24,"na",_xlfn.XLOOKUP(BN$5,'OC-Days'!$G:$G,'OC-Days'!$F:$F)) -> na | BP24: =IF(BD24="na",BD24,BD24-1) -> na | BQ24: =IF(BE24="na",BE24,BE24-1) -> na | BR24: =IF(BF24="na",BF24,BF24-1) -> na | BS24: =IF(BG24="na",BG24,BG24-1) -> na | BT24: =IF(BH24="na",BH24,BH24-1) -> na | BU24: =IF(BI24="na",BI24,BI24-1) -> na | BV24: =IF(BJ24="na",BJ24,BJ24-1) -> na | BW24: =IF(BK24="na",BK24,BK24-1) -> na | ... BZ24: =IF(BN24="na",BN24,BN24-1) -> na | CA24: =DATE(VALUE(RIGHT($CA$5,4)),12,31) -> 46022 | CC24: =COUNT($BC24:BC24) -> 1 | CD24: =COUNT($BC24:BD24) -> 1 | CE24: =COUNT($BC24:BE24) -> 1 | CF24: =COUNT($BC24:BF24) -> 1 | CG24: =COUNT($BC24:BG24) -> 1 | CH24: =COUNT($BC24:BH24) -> 1 | CI24: =COUNT($BC24:BI24) -> 1 | CJ24: =COUNT($BC24:BJ24) -> 1 | ... CN24: =COUNT($BC24:BN24) -> 1 | CP24: =COUNT($BP24:BP24) -> 0 | CQ24: =COUNT($BP24:BQ24) -> 0 | CR24: =COUNT($BP24:BR24) -> 0 | CS24: =COUNT($BP24:BS24) -> 0 | CT24: =COUNT($BP24:BT24) -> 0 | CU24: =COUNT($BP24:BU24) -> 0 | CV24: =COUNT($BP24:BV24) -> 0 | CW24: =COUNT($BP24:BW24) -> 0 | ... DA24: =COUNT($BP24:CA24) -> 1 | DC24: =IF(ISNUMBER(VALUE(LEFT(B24,3))),VALUE(LEFT(B24,3)),"Entity") -> 324 | DD24: =IF(ISNUMBER(VALUE(MID(B24,5,2))),VALUE(MID(B24,5,2)),"Rollup") -> 21 | DE24: =DC24&"-"&DD24 -> 324-21 | DG24: =COUNT(BC24:BN24) -> 1 | DH24: =COUNT(BP24:CA24) -> 1 | DJ24: {=IF(DJ$5<=$DG24,INDEX($BC24:$BN24,1,_xlfn.XMATCH(DJ$5,$CC24:$CN24)),"na")} -> 45658 | DK24: {=IF(DK$5<=$DH24,INDEX($BP24:$CA24,1,_xlfn.XMATCH(DK$5,$CP24:$DA24)),"na")} -> 46022 | DL24: {=IF(DL$5<=$DG24,INDEX($AC24:$AN24,1,_xlfn.XMATCH(DL$5,$CC24:$CN24)),"na")} -> 36 | DM24: {=IF(DM$5<=$DG24,INDEX($AP24:$BA24,1,_xlfn.XMATCH(DM$5,$CC24:$CN24)),"na")} -> 35 | DN24: {=IF(DN$5<=$DG24,INDEX($BC24:$BN24,1,_xlfn.XMATCH(DN$5,$CC24:$CN24)),"na")} -> na | DO24: {=IF(DO$5<=$DH24,INDEX($BP24:$CA24,1,_xlfn.XMATCH(DO$5,$CP24:$DA24)),"na")} -> na | DP24: {=IF(DP$5<=$DG24,INDEX($AC24:$AN24,1,_xlfn.XMATCH(DP$5,$CC24:$CN24)),"na")} -> na | DQ24: {=IF(DQ$5<=$DG24,INDEX($AP24:$BA24,1,_xlfn.XMATCH(DQ$5,$CC24:$CN24)),"na")} -> na | DR24: {=IF(DR$5<=$DG24,INDEX($BC24:$BN24,1,_xlfn.XMATCH(DR$5,$CC24:$CN24)),"na")} -> na | DS24: {=IF(DS$5<=$DH24,INDEX($BP24:$CA24,1,_xlfn.XMATCH(DS$5,$CP24:$DA24)),"na")} -> na | DT24: {=IF(DT$5<=$DG24,INDEX($AC24:$AN24,1,_xlfn.XMATCH(DT$5,$CC24:$CN24)),"na")} -> na | DU24: {=IF(DU$5<=$DG24,INDEX($AP24:$BA24,1,_xlfn.XMATCH(DU$5,$CC24:$CN24)),"na")} -> na | DV24: {=IF(DV$5<=$DG24,INDEX($BC24:$BN24,1,_xlfn.XMATCH(DV$5,$CC24:$CN24)),"na")} -> na | DW24: {=IF(DW$5<=$DH24,INDEX($BP24:$CA24,1,_xlfn.XMATCH(DW$5,$CP24:$DA24)),"na")} -> na | DX24: {=IF(DX$5<=$DG24,INDEX($AC24:$AN24,1,_xlfn.XMATCH(DX$5,$CC24:$CN24)),"na")} -> na | DY24: {=IF(DY$5<=$DG24,INDEX($AP24:$BA24,1,_xlfn.XMATCH(DY$5,$CC24:$CN24)),"na")} -> na | DZ24: {=IF(DZ$5<=$DG24,INDEX($BC24:$BN24,1,_xlfn.XMATCH(DZ$5,$CC24:$CN24)),"na")} -> na | EA24: {=IF(EA$5<=$DH24,INDEX($BP24:$CA24,1,_xlfn.XMATCH(EA$5,$CP24:$DA24)),"na")} -> na | EB24: {=IF(EB$5<=$DG24,INDEX($AC24:$AN24,1,_xlfn.XMATCH(EB$5,$CC24:$CN24)),"na")} -> na | EC24: {=IF(EC$5<=$DG24,INDEX($AP24:$BA24,1,_xlfn.XMATCH(EC$5,$CC24:$CN24)),"na")} -> na | ED24: {=IF(ED$5<=$DG24,INDEX($BC24:$BN24,1,_xlfn.XMATCH(ED$5,$CC24:$CN24)),"na")} -> na | EE24: {=IF(EE$5<=$DH24,INDEX($BP24:$CA24,1,_xlfn.XMATCH(EE$5,$CP24:$DA24)),"na")} -> na | EF24: {=IF(EF$5<=$DG24,INDEX($AC24:$AN24,1,_xlfn.XMATCH(EF$5,$CC24:$CN24)),"na")} -> na | EG24: {=IF(EG$5<=$DG24,INDEX($AP24:$BA24,1,_xlfn.XMATCH(EG$5,$CC24:$CN24)),"na")} -> na | EH24: {=IF(EH$5<=$DG24,INDEX($BC24:$BN24,1,_xlfn.XMATCH(EH$5,$CC24:$CN24)),"na")} -> na | EI24: {=IF(EI$5<=$DH24,INDEX($BP24:$CA24,1,_xlfn.XMATCH(EI$5,$CP24:$DA24)),"na")} -> na | EJ24: {=IF(EJ$5<=$DG24,INDEX($AC24:$AN24,1,_xlfn.XMATCH(EJ$5,$CC24:$CN24)),"na")} -> na | EK24: {=IF(EK$5<=$DG24,INDEX($AP24:$BA24,1,_xlfn.XMATCH(EK$5,$CC24:$CN24)),"na")} -> na | EL24: {=IF(EL$5<=$DG24,INDEX($BC24:$BN24,1,_xlfn.XMATCH(EL$5,$CC24:$CN24)),"na")} -> na | EM24: {=IF(EM$5<=$DH24,INDEX($BP24:$CA24,1,_xlfn.XMATCH(EM$5,$CP24:$DA24)),"na")} -> na | EN24: {=IF(EN$5<=$DG24,INDEX($AC24:$AN24,1,_xlfn.XMATCH(EN$5,$CC24:$CN24)),"na")} -> na | EO24: {=IF(EO$5<=$DG24,INDEX($AP24:$BA24,1,_xlfn.XMATCH(EO$5,$CC24:$CN24)),"na")} -> na | EP24: {=IF(EP$5<=$DG24,INDEX($BC24:$BN24,1,_xlfn.XMATCH(EP$5,$CC24:$CN24)),"na")} -> na | EQ24: {=IF(EQ$5<=$DH24,INDEX($BP24:$CA24,1,_xlfn.XMATCH(EQ$5,$CP24:$DA24)),"na")} -> na | ER24: {=IF(ER$5<=$DG24,INDEX($AC24:$AN24,1,_xlfn.XMATCH(ER$5,$CC24:$CN24)),"na")} -> na | ES24: {=IF(ES$5<=$DG24,INDEX($AP24:$BA24,1,_xlfn.XMATCH(ES$5,$CC24:$CN24)),"na")} -> na | ET24: {=IF(ET$5<=$DG24,INDEX($BC24:$BN24,1,_xlfn.XMATCH(ET$5,$CC24:$CN24)),"na")} -> na | EU24: {=IF(EU$5<=$DH24,INDEX($BP24:$CA24,1,_xlfn.XMATCH(EU$5,$CP24:$DA24)),"na")} -> na | EV24: {=IF(EV$5<=$DG24,INDEX($AC24:$AN24,1,_xlfn.XMATCH(EV$5,$CC24:$CN24)),"na")} -> na | EW24: {=IF(EW$5<=$DG24,INDEX($AP24:$BA24,1,_xlfn.XMATCH(EW$5,$CC24:$CN24)),"na")} -> na | EX24: {=IF(EX$5<=$DG24,INDEX($BC24:$BN24,1,_xlfn.XMATCH(EX$5,$CC24:$CN24)),"na")} -> na | EY24: {=IF(EY$5<=$DH24,INDEX($BP24:$CA24,1,_xlfn.XMATCH(EY$5,$CP24:$DA24)),"na")} -> na | EZ24: {=IF(EZ$5<=$DG24,INDEX($AC24:$AN24,1,_xlfn.XMATCH(EZ$5,$CC24:$CN24)),"na")} -> na | FA24: {=IF(FA$5<=$DG24,INDEX($AP24:$BA24,1,_xlfn.XMATCH(FA$5,$CC24:$CN24)),"na")} -> na | FB24: {=IF(FB$5<=$DG24,INDEX($BC24:$BN24,1,_xlfn.XMATCH(FB$5,$CC24:$CN24)),"na")} -> na | FC24: {=IF(FC$5<=$DH24,INDEX($BP24:$CA24,1,_xlfn.XMATCH(FC$5,$CP24:$DA24)),"na")} -> na | FD24: {=IF(FD$5<=$DG24,INDEX($AC24:$AN24,1,_xlfn.XMATCH(FD$5,$CC24:$CN24)),"na")} -> na | FE24: {=IF(FE$5<=$DG24,INDEX($AP24:$BA24,1,_xlfn.XMATCH(FE$5,$CC24:$CN24)),"na")} -> na
B25: 324-31 Apartment A (AMV=Trott, BV=Center, All others) | C25: 3813 | D25: 3444 | E25: 3813 | F25: 3690 | G25: 3813 | H25: 3690 | I25: 3813 | J25: 3813 | K25: 3690 | L25: 3813 | M25: 3690 | N25: 3813 | P25: 3503 | Q25: 3164 | R25: 3503 | S25: 3390 | T25: 3503 | U25: 3390 | V25: 3503 | W25: 3503 | X25: 3390 | Y25: 3503 | Z25: 3390 | AA25: 3503 | AC25: =C25/_xlfn.XLOOKUP(AC$5,'OC-Days'!$G:$G,'OC-Days'!$B:$B) -> 123 | AD25: =D25/_xlfn.XLOOKUP(AD$5,'OC-Days'!$G:$G,'OC-Days'!$B:$B) -> 123 | AE25: =E25/_xlfn.XLOOKUP(AE$5,'OC-Days'!$G:$G,'OC-Days'!$B:$B) -> 123 | AF25: =F25/_xlfn.XLOOKUP(AF$5,'OC-Days'!$G:$G,'OC-Days'!$B:$B) -> 123 | AG25: =G25/_xlfn.XLOOKUP(AG$5,'OC-Days'!$G:$G,'OC-Days'!$B:$B) -> 123 | AH25: =H25/_xlfn.XLOOKUP(AH$5,'OC-Days'!$G:$G,'OC-Days'!$B:$B) -> 123 | AI25: =I25/_xlfn.XLOOKUP(AI$5,'OC-Days'!$G:$G,'OC-Days'!$B:$B) -> 123 | AJ25: =J25/_xlfn.XLOOKUP(AJ$5,'OC-Days'!$G:$G,'OC-Days'!$B:$B) -> 123 | ... AN25: =N25/_xlfn.XLOOKUP(AN$5,'OC-Days'!$G:$G,'OC-Days'!$B:$B) -> 123 | AP25: =P25/_xlfn.XLOOKUP(AP$5,'OC-Days'!$G:$G,'OC-Days'!$B:$B) -> 113 | AQ25: =Q25/_xlfn.XLOOKUP(AQ$5,'OC-Days'!$G:$G,'OC-Days'!$B:$B) -> 113 | AR25: =R25/_xlfn.XLOOKUP(AR$5,'OC-Days'!$G:$G,'OC-Days'!$B:$B) -> 113 | AS25: =S25/_xlfn.XLOOKUP(AS$5,'OC-Days'!$G:$G,'OC-Days'!$B:$B) -> 113 | AT25: =T25/_xlfn.XLOOKUP(AT$5,'OC-Days'!$G:$G,'OC-Days'!$B:$B) -> 113 | AU25: =U25/_xlfn.XLOOKUP(AU$5,'OC-Days'!$G:$G,'OC-Days'!$B:$B) -> 113 | AV25: =V25/_xlfn.XLOOKUP(AV$5,'OC-Days'!$G:$G,'OC-Days'!$B:$B) -> 113 | AW25: =W25/_xlfn.XLOOKUP(AW$5,'OC-Days'!$G:$G,'OC-Days'!$B:$B) -> 113 | ... BA25: =AA25/_xlfn.XLOOKUP(BA$5,'OC-Days'!$G:$G,'OC-Days'!$B:$B) -> 113 | BC25: =_xlfn.XLOOKUP(BC$5,'OC-Days'!$G:$G,'OC-Days'!$F:$F) -> 45658 | BD25: =IF(AQ25=AP25,"na",_xlfn.XLOOKUP(BD$5,'OC-Days'!$G:$G,'OC-Days'!$F:$F)) -> na | BE25: =IF(AR25=AQ25,"na",_xlfn.XLOOKUP(BE$5,'OC-Days'!$G:$G,'OC-Days'!$F:$F)) -> na | BF25: =IF(AS25=AR25,"na",_xlfn.XLOOKUP(BF$5,'OC-Days'!$G:$G,'OC-Days'!$F:$F)) -> na | BG25: =IF(AT25=AS25,"na",_xlfn.XLOOKUP(BG$5,'OC-Days'!$G:$G,'OC-Days'!$F:$F)) -> na | BH25: =IF(AU25=AT25,"na",_xlfn.XLOOKUP(BH$5,'OC-Days'!$G:$G,'OC-Days'!$F:$F)) -> na | BI25: =IF(AV25=AU25,"na",_xlfn.XLOOKUP(BI$5,'OC-Days'!$G:$G,'OC-Days'!$F:$F)) -> na | BJ25: =IF(AW25=AV25,"na",_xlfn.XLOOKUP(BJ$5,'OC-Days'!$G:$G,'OC-Days'!$F:$F)) -> na | BK25: =IF(AX25=AW25,"na",_xlfn.XLOOKUP(BK$5,'OC-Days'!$G:$G,'OC-Days'!$F:$F)) -> na | ... BN25: =IF(BA25=AZ25,"na",_xlfn.XLOOKUP(BN$5,'OC-Days'!$G:$G,'OC-Days'!$F:$F)) -> na | BP25: =IF(BD25="na",BD25,BD25-1) -> na | BQ25: =IF(BE25="na",BE25,BE25-1) -> na | BR25: =IF(BF25="na",BF25,BF25-1) -> na | BS25: =IF(BG25="na",BG25,BG25-1) -> na | BT25: =IF(BH25="na",BH25,BH25-1) -> na | BU25: =IF(BI25="na",BI25,BI25-1) -> na | BV25: =IF(BJ25="na",BJ25,BJ25-1) -> na | BW25: =IF(BK25="na",BK25,BK25-1) -> na | ... BZ25: =IF(BN25="na",BN25,BN25-1) -> na | CA25: =DATE(VALUE(RIGHT($CA$5,4)),12,31) -> 46022 | CC25: =COUNT($BC25:BC25) -> 1 | CD25: =COUNT($BC25:BD25) -> 1 | CE25: =COUNT($BC25:BE25) -> 1 | CF25: =COUNT($BC25:BF25) -> 1 | CG25: =COUNT($BC25:BG25) -> 1 | CH25: =COUNT($BC25:BH25) -> 1 | CI25: =COUNT($BC25:BI25) -> 1 | CJ25: =COUNT($BC25:BJ25) -> 1 | ... CN25: =COUNT($BC25:BN25) -> 1 | CP25: =COUNT($BP25:BP25) -> 0 | CQ25: =COUNT($BP25:BQ25) -> 0 | CR25: =COUNT($BP25:BR25) -> 0 | CS25: =COUNT($BP25:BS25) -> 0 | CT25: =COUNT($BP25:BT25) -> 0 | CU25: =COUNT($BP25:BU25) -> 0 | CV25: =COUNT($BP25:BV25) -> 0 | CW25: =COUNT($BP25:BW25) -> 0 | ... DA25: =COUNT($BP25:CA25) -> 1 | DC25: =IF(ISNUMBER(VALUE(LEFT(B25,3))),VALUE(LEFT(B25,3)),"Entity") -> 324 | DD25: =IF(ISNUMBER(VALUE(MID(B25,5,2))),VALUE(MID(B25,5,2)),"Rollup") -> 31 | DE25: =DC25&"-"&DD25 -> 324-31 | DG25: =COUNT(BC25:BN25) -> 1 | DH25: =COUNT(BP25:CA25) -> 1 | DJ25: {=IF(DJ$5<=$DG25,INDEX($BC25:$BN25,1,_xlfn.XMATCH(DJ$5,$CC25:$CN25)),"na")} -> 45658 | DK25: {=IF(DK$5<=$DH25,INDEX($BP25:$CA25,1,_xlfn.XMATCH(DK$5,$CP25:$DA25)),"na")} -> 46022 | DL25: {=IF(DL$5<=$DG25,INDEX($AC25:$AN25,1,_xlfn.XMATCH(DL$5,$CC25:$CN25)),"na")} -> 123 | DM25: {=IF(DM$5<=$DG25,INDEX($AP25:$BA25,1,_xlfn.XMATCH(DM$5,$CC25:$CN25)),"na")} -> 113 | DN25: {=IF(DN$5<=$DG25,INDEX($BC25:$BN25,1,_xlfn.XMATCH(DN$5,$CC25:$CN25)),"na")} -> na | DO25: {=IF(DO$5<=$DH25,INDEX($BP25:$CA25,1,_xlfn.XMATCH(DO$5,$CP25:$DA25)),"na")} -> na | DP25: {=IF(DP$5<=$DG25,INDEX($AC25:$AN25,1,_xlfn.XMATCH(DP$5,$CC25:$CN25)),"na")} -> na | DQ25: {=IF(DQ$5<=$DG25,INDEX($AP25:$BA25,1,_xlfn.XMATCH(DQ$5,$CC25:$CN25)),"na")} -> na | DR25: {=IF(DR$5<=$DG25,INDEX($BC25:$BN25,1,_xlfn.XMATCH(DR$5,$CC25:$CN25)),"na")} -> na | DS25: {=IF(DS$5<=$DH25,INDEX($BP25:$CA25,1,_xlfn.XMATCH(DS$5,$CP25:$DA25)),"na")} -> na | DT25: {=IF(DT$5<=$DG25,INDEX($AC25:$AN25,1,_xlfn.XMATCH(DT$5,$CC25:$CN25)),"na")} -> na | DU25: {=IF(DU$5<=$DG25,INDEX($AP25:$BA25,1,_xlfn.XMATCH(DU$5,$CC25:$CN25)),"na")} -> na | DV25: {=IF(DV$5<=$DG25,INDEX($BC25:$BN25,1,_xlfn.XMATCH(DV$5,$CC25:$CN25)),"na")} -> na | DW25: {=IF(DW$5<=$DH25,INDEX($BP25:$CA25,1,_xlfn.XMATCH(DW$5,$CP25:$DA25)),"na")} -> na | DX25: {=IF(DX$5<=$DG25,INDEX($AC25:$AN25,1,_xlfn.XMATCH(DX$5,$CC25:$CN25)),"na")} -> na | DY25: {=IF(DY$5<=$DG25,INDEX($AP25:$BA25,1,_xlfn.XMATCH(DY$5,$CC25:$CN25)),"na")} -> na | DZ25: {=IF(DZ$5<=$DG25,INDEX($BC25:$BN25,1,_xlfn.XMATCH(DZ$5,$CC25:$CN25)),"na")} -> na | EA25: {=IF(EA$5<=$DH25,INDEX($BP25:$CA25,1,_xlfn.XMATCH(EA$5,$CP25:$DA25)),"na")} -> na | EB25: {=IF(EB$5<=$DG25,INDEX($AC25:$AN25,1,_xlfn.XMATCH(EB$5,$CC25:$CN25)),"na")} -> na | EC25: {=IF(EC$5<=$DG25,INDEX($AP25:$BA25,1,_xlfn.XMATCH(EC$5,$CC25:$CN25)),"na")} -> na | ED25: {=IF(ED$5<=$DG25,INDEX($BC25:$BN25,1,_xlfn.XMATCH(ED$5,$CC25:$CN25)),"na")} -> na | EE25: {=IF(EE$5<=$DH25,INDEX($BP25:$CA25,1,_xlfn.XMATCH(EE$5,$CP25:$DA25)),"na")} -> na | EF25: {=IF(EF$5<=$DG25,INDEX($AC25:$AN25,1,_xlfn.XMATCH(EF$5,$CC25:$CN25)),"na")} -> na | EG25: {=IF(EG$5<=$DG25,INDEX($AP25:$BA25,1,_xlfn.XMATCH(EG$5,$CC25:$CN25)),"na")} -> na | EH25: {=IF(EH$5<=$DG25,INDEX($BC25:$BN25,1,_xlfn.XMATCH(EH$5,$CC25:$CN25)),"na")} -> na | EI25: {=IF(EI$5<=$DH25,INDEX($BP25:$CA25,1,_xlfn.XMATCH(EI$5,$CP25:$DA25)),"na")} -> na | EJ25: {=IF(EJ$5<=$DG25,INDEX($AC25:$AN25,1,_xlfn.XMATCH(EJ$5,$CC25:$CN25)),"na")} -> na | EK25: {=IF(EK$5<=$DG25,INDEX($AP25:$BA25,1,_xlfn.XMATCH(EK$5,$CC25:$CN25)),"na")} -> na | EL25: {=IF(EL$5<=$DG25,INDEX($BC25:$BN25,1,_xlfn.XMATCH(EL$5,$CC25:$CN25)),"na")} -> na | EM25: {=IF(EM$5<=$DH25,INDEX($BP25:$CA25,1,_xlfn.XMATCH(EM$5,$CP25:$DA25)),"na")} -> na | EN25: {=IF(EN$5<=$DG25,INDEX($AC25:$AN25,1,_xlfn.XMATCH(EN$5,$CC25:$CN25)),"na")} -> na | EO25: {=IF(EO$5<=$DG25,INDEX($AP25:$BA25,1,_xlfn.XMATCH(EO$5,$CC25:$CN25)),"na")} -> na | EP25: {=IF(EP$5<=$DG25,INDEX($BC25:$BN25,1,_xlfn.XMATCH(EP$5,$CC25:$CN25)),"na")} -> na | EQ25: {=IF(EQ$5<=$DH25,INDEX($BP25:$CA25,1,_xlfn.XMATCH(EQ$5,$CP25:$DA25)),"na")} -> na | ER25: {=IF(ER$5<=$DG25,INDEX($AC25:$AN25,1,_xlfn.XMATCH(ER$5,$CC25:$CN25)),"na")} -> na | ES25: {=IF(ES$5<=$DG25,INDEX($AP25:$BA25,1,_xlfn.XMATCH(ES$5,$CC25:$CN25)),"na")} -> na | ET25: {=IF(ET$5<=$DG25,INDEX($BC25:$BN25,1,_xlfn.XMATCH(ET$5,$CC25:$CN25)),"na")} -> na | EU25: {=IF(EU$5<=$DH25,INDEX($BP25:$CA25,1,_xlfn.XMATCH(EU$5,$CP25:$DA25)),"na")} -> na | EV25: {=IF(EV$5<=$DG25,INDEX($AC25:$AN25,1,_xlfn.XMATCH(EV$5,$CC25:$CN25)),"na")} -> na | EW25: {=IF(EW$5<=$DG25,INDEX($AP25:$BA25,1,_xlfn.XMATCH(EW$5,$CC25:$CN25)),"na")} -> na | EX25: {=IF(EX$5<=$DG25,INDEX($BC25:$BN25,1,_xlfn.XMATCH(EX$5,$CC25:$CN25)),"na")} -> na | EY25: {=IF(EY$5<=$DH25,INDEX($BP25:$CA25,1,_xlfn.XMATCH(EY$5,$CP25:$DA25)),"na")} -> na | EZ25: {=IF(EZ$5<=$DG25,INDEX($AC25:$AN25,1,_xlfn.XMATCH(EZ$5,$CC25:$CN25)),"na")} -> na | FA25: {=IF(FA$5<=$DG25,INDEX($AP25:$BA25,1,_xlfn.XMATCH(FA$5,$CC25:$CN25)),"na")} -> na | FB25: {=IF(FB$5<=$DG25,INDEX($BC25:$BN25,1,_xlfn.XMATCH(FB$5,$CC25:$CN25)),"na")} -> na | FC25: {=IF(FC$5<=$DH25,INDEX($BP25:$CA25,1,_xlfn.XMATCH(FC$5,$CP25:$DA25)),"na")} -> na | FD25: {=IF(FD$5<=$DG25,INDEX($AC25:$AN25,1,_xlfn.XMATCH(FD$5,$CC25:$CN25)),"na")} -> na | FE25: {=IF(FE$5<=$DG25,INDEX($AP25:$BA25,1,_xlfn.XMATCH(FE$5,$CC25:$CN25)),"na")} -> na
